id,has_file,valid
1000102,False,False
1200019,True,True
1200021,True,True
2800031,False,False
3600057,False,False
5200087,False,False
7200080,False,False
7200179,False,False
7400062,False,False
7600057,False,False
7600125,False,False
7600136,False,False
9000025,False,False
11200070,False,False
11200290,True,True
11200400,True,True
11300120,True,True
11500240,False,False
11500890,False,False
11501310,False,False
11501330,False,False
11510310,True,True
11510700,True,True
11520030,False,False
11520370,False,False
11900140,False,False
13001795,True,True
13001991,False,False
13002460,True,True
13002495,False,False
16000397,False,False
16000435,False,False
16000545,True,True
23500180,True,True
23500220,False,False
23520190,False,False
31200020,False,False
34000005,True,True
34001160,False,False
34001304,True,True
34001540,False,False
37000335,True,True
37000435,False,False
40000235,False,False
40000471,False,False
40000669,False,False
40001065,False,False
41000454,False,False
42000006,False,False
42000065,False,False
42000130,False,False
42000245,False,False
46100204,False,False
46100350,False,False
46100504,False,False
49000051,False,False
49500090,False,False
50300220,False,False
53500020,False,False
53500450,False,False
53500760,False,False
56000095,False,False
59000201,False,False
59000250,False,False
59000445,False,False
59500050,False,False
65000085,False,False
65000210,False,False
65000400,False,False
66000140,False,False
84000105,False,False
84000245,False,False
84000335,False,False
87000006,False,False
88000591,False,False
88000790,False,False
91000135,False,False
91000320,False,False
97600140,False,False
98000130,False,False
98000150,False,False
98000560,False,False
98000740,False,False
98000750,False,False
98000870,False,False
98000950,False,False
98000960,False,False
98000980,False,False
98001000,False,False
98001070,False,False
98020140,False,False
98020220,False,False
98020300,False,False
98020310,False,False
98020350,False,False
98020410,False,False
98020480,False,False
98020630,False,False
98030140,False,False
98030160,False,False
98030400,False,False
98030530,False,False
98030630,False,False
98030660,False,False
98300230,False,False
100300280,True,True
100300530,False,False
100500020,True,True
100600550,False,False
103000116,True,True
103400160,False,False
104501040,False,False
104510340,True,True
104530110,False,False
104530240,True,True
104530490,False,False
104540840,True,True
104550520,True,True
104550540,False,False
104550580,True,True
104550660,True,True
104550740,True,True
104550750,False,False
104560010,True,True
104560280,False,False
104560540,False,False
106000044,False,False
106000320,False,False
109000040,False,False
109200140,False,False
109200390,False,False
109200730,False,False
109210280,False,False
109210460,True,True
110000040,False,False
111000190,True,True
112900110,False,False
114100131,False,False
114100155,False,False
114100297,False,False
114100304,False,False
114100314,False,False
114100354,False,False
114100745,False,False
114100758,False,False
114100791,False,False
114101055,True,True
114101161,False,False
114101500,False,False
114101505,True,True
114101516,False,False
114101540,True,True
114700150,True,True
117000001,False,False
117000003,False,False
120059044,True,True
120069003,False,False
120069059,True,True
121029034,True,True
121039038,False,False
121039042,False,False
121039083,False,False
121039156,False,False
121059147,True,True
122069107,False,False
123000110,False,False
123039128,False,False
123039176,True,True
123039313,False,False
123039333,False,False
123039336,False,False
123039376,False,False
123039420,False,False
123039424,True,True
123039604,False,False
123039626,False,False
123039642,False,False
123059042,False,False
123059046,False,False
123059071,False,False
123059127,True,True
123079023,False,False
124000160,False,False
124069032,False,False
125039021,False,False
125039025,False,False
125059138,False,False
125059178,True,True
125069038,True,True
126039213,False,False
126039256,True,True
126039305,True,True
126039394,True,True
126039413,True,True
126039467,False,False
126039599,True,True
126049100,True,True
126049167,True,True
126049169,True,True
126049217,False,False
126049231,False,False
126059005,True,True
126059018,True,True
126059019,True,True
126059021,False,False
126059097,False,False
126059242,False,False
126059310,False,False
127100005,True,True
128500260,True,True
130000175,False,False
133000070,False,False
133000127,True,True
133000135,False,False
133000271,False,False
136000220,True,True
139000185,False,False
142000165,False,False
142000175,False,False
148000035,True,True
148000072,False,False
148000375,False,False
148000440,False,False
148000450,True,True
148000475,False,False
148000590,False,False
148000680,False,False
148000705,False,False
161000120,True,True
163000010,False,False
164000174,True,True
164000237,True,True
164000261,False,False
164000267,True,True
164000271,False,False
164000361,False,False
170000060,True,True
170000215,False,False
179000100,True,True
179000240,False,False
179000350,False,False
179000505,False,False
179001046,False,False
179001101,False,False
179001425,True,True
179001455,False,False
182000350,True,True
185000118,False,False
191100045,True,True
191100140,False,False
191100250,False,False
191100275,False,False
191100405,False,False
191100410,False,False
191100435,False,False
191100665,False,False
191100672,False,False
191100810,False,False
191100870,False,False
191101015,False,False
192000120,False,False
192300020,True,True
192450180,True,True
192450200,True,True
192450300,False,False
192460060,False,False
192460310,False,False
192600100,False,False
192700080,False,False
193300120,True,True
193300140,False,False
193600200,False,False
194000145,True,True
194000505,False,False
194000565,False,False
200300210,False,False
200350070,False,False
200480020,False,False
200500610,True,True
200500680,False,False
200500700,False,False
200510060,True,True
200520080,False,False
200520120,True,True
200800200,False,False
200800480,True,True
203100435,False,False
203100440,False,False
203100460,True,True
203100625,False,False
203100690,False,False
203100910,False,False
203101065,False,False
203101210,False,False
203101330,False,False
203101370,True,True
203101530,False,False
203400090,True,True
203600140,False,False
203600590,False,False
203600600,False,False
203900380,False,False
203900610,False,False
203900690,True,True
203900920,True,True
204000140,False,False
204000175,True,True
205000010,True,True
205000050,False,False
205000310,True,True
205000410,True,True
205000450,False,False
205000520,True,True
207500012,False,False
207700180,True,True
208500160,False,False
216500040,True,True
217500135,False,False
217700050,False,False
220069083,False,False
220069106,False,False
221029019,False,False
221049191,False,False
222029026,False,False
222069029,False,False
222069057,True,True
222069058,False,False
222069082,True,True
223039229,False,False
223039254,True,True
223039330,False,False
223049087,False,False
224059021,False,False
224059025,False,False
224059111,False,False
224069010,False,False
224069084,False,False
224069094,True,True
224069105,False,False
224069129,False,False
224069134,False,False
224069145,False,False
224069169,False,False
224069195,False,False
225039029,False,False
225039069,False,False
225039145,False,False
225039175,False,False
225039177,False,False
225069013,False,False
225069016,False,False
225069017,True,True
225079036,False,False
226039075,True,True
226039214,True,True
226039270,False,False
226039279,False,False
226039282,True,True
226039316,False,False
226039317,False,False
226059078,False,False
226059103,False,False
226059106,True,True
226059120,True,True
226059121,False,False
226059161,False,False
226109056,False,False
235000075,False,False
236400130,False,False
236400260,False,False
236400320,False,False
236500010,False,False
238000201,False,False
239000155,False,False
240000031,True,True
240000058,True,True
241900020,False,False
241900060,False,False
241900160,False,False
243000045,False,False
243000335,True,True
243000380,False,False
249000115,False,False
249000205,True,True
250000010,False,False
250000090,False,False
250000320,False,False
251100020,False,False
251200200,False,False
251300110,True,True
251300260,True,True
251500080,True,True
251610020,False,False
251620090,False,False
251620110,False,False
252000300,False,False
252000400,False,False
253600150,False,False
253600160,False,False
254000020,False,False
254000175,False,False
254000241,False,False
254000445,False,False
254000545,False,False
254000735,True,True
255000270,False,False
255000320,False,False
255370020,False,False
255370420,True,True
255370570,True,True
255400060,False,False
255400070,False,False
255450030,False,False
255450040,False,False
255450340,False,False
255450380,False,False
255450390,False,False
255450410,False,False
255460240,False,False
255460330,False,False
255470030,False,False
255520150,True,True
255520260,False,False
255550100,True,True
255550150,True,True
255550190,True,True
255550230,False,False
255550270,False,False
255580190,True,True
257000038,True,True
257000057,False,False
257000138,False,False
257000263,False,False
258100040,False,False
258500059,False,False
259000100,True,True
259100110,True,True
259500230,True,True
259500270,True,True
259600050,False,False
259600260,False,False
259600280,True,True
259600330,False,False
259600410,True,True
259600530,False,False
259600560,False,False
259600890,False,False
259600910,False,False
259601100,False,False
259700180,False,False
259800410,False,False
259800610,True,True
259800640,False,False
259800680,True,True
259800750,True,True
259801030,False,False
259801110,False,False
259801140,False,False
259900160,False,False
259900320,False,False
263000009,False,False
263000040,False,False
263000050,False,False
263000164,True,True
263000255,False,False
263000280,False,False
263000291,True,True
263000324,True,True
263000325,True,True
263000327,False,False
263000329,False,False
263000359,False,False
267000130,True,True
267000170,False,False
267010020,True,True
267020090,False,False
268500020,False,False
269000070,True,True
269000085,False,False
269000221,True,True
269000240,True,True
269000615,False,False
269000950,True,True
269001331,False,False
269001360,True,True
272000085,False,False
272000125,False,False
272000220,False,False
272000320,False,False
272000355,False,False
272000620,False,False
272000945,False,False
274000020,False,False
274000070,False,False
282500010,False,False
284000025,True,True
284000223,True,True
290000055,False,False
290000095,True,True
291300170,False,False
291300280,True,True
291310120,False,False
291310180,True,True
291310260,False,False
291310270,True,True
291310370,False,False
291310610,False,False
292000070,False,False
293000036,False,False
293000068,True,True
293000165,False,False
293000180,True,True
293070010,False,False
293070090,True,True
293070120,False,False
293070270,False,False
293070310,False,False
293600080,False,False
293610020,False,False
293620180,False,False
293670040,False,False
293720140,True,True
293720180,False,False
293760050,True,True
293760210,False,False
293760310,True,True
293800120,False,False
293800410,True,True
293800680,True,True
293800870,True,True
293800900,False,False
293910030,True,True
293910070,False,False
301400240,False,False
301400320,False,False
301400800,False,False
301400850,False,False
301400930,False,False
301400940,False,False
301401390,False,False
301401410,False,False
301401610,False,False
301401620,False,False
301401630,True,True
301402120,True,True
301402140,False,False
302000375,False,False
302000545,False,False
303000220,False,False
303000445,False,False
303100080,False,False
303800020,True,True
304000530,False,False
304100010,False,False
304100070,False,False
304100090,True,True
305000310,False,False
305010190,True,True
305500140,True,True
306000565,False,False
312000135,False,False
312000265,False,False
312000295,True,True
316000145,False,False
316000160,False,False
316000190,False,False
318390180,True,True
318900120,False,False
319500570,False,False
321030010,False,False
321030070,True,True
321049090,True,True
321049127,False,False
321049193,False,False
321059059,False,False
321059091,False,False
321059132,True,True
321079066,False,False
322059049,False,False
322059095,False,False
322059161,False,False
322059210,False,False
322059311,False,False
322059326,False,False
322069010,True,True
322069153,False,False
323049148,False,False
323049176,False,False
323059146,True,True
323059167,True,True
323059316,False,False
323059327,True,True
323069120,False,False
323069158,True,True
323079058,False,False
323079065,False,False
323079101,False,False
323089005,True,True
323089084,True,True
323089095,False,False
323089134,True,True
323089159,True,True
323089173,False,False
324000350,False,False
324000370,True,True
324000530,True,True
324059076,False,False
324059112,True,True
324069015,False,False
324069058,False,False
324069112,True,True
325049234,True,True
325059086,True,True
325059126,False,False
325059131,True,True
325059171,False,False
325059277,False,False
325059286,False,False
325059287,False,False
326049024,True,True
326049058,False,False
326049111,False,False
326069026,False,False
326069027,True,True
326069101,False,False
326069104,False,False
326069118,False,False
326069164,False,False
327000050,False,False
327000165,False,False
328000160,False,False
328000182,True,True
333100265,False,False
333100295,False,False
339200130,True,True
339350070,False,False
339500160,False,False
339600010,True,True
339600070,True,True
339600090,True,True
339600190,False,False
339600460,False,False
342000570,False,False
345700150,True,True
345700180,True,True
345700340,False,False
349400100,True,True
363000045,False,False
366000095,True,True
369000045,False,False
369000881,False,False
372000040,True,True
375000165,False,False
375000230,True,True
381000110,False,False
381000240,False,False
387000190,False,False
390100060,False,False
393000045,False,False
393000311,False,False
393000385,False,False
395300100,False,False
395300330,False,False
395300650,False,False
395800370,False,False
399000025,False,False
399000195,False,False
402000110,False,False
402000145,False,False
402000260,False,False
405100295,False,False
408100050,False,False
408100105,False,False
408100110,False,False
408100150,False,False
411100005,False,False
411100020,False,False
414100280,False,False
414100295,False,False
415100010,False,False
415100015,False,False
415100085,False,False
418000145,False,False
418000310,False,False
418000330,False,False
418000415,False,False
419000015,False,False
419000035,False,False
420069021,False,False
421000185,False,False
421000215,False,False
421000430,False,False
421000465,False,False
421000500,False,False
421000555,False,False
421049116,False,False
421049170,False,False
421049254,False,False
421069081,False,False
421079105,False,False
421079142,False,False
422000010,False,False
422000075,False,False
423000035,False,False
423049067,False,False
423059039,False,False
423059077,False,False
423059184,False,False
423059360,False,False
423059369,False,False
423059409,False,False
424000145,False,False
424049039,False,False
424049059,False,False
424049283,False,False
424049284,False,False
424059052,False,False
424059100,False,False
424069010,False,False
424069088,False,False
424069130,False,False
424069150,False,False
424069233,False,False
424069250,False,False
424069271,False,False
424069275,False,False
424069279,False,False
424500035,False,False
424500100,False,False
425000065,False,False
425000175,False,False
425000230,False,False
425049036,False,False
425049146,False,False
425049181,False,False
425059103,False,False
425069102,False,False
425069104,False,False
425069136,False,False
425069147,False,False
425079046,False,False
425079099,False,False
425200145,False,False
425400070,False,False
425400115,False,False
426069095,False,False
426069099,False,False
427000065,False,False
428000055,False,False
428000150,False,False
428000225,False,False
428100580,False,False
430000035,False,False
430000175,False,False
434000040,False,False
439000090,False,False
439000230,False,False
439200035,False,False
441000065,False,False
442000015,False,False
442000175,False,False
442000210,False,False
443000060,False,False
446000020,False,False
446000150,False,False
452001280,False,False
452001310,False,False
452001540,False,False
452001570,False,False
452001890,False,False
452002005,False,False
452002135,False,False
455000190,False,False
455000395,False,False
455000760,False,False
455000841,False,False
458000065,False,False
458000235,False,False
461000390,False,False
461001435,False,False
461001615,False,False
461002025,False,False
461002050,False,False
461002150,False,False
461002551,False,False
461002615,False,False
461002890,False,False
461003251,False,False
461003835,False,False
461004095,False,False
461004195,False,False
461004730,False,False
461005360,False,False
461005435,False,False
464000600,False,False
464001025,False,False
464001115,False,False
472000015,False,False
472000055,False,False
472000590,False,False
472000620,False,False
472000895,False,False
475000004,False,False
475000080,False,False
475000187,False,False
475000605,False,False
475000750,False,False
475000975,False,False
475001000,False,False
475001235,False,False
475001295,False,False
476000110,False,False
476000118,False,False
476000324,False,False
476000331,False,False
476000335,False,False
476000338,False,False
477000019,False,False
480000170,False,False
486000085,False,False
486000510,False,False
486000520,False,False
486000565,False,False
486000597,False,False
492000475,False,False
492000532,False,False
507100020,False,False
509000020,False,False
509000090,False,False
510000050,False,False
510001400,False,False
510002010,False,False
510002065,False,False
510002506,False,False
510002519,False,False
510002995,False,False
510003085,False,False
510003230,False,False
513000445,False,False
513000550,False,False
513000585,False,False
513000665,False,False
514500195,False,False
518000040,False,False
518500210,False,False
518500480,False,False
518500610,False,False
520069032,False,False
520700125,False,False
521049200,False,False
521079025,False,False
522039103,False,False
522039106,False,False
522059013,False,False
522059062,False,False
522059158,False,False
522059327,False,False
522059352,False,False
522069097,False,False
522069111,False,False
522079015,False,False
522079027,False,False
522079067,False,False
522079068,False,False
523049106,False,False
524059052,False,False
524059093,False,False
524059148,False,False
524059208,False,False
524059241,False,False
524059250,False,False
524059330,False,False
524069019,False,False
524069020,False,False
524069037,False,False
524069075,False,False
524069101,False,False
525049174,False,False
525069099,False,False
526059122,False,False
526059199,False,False
526059224,False,False
526059259,False,False
534000075,False,False
534000112,False,False
534000195,False,False
537000075,False,False
537000130,False,False
537000325,False,False
537000416,False,False
537000445,False,False
538000030,False,False
538000190,False,False
538000250,False,False
538000390,False,False
538000440,False,False
538000450,False,False
540100056,False,False
546000020,False,False
546000045,False,False
546000245,False,False
546000820,False,False
546000865,False,False
546000875,False,False
546000910,False,False
546001020,False,False
558100065,False,False
561000075,False,False
561000300,False,False
561500290,False,False
565300110,False,False
567000020,False,False
567000025,False,False
567000268,False,False
567000380,False,False
567000381,False,False
567000382,False,False
567000385,False,False
567000392,False,False
567000401,False,False
567000408,False,False
567000660,False,False
567000672,False,False
567000680,False,False
573000490,False,False
573000685,False,False
579000096,False,False
579000595,False,False
579002220,False,False
579002600,False,False
579002870,False,False
579003240,False,False
579003610,False,False
579003645,False,False
582000010,False,False
582000065,False,False
582000644,False,False
582000675,False,False
585000008,False,False
586000020,False,False
586470350,False,False
587550280,False,False
587550340,False,False
587550470,False,False
594000115,False,False
597000195,False,False
600000152,False,False
603000150,False,False
603000926,False,False
603001020,False,False
603001045,False,False
603001050,False,False
613400030,False,False
616000140,False,False
616000160,False,False
617000030,False,False
617000089,False,False
619000045,False,False
619079016,False,False
619079061,False,False
619079096,False,False
620069061,False,False
620079042,False,False
621049103,False,False
621069057,False,False
621069074,False,False
621069113,False,False
621069146,False,False
621069154,False,False
622049106,False,False
622049114,False,False
622059019,False,False
622059031,False,False
622069123,False,False
622079089,False,False
622100074,False,False
622100092,False,False
622100130,False,False
623039026,False,False
623049047,False,False
623049093,False,False
623049094,False,False
623049232,False,False
623049273,False,False
623049315,False,False
623049341,False,False
623059016,False,False
623069068,False,False
624069035,False,False
624069050,False,False
624069098,False,False
624069108,False,False
624100010,False,False
624100990,False,False
624110050,False,False
624110110,False,False
624110450,False,False
624110540,False,False
624110810,False,False
624110860,False,False
624110930,False,False
624111000,False,False
625049153,False,False
625049274,False,False
625049281,False,False
625049286,False,False
625049299,False,False
625049310,False,False
625049313,False,False
625049318,False,False
625049359,False,False
625059036,False,False
625059051,False,False
625069064,False,False
625100004,False,False
625100181,False,False
626049091,False,False
626049102,False,False
626049115,False,False
626059127,False,False
626059155,False,False
626059220,False,False
626059276,False,False
626059365,False,False
626710220,False,False
627300145,False,False
627300190,False,False
627300195,False,False
629000410,False,False
629000510,False,False
629000615,False,False
629000704,False,False
629400340,False,False
629400480,False,False
629420080,False,False
629420100,False,False
629420260,False,False
629420480,False,False
629500170,False,False
629600030,False,False
629600130,False,False
629650030,False,False
629650370,False,False
629650380,False,False
629800520,False,False
629800540,False,False
629800660,False,False
629810560,False,False
629811360,False,False
629860010,False,False
629890070,False,False
632000065,False,False
635000145,False,False
638100073,False,False
641900050,False,False
643300040,False,False
643300180,False,False
643300210,False,False
643400130,False,False
643500030,False,False
643500060,False,False
644000040,False,False
644000102,False,False
644000115,False,False
644000185,False,False
644200040,False,False
644200090,False,False
646500070,False,False
646910020,False,False
646910030,False,False
646910150,False,False
646910480,False,False
646910620,False,False
662310400,False,False
662310620,False,False
662440030,False,False
669000350,False,False
682000030,False,False
685000115,False,False
685000160,False,False
685000265,False,False
686100380,False,False
686200740,False,False
686200840,False,False
686201000,False,False
686300420,False,False
686300450,False,False
686300930,False,False
686400040,False,False
686400060,False,False
686400380,False,False
686400670,False,False
686400930,False,False
686450080,False,False
686450210,False,False
686450330,False,False
686450490,False,False
686500030,False,False
686530020,False,False
686530110,False,False
686550040,False,False
686800070,False,False
686800080,False,False
686900030,False,False
687600010,False,False
687600110,False,False
688000017,False,False
704450070,False,False
705000120,False,False
705700140,False,False
705700210,False,False
705700390,False,False
705700580,False,False
705700640,False,False
705700960,False,False
705710640,False,False
705730180,False,False
705730280,False,False
708000030,False,False
710300010,False,False
710600070,False,False
710600160,False,False
711000070,False,False
713500020,False,False
713500030,False,False
714000195,False,False
714000210,False,False
714000315,False,False
715010110,False,False
715010140,False,False
715010530,False,False
717000225,False,False
720079001,False,False
721049096,False,False
721069087,False,False
722039049,False,False
722039087,False,False
722059002,False,False
722059020,False,False
722059070,False,False
722059233,False,False
722069057,False,False
722069232,False,False
722079015,False,False
722079104,False,False
723000226,False,False
723039189,False,False
723049132,False,False
723049156,False,False
723049158,False,False
723049219,False,False
723049274,False,False
723049301,False,False
723049307,False,False
723049326,False,False
723049333,False,False
723049476,False,False
723049530,False,False
723049533,False,False
723049596,False,False
723059073,False,False
723069013,False,False
723069049,False,False
723069089,False,False
723069128,False,False
723099028,False,False
723099044,False,False
723099065,False,False
724069023,False,False
724069065,False,False
725069102,False,False
725079058,False,False
726049131,False,False
726049190,False,False
726049202,False,False
726049213,False,False
726049217,False,False
726049232,False,False
726049331,False,False
726059047,False,False
726059048,False,False
726059344,False,False
726059349,False,False
726059485,False,False
730000085,False,False
730000139,False,False
731500200,False,False
731500320,False,False
732000160,False,False
739500050,False,False
739500270,False,False
739800070,False,False
739800250,False,False
739820050,False,False
739980260,False,False
739980360,False,False
740500010,False,False
740500040,False,False
740500070,False,False
741500010,False,False
742000060,False,False
745000005,False,False
745530040,False,False
745530180,False,False
745530240,False,False
748000145,False,False
748000205,False,False
751000020,False,False
751000060,False,False
752000035,False,False
764000155,False,False
764000180,False,False
765000060,False,False
766500030,False,False
766900250,False,False
767000159,False,False
770000045,False,False
774100355,False,False
774100475,False,False
774101755,False,False
776600130,False,False
777100005,False,False
782700120,False,False
782700150,False,False
789000520,False,False
789000550,False,False
793200100,False,False
795000405,False,False
795000620,False,False
795000765,False,False
795000820,False,False
795000865,False,False
795000885,False,False
795001600,False,False
795002375,False,False
795002450,False,False
795002455,False,False
796000085,False,False
797000256,False,False
797000258,False,False
797000276,False,False
797000330,False,False
798000145,False,False
798000337,False,False
798000421,False,False
798000457,False,False
802000130,False,False
806000020,False,False
806800090,False,False
806800110,False,False
806800400,False,False
806800420,False,False
807800020,False,False
808000070,False,False
808300180,False,False
808300310,False,False
808300460,False,False
808300470,False,False
808300490,False,False
809000525,False,False
809000820,False,False
809000945,False,False
809001060,False,False
809001400,False,False
809001505,False,False
809001565,False,False
809001965,False,False
809001970,False,False
809002030,False,False
809002215,False,False
809002295,False,False
809002390,False,False
809002485,False,False
809002610,False,False
809002675,False,False
809002680,False,False
809002765,False,False
809003085,False,False
809003105,False,False
809003160,False,False
811000050,False,False
814000020,False,False
818100030,False,False
818500490,False,False
820000018,False,False
820079081,False,False
820079101,False,False
821049123,False,False
821049191,False,False
821069025,False,False
821079102,False,False
822039025,False,False
822039111,False,False
822039146,False,False
822059038,False,False
822059059,False,False
822059101,False,False
822069029,False,False
822069066,False,False
822069112,False,False
822069118,False,False
822079033,False,False
823000174,False,False
823059145,False,False
823059185,False,False
823069044,False,False
823069074,False,False
824059042,False,False
824059083,False,False
824059140,False,False
824059211,False,False
824059265,False,False
824059277,False,False
824059293,False,False
824059305,False,False
824059324,False,False
824059331,False,False
824069113,False,False
824069156,False,False
824069188,False,False
824069193,False,False
824079032,False,False
825059270,False,False
825059271,False,False
825069078,False,False
825069097,False,False
825079024,False,False
826000480,False,False
826000495,False,False
826059152,False,False
826069016,False,False
826069046,False,False
826069085,False,False
826069180,False,False
826079047,False,False
826079094,False,False
827000110,False,False
829000160,False,False
832700170,False,False
832700240,False,False
832700270,False,False
832700320,False,False
835000055,False,False
844000425,False,False
844000965,False,False
844001052,False,False
844001140,False,False
844001145,False,False
844001485,False,False
847100021,False,False
847100046,False,False
847100078,False,False
853000261,False,False
853200010,False,False
853200040,False,False
853400240,False,False
853600020,False,False
856000635,False,False
856000985,False,False
856001130,False,False
859000018,False,False
859000110,False,False
865100055,False,False
868000305,False,False
868000415,False,False
868000530,False,False
868000575,False,False
868000615,False,False
868000905,False,False
868001295,False,False
868001402,False,False
868001435,False,False
868001705,False,False
868001790,False,False
868002335,False,False
869700140,False,False
869700320,False,False
869700350,False,False
871000065,False,False
871000170,False,False
871000515,False,False
871001085,False,False
871001105,False,False
871001365,False,False
871001735,False,False
871001980,False,False
880000005,False,False
880000189,False,False
880000205,False,False
880000208,False,False
880000211,False,False
886000015,False,False
886000090,False,False
889000015,False,False
889000024,False,False
889000025,False,False
908000010,False,False
908000260,False,False
913000315,False,False
913000340,False,False
920069053,False,False
921049315,False,False
921059132,False,False
921059161,False,False
921059200,False,False
922049078,False,False
922059020,False,False
922059161,False,False
922059169,False,False
922069139,False,False
922069169,False,False
923000095,False,False
923000115,False,False
923000265,False,False
923000280,False,False
923000414,False,False
923049110,False,False
923049203,False,False
923049323,False,False
923049378,False,False
923049400,False,False
923049440,False,False
923059259,False,False
924000040,False,False
924059233,False,False
924069042,False,False
924069106,False,False
924069176,False,False
924069190,False,False
925049278,False,False
925049360,False,False
925059042,False,False
925059078,False,False
925059107,False,False
925059113,False,False
925059137,False,False
925059193,False,False
925059198,False,False
925059288,False,False
925059311,False,False
925059313,False,False
925069042,False,False
925069071,False,False
925069100,False,False
925069111,False,False
925069123,False,False
925069134,False,False
925069152,False,False
926069009,False,False
926069132,False,False
926069140,False,False
926069142,False,False
926069192,False,False
927200380,False,False
930000289,False,False
930000415,False,False
930000425,False,False
934300140,False,False
936000055,False,False
937000220,False,False
937000280,False,False
937000330,False,False
943100220,False,False
943100260,False,False
945000250,False,False
945000410,False,False
952000055,False,False
952000310,False,False
952000495,False,False
952000640,False,False
952000725,False,False
952000925,False,False
952001495,False,False
952001660,False,False
952001710,False,False
952001735,False,False
952001765,False,False
952002250,False,False
952002765,False,False
952003340,False,False
952003350,False,False
952003435,False,False
952003480,False,False
952003575,False,False
952003585,False,False
952004725,False,False
952004745,False,False
952004875,False,False
952005000,False,False
952005224,False,False
952005525,False,False
952005863,False,False
952006680,False,False
952006783,False,False
952006823,False,False
952006827,False,False
952007069,False,False
952007141,False,False
955000060,False,False
955000430,False,False
967000400,False,False
968000120,False,False
973600020,False,False
976000790,False,False
976000903,False,False
982850010,False,False
982850020,False,False
982850060,False,False
982850080,False,False
982850120,False,False
984000410,False,False
984000450,False,False
984000710,False,False
984000780,False,False
984100010,False,False
984100340,False,False
984100450,False,False
984200590,False,False
984200690,False,False
984210120,False,False
984210220,False,False
984210590,False,False
984210850,False,False
984220240,False,False
984220330,False,False
984220370,False,False
985000833,False,False
985000900,False,False
985000950,False,False
985001015,False,False
985001082,False,False
993000046,False,False
993000136,False,False
993000307,False,False
993000308,False,False
993000315,False,False
993000327,False,False
993000873,False,False
993000950,False,False
993001330,False,False
993001332,False,False
993001342,False,False
993001563,False,False
993001629,False,False
993001914,False,False
993001961,False,False
993001976,False,False
993002108,False,False
993002127,False,False
993002177,False,False
993002225,False,False
993002247,False,False
999000215,False,False
1001200050,False,False
1003000175,False,False
1003400155,True,True
1003400245,True,True
1003400250,False,False
1003600056,False,False
1003600080,True,True
1005000062,False,False
1005000250,False,False
1015000050,True,True
1015500300,False,False
1016000080,True,True
1018000110,False,False
1018000276,False,False
1020069042,False,False
1021000060,False,False
1021049057,True,True
1022049182,True,True
1022059032,False,False
1022059082,False,False
1022059123,True,True
1022059161,True,True
1022069058,False,False
1022069071,False,False
1023059108,False,False
1023059186,False,False
1023059223,False,False
1023059313,True,True
1023059324,False,False
1023059429,False,False
1023059430,False,False
1023059465,False,False
1023059511,False,False
1023079147,True,True
1023089019,False,False
1023089085,False,False
1023089140,False,False
1023089197,False,False
1023089228,False,False
1024000050,False,False
1024000100,False,False
1024039049,False,False
1024049006,False,False
1024049024,False,False
1024069009,False,False
1024069037,True,True
1024069063,False,False
1024069159,False,False
1024069162,False,False
1024069205,True,True
1024069215,False,False
1025039086,False,False
1025039145,True,True
1025039168,False,False
1025039320,False,False
1025039326,True,True
1025049114,False,False
1025049115,False,False
1025049254,True,True
1025049266,False,False
1025049268,False,False
1025059094,False,False
1025059181,False,False
1025069106,False,False
1025069192,False,False
1025069210,True,True
1025069255,False,False
1025079074,False,False
1025079086,False,False
1026049082,False,False
1026069044,False,False
1026069095,False,False
1026069120,False,False
1026069134,False,False
1026069155,False,False
1026069163,False,False
1026069172,False,False
1032000079,False,False
1035000007,False,False
1036000080,False,False
1036000280,False,False
1036000610,False,False
1036100100,False,False
1036100130,False,False
1036400110,False,False
1036400200,True,True
1036450170,True,True
1036450290,False,False
1036450360,True,True
1038000040,False,False
1041440050,False,False
1041440360,True,True
1041500020,False,False
1042500013,True,True
1042700060,False,False
1042700080,False,False
1042700250,False,False
1042700270,True,True
1042700290,True,True
1048000060,False,False
1048000160,True,True
1049000060,False,False
1049000740,False,False
1049010050,True,True
1053000010,False,False
1056200010,False,False
1061400180,True,True
1061400360,False,False
1061500110,False,False
1061500510,False,False
1061500630,False,False
1062100075,True,True
1062100085,False,False
1062100095,False,False
1062100100,False,False
1062100115,False,False
1062100116,True,True
1066000290,False,False
1066100260,False,False
1066600025,False,False
1066600045,False,False
1066600090,True,True
1068000150,False,False
1068000235,False,False
1069000070,False,False
1070000110,True,True
1070000180,True,True
1072000240,False,False
1072000260,False,False
1072000400,False,False
1072010510,False,False
1072030510,True,True
1073100030,False,False
1074100110,False,False
1075100050,False,False
1075100090,True,True
1077100020,True,True
1077100035,False,False
1077100070,False,False
1079350020,False,False
1079450410,True,True
1079600270,False,False
1081200070,True,True
1081200350,False,False
1081300200,False,False
1081300370,False,False
1081300390,False,False
1081300450,False,False
1081310060,True,True
1081330030,False,False
1081330060,True,True
1081330180,True,True
1081330210,True,True
1081800070,True,True
1084000107,False,False
1085610030,False,False
1085621740,False,False
1085622460,False,False
1085622540,False,False
1085622860,False,False
1085622890,False,False
1085623250,False,False
1085623350,True,True
1085623560,False,False
1085623640,True,True
1085623730,False,False
1085623740,False,False
1086100100,True,True
1086100130,False,False
1087500040,True,True
1087700030,False,False
1087900050,True,True
1088000030,False,False
1088000050,False,False
1088020070,True,True
1088030010,False,False
1088100450,False,False
1088650310,True,True
1088700100,True,True
1088800060,False,False
1088800850,False,False
1088801350,False,False
1088810040,True,True
1088810160,False,False
1089700010,False,False
1090000005,False,False
1090000075,False,False
1091310140,False,False
1091500120,False,False
1093000090,False,False
1094000030,True,True
1099600010,True,True
1099600220,False,False
1099600250,False,False
1099600620,False,False
1099610260,False,False
1099610830,False,False
1099611230,False,False
1099760470,True,True
1099900020,True,True
1099900030,True,True
1102000196,True,True
1102000237,False,False
1102000270,True,True
1102000527,False,False
1102000759,False,False
1102001055,False,False
1102001112,True,True
1105000011,False,False
1105000015,False,False
1105000229,True,True
1105000233,False,False
1105000296,False,False
1105000360,True,True
1105000402,False,False
1105000432,False,False
1105000588,False,False
1105000787,False,False
1109000040,True,True
1109000175,True,True
1112000031,False,False
1112700060,True,True
1112700130,False,False
1112700150,False,False
1112700170,False,False
1115100169,False,False
1115100278,False,False
1115400090,False,False
1115450240,False,False
1115600130,True,True
1115700040,False,False
1115750190,False,False
1115800110,True,True
1115800440,False,False
1115810060,False,False
1117000050,False,False
1117000150,False,False
1117200170,True,True
1117200190,False,False
1117200390,False,False
1117200550,False,False
1117300050,False,False
1118000080,True,True
1118000110,False,False
1118000301,True,True
1118000320,True,True
1118000340,False,False
1118000465,True,True
1118000935,False,False
1118001201,True,True
1118001295,False,False
1118001360,False,False
1118001408,False,False
1118001560,False,False
1118001820,True,True
1118001835,True,True
1118002000,True,True
1118002090,False,False
1118500010,False,False
1120069036,False,False
1120069059,False,False
1121000095,True,True
1121000357,False,False
1121000414,False,False
1121039059,True,True
1121039105,False,False
1121059030,False,False
1122059037,True,True
1123049053,False,False
1123049126,False,False
1123049232,False,False
1123059116,False,False
1124000005,False,False
1124000050,True,True
1125049140,True,True
1125069064,False,False
1125069086,False,False
1125069102,True,True
1125069134,False,False
1125079088,False,False
1126049053,False,False
1126049095,True,True
1126049103,False,False
1126049105,False,False
1126059007,False,False
1126059022,False,False
1126059091,True,True
1126059095,True,True
1126059170,False,False
1130000005,True,True
1133000050,True,True
1133000235,False,False
1133000542,False,False
1133000671,True,True
1133000694,True,True
1136100006,False,False
1136100045,False,False
1136100062,False,False
1136100072,True,True
1136100087,True,True
1137300340,True,True
1137300890,False,False
1137300900,True,True
1137301780,False,False
1137400460,True,True
1137450120,False,False
1137500070,False,False
1137500090,False,False
1137600190,False,False
1137610140,True,True
1137800230,False,False
1137800460,False,False
1138000070,True,True
1138000160,False,False
1138000250,False,False
1138000410,True,True
1138000830,True,True
1138010170,True,True
1138010180,False,False
1138010220,False,False
1138010510,False,False
1138010520,False,False
1138020200,True,True
1139000062,False,False
1139000069,True,True
1139000072,False,False
1139000135,True,True
1139000215,False,False
1139000685,False,False
1139600270,False,False
1140000050,True,True
1140000190,False,False
1148000005,False,False
1148000190,False,False
1149600120,True,True
1149900050,True,True
1150000040,True,True
1150000200,True,True
1150000340,True,True
1150000400,True,True
1150001270,True,True
1150700130,False,False
1150700170,False,False
1150900060,False,False
1151100010,True,True
1151100070,False,False
1151100165,False,False
1152000040,False,False
1152200030,False,False
1152600220,True,True
1152700020,False,False
1152700090,False,False
1152700120,True,True
1152700220,False,False
1153000040,False,False
1153000150,False,False
1154100515,False,False
1156000100,False,False
1156000250,False,False
1158700100,True,True
1158700135,False,False
1159100100,False,False
1160000115,False,False
1160000300,True,True
1163100070,False,False
1164000040,True,True
1169000057,False,False
1172000135,False,False
1175000059,False,False
1175000073,False,False
1175000110,True,True
1175000280,False,False
1175000570,True,True
1175001075,False,False
1175001125,True,True
1175001135,True,True
1176000390,False,False
1176000964,True,True
1176001123,False,False
1176001195,False,False
1176001310,False,False
1177000130,False,False
1180000625,True,True
1180000830,False,False
1180000885,True,True
1180002075,True,True
1180002378,True,True
1180002470,False,False
1180002580,False,False
1180002735,False,False
1180003090,True,True
1180003175,False,False
1180003435,False,False
1180005050,True,True
1180005280,True,True
1180007005,True,True
1180008355,False,False
1180008370,False,False
1180500100,True,True
1183000005,True,True
1186000035,False,False
1186000065,False,False
1186000095,False,False
1186000125,False,False
1189000025,True,True
1189000030,True,True
1189000130,True,True
1189000180,False,False
1189000225,False,False
1189000245,True,True
1189000492,True,True
1189000645,False,False
1189000700,False,False
1189000825,False,False
1189000910,False,False
1189001180,False,False
1193000025,False,False
1193000115,False,False
1193000220,False,False
1193000450,True,True
1196002395,True,True
1196002948,False,False
1196003428,False,False
1196003740,False,False
1202000140,False,False
1202000200,False,False
1207000025,False,False
1207200010,False,False
1211000070,True,True
1211000185,False,False
1214000050,True,True
1214000080,False,False
1214700090,False,False
1217000270,False,False
1217000340,False,False
1217000481,True,True
1218000025,False,False
1218000030,False,False
1218000195,True,True
1219000120,False,False
1219000473,False,False
1220000100,False,False
1220000367,True,True
1220000371,True,True
1220069035,False,False
1221000395,False,False
1221000490,False,False
1221000562,False,False
1221039058,False,False
1221059112,False,False
1221079058,False,False
1222029064,False,False
1222069089,True,True
1222069129,False,False
1222069133,True,True
1222069136,True,True
1223039173,True,True
1223039195,True,True
1223039235,False,False
1223039242,False,False
1223039290,True,True
1223049150,False,False
1223059081,False,False
1223089038,False,False
1223089081,False,False
1224049080,False,False
1224049095,False,False
1224059049,False,False
1225039052,True,True
1226039054,False,False
1226039058,False,False
1226039103,False,False
1226039129,False,False
1226059112,False,False
1226069045,False,False
1231000458,False,False
1231000500,False,False
1231000510,False,False
1231000520,False,False
1231000640,True,True
1231000645,True,True
1231000660,False,False
1231000895,False,False
1231001090,False,False
1231001130,True,True
1231001225,False,False
1232000810,True,True
1232000950,False,False
1232001040,True,True
1232001070,True,True
1232001480,False,False
1232001985,False,False
1232002015,False,False
1233100260,False,False
1233100321,False,False
1233100351,True,True
1233100366,False,False
1233100601,False,False
1233100642,True,True
1233100710,True,True
1233100720,False,False
1234000630,True,True
1235100328,False,False
1235700042,True,True
1235700052,True,True
1235700073,False,False
1236300146,False,False
1236300214,False,False
1236300307,False,False
1236900090,False,False
1237500120,True,True
1237500540,False,False
1237500720,True,True
1238500451,False,False
1238501098,False,False
1238501099,False,False
1238501116,True,True
1238501188,False,False
1238900130,False,False
1239400570,False,False
1239400650,True,True
1240100065,False,False
1240700006,False,False
1240700170,True,True
1241500032,False,False
1241500147,False,False
1241500155,False,False
1241500350,True,True
1241500351,True,True
1241900028,False,False
1242700035,False,False
1243100136,False,False
1243100191,True,True
1245000500,False,False
1245000685,True,True
1245000865,True,True
1245001216,False,False
1245001220,True,True
1245001739,False,False
1245001751,False,False
1245001763,False,False
1245002125,False,False
1245002281,False,False
1245002391,False,False
1245002445,False,False
1245003220,True,True
1245003255,False,False
1245003268,False,False
1245003330,True,True
1245003375,False,False
1245003660,True,True
1245500099,True,True
1245500250,True,True
1245500276,True,True
1245500286,False,False
1245500691,True,True
1245500725,False,False
1245500730,False,False
1246700050,False,False
1246700103,False,False
1246700152,False,False
1247600105,False,False
1250200285,False,False
1250200414,True,True
1250200495,True,True
1250200552,False,False
1250200595,False,False
1250200600,False,False
1250200605,True,True
1250200765,False,False
1250200786,False,False
1250201165,True,True
1250201194,False,False
1250201610,True,True
1250201640,False,False
1250201680,True,True
1250202115,False,False
1250202255,True,True
1250202285,True,True
1250202324,True,True
1250202430,False,False
1250203070,False,False
1250203135,True,True
1250203335,True,True
1250203860,False,False
1250204835,True,True
1250700060,False,False
1251200045,False,False
1251200055,False,False
1253200170,False,False
1253200290,True,True
1254200015,True,True
1254200045,False,False
1254200615,False,False
1254201106,False,False
1257200020,False,False
1257200050,False,False
1257200060,False,False
1257200115,False,False
1257200290,True,True
1257200315,False,False
1257201010,False,False
1257201095,False,False
1257201130,True,True
1257201295,False,False
1257201420,False,False
1257201530,True,True
1257202215,False,False
1262700040,False,False
1266200120,False,False
1266200130,True,True
1266200140,False,False
1270000040,True,True
1274500060,True,True
1274500240,True,True
1274500300,False,False
1274500420,True,True
1274500700,False,False
1277000240,False,False
1282300105,True,True
1283800110,False,False
1284000010,False,False
1294300038,False,False
1300300730,False,False
1300301840,True,True
1310370020,False,False
1310430130,True,True
1310440280,False,False
1310440470,False,False
1310440590,False,False
1310440950,False,False
1310700210,True,True
1310900610,True,True
1310930100,False,False
1310960190,True,True
1310960220,True,True
1310970380,False,False
1310980070,False,False
1310980580,False,False
1311000270,False,False
1311000600,False,False
1311030430,True,True
1311100520,False,False
1311200120,True,True
1311200380,False,False
1311300100,False,False
1311400120,False,False
1311600020,False,False
1311600030,False,False
1311800040,True,True
1311800130,False,False
1311900240,True,True
1312900180,True,True
1312930250,False,False
1313000240,True,True
1313000650,False,False
1313000710,True,True
1313300300,False,False
1313300400,False,False
1313500070,True,True
1313500090,False,False
1314300046,True,True
1315300070,False,False
1320069163,False,False
1320069249,True,True
1320069255,True,True
1321059013,False,False
1321059052,False,False
1321400650,False,False
1321700390,False,False
1321710030,False,False
1321710460,False,False
1321720140,True,True
1321720160,True,True
1321720170,False,False
1321730470,True,True
1321740260,False,False
1322049150,True,True
1322049335,False,False
1322059002,True,True
1323059098,False,False
1323059143,False,False
1323089107,False,False
1324039110,False,False
1324049015,False,False
1324059104,False,False
1324059139,False,False
1324079007,False,False
1324079041,False,False
1324079046,False,False
1324079054,False,False
1324300018,True,True
1324300126,False,False
1324300290,False,False
1324300380,False,False
1324300398,False,False
1325059083,True,True
1326039039,False,False
1326049130,False,False
1326049170,True,True
1326059070,True,True
1326059142,False,False
1326059182,False,False
1326059185,False,False
1326069050,False,False
1326069151,False,False
1326069188,False,False
1327600150,True,True
1327600190,False,False
1328300820,True,True
1328300990,False,False
1328310370,False,False
1328310440,True,True
1328320280,True,True
1328320350,True,True
1328320920,False,False
1328330190,False,False
1328330350,True,True
1328330430,False,False
1328330510,False,False
1328330590,True,True
1328330780,True,True
1328340120,True,True
1329000030,False,False
1329300070,False,False
1329300300,False,False
1329500120,False,False
1330250010,False,False
1330280100,False,False
1330290160,False,False
1330300300,False,False
1330900050,False,False
1330900230,False,False
1330900250,True,True
1330900570,False,False
1330910280,False,False
1330910370,False,False
1331900020,False,False
1331900110,False,False
1332000100,True,True
1332000110,True,True
1332200100,True,True
1332200110,False,False
1332200130,True,True
1332300110,False,False
1332700010,True,True
1332700020,True,True
1332700030,True,True
1332700200,False,False
1333300145,True,True
1336300445,False,False
1336800015,True,True
1336800065,False,False
1336800160,False,False
1336800240,False,False
1336800670,True,True
1337300070,True,True
1337300145,True,True
1337800045,True,True
1337800220,False,False
1337800284,False,False
1337800665,False,False
1337800805,False,False
1337800830,False,False
1337800855,False,False
1338300010,False,False
1338300170,False,False
1338300555,True,True
1338600090,True,True
1338600175,True,True
1338600185,False,False
1338600225,False,False
1338800280,False,False
1338800365,False,False
1338800425,False,False
1338800430,True,True
1338800785,True,True
1338801019,False,False
1338801060,False,False
1342300265,False,False
1344300045,True,True
1344300090,False,False
1346300035,True,True
1352300520,False,False
1352300580,False,False
1352300990,False,False
1354600160,False,False
1355000220,False,False
1355200060,False,False
1355300009,False,False
1357300240,False,False
1370800225,False,False
1370800680,False,False
1370800700,False,False
1370800825,False,False
1370800830,True,True
1370800935,False,False
1370800940,False,False
1370801020,False,False
1370801331,False,False
1370801435,True,True
1370801440,True,True
1370801465,False,False
1370801520,False,False
1370801565,False,False
1370801585,False,False
1370801800,True,True
1370802115,False,False
1370802335,True,True
1370802455,False,False
1370802540,False,False
1370802600,False,False
1370802770,False,False
1370803180,False,False
1370803445,False,False
1370803460,False,False
1370803640,True,True
1370803820,True,True
1370803835,True,True
1370803925,True,True
1370803940,True,True
1370804100,False,False
1370804115,True,True
1370804446,True,True
1370804461,True,True
1370804480,False,False
1373800170,True,True
1373800295,False,False
1373800330,False,False
1376800025,True,True
1376800115,False,False
1376800220,False,False
1377300005,False,False
1377300020,False,False
1377300135,False,False
1377800010,False,False
1377800277,True,True
1383500070,False,False
1383800015,True,True
1385100050,False,False
1387300070,False,False
1387300570,True,True
1387300760,True,True
1387300940,False,False
1387301350,True,True
1387301360,False,False
1387301430,False,False
1387301740,False,False
1388600070,True,True
1389310130,False,False
1389600040,False,False
1389600080,False,False
1392800035,False,False
1393800005,False,False
1394300005,False,False
1395500020,False,False
1397300055,True,True
1397300120,False,False
1400300055,True,True
1400700150,True,True
1402000070,True,True
1402000210,False,False
1402200070,False,False
1402200140,False,False
1402200440,False,False
1402600040,False,False
1402600700,False,False
1402620120,False,False
1402630270,False,False
1402650110,False,False
1402650360,False,False
1402660150,True,True
1402700170,True,True
1402810140,True,True
1402810150,False,False
1402950100,True,True
1402950190,False,False
1402950240,True,True
1402950450,False,False
1402950550,True,True
1407300012,False,False
1419700270,True,True
1420400130,False,False
1420700030,True,True
1421039067,True,True
1421069123,False,False
1421069208,False,False
1421079007,False,False
1422029117,True,True
1422059039,True,True
1422059129,False,False
1422069069,False,False
1422069070,False,False
1422200090,True,True
1422200496,False,False
1422300030,True,True
1422300100,False,False
1422300140,True,True
1422300160,False,False
1422700080,True,True
1422700110,True,True
1423049019,True,True
1423069077,True,True
1423069095,True,True
1423069102,False,False
1423069129,False,False
1423089055,False,False
1423089118,True,True
1423089134,False,False
1423089162,True,True
1423200110,True,True
1423400005,True,True
1423400160,True,True
1423400225,False,False
1423600020,True,True
1423600300,False,False
1423700680,True,True
1423800210,False,False
1423800380,False,False
1423900080,True,True
1423900580,False,False
1423910130,False,False
1424059142,False,False
1424059154,False,False
1424069044,True,True
1424069056,True,True
1424069069,False,False
1424100100,True,True
1424130050,True,True
1424130220,False,False
1424200035,False,False
1424200070,False,False
1425039029,True,True
1425059178,False,False
1425059180,False,False
1425069071,True,True
1425069103,False,False
1425069116,False,False
1426049083,True,True
1426079047,False,False
1426300842,False,False
1427300120,True,True
1428900033,False,False
1430800162,False,False
1430800191,False,False
1430800258,False,False
1430800279,True,True
1431400070,False,False
1431600180,True,True
1431700250,False,False
1431700370,False,False
1432400060,False,False
1432400065,False,False
1432400095,True,True
1432400120,False,False
1432400345,False,False
1432400490,False,False
1432400570,False,False
1432600415,False,False
1432600560,False,False
1432700420,False,False
1432700880,True,True
1432701380,False,False
1432701430,False,False
1432701510,False,False
1432900030,False,False
1432900150,True,True
1432900240,False,False
1432900310,False,False
1432900350,True,True
1433500050,False,False
1437500035,False,False
1437580600,False,False
1437900020,False,False
1437900350,True,True
1438000010,False,False
1438000110,False,False
1438000120,True,True
1438000130,True,True
1438000190,False,False
1438000200,False,False
1438000390,True,True
1438700040,True,True
1440500020,True,True
1440700190,False,False
1441000090,False,False
1441000470,True,True
1441300130,False,False
1441600020,True,True
1441600160,False,False
1441800010,False,False
1441800030,True,True
1441800250,False,False
1442300035,False,False
1442700360,True,True
1442740010,False,False
1442740140,True,True
1442800060,False,False
1442800150,False,False
1442800370,True,True
1442800400,False,False
1442860120,False,False
1442870040,False,False
1442870050,False,False
1442870420,False,False
1442880080,False,False
1442880160,True,True
1442880260,False,False
1442880340,False,False
1442880510,False,False
1442880570,True,True
1442880610,False,False
1443500120,True,True
1443500305,False,False
1443500385,False,False
1443500395,False,False
1443500725,False,False
1443500905,True,True
1443500925,False,False
1443550080,False,False
1445200050,True,True
1445200110,True,True
1445500010,False,False
1445500100,False,False
1446400564,True,True
1446400615,False,False
1446400648,False,False
1446400670,False,False
1446400715,False,False
1446400725,False,False
1446401190,False,False
1446401460,True,True
1446401540,True,True
1446401550,True,True
1446401555,False,False
1446403145,False,False
1446403305,False,False
1446403617,False,False
1446403835,False,False
1446403850,True,True
1446404015,True,True
1446800181,False,False
1446800511,False,False
1446800660,False,False
1446800710,False,False
1446801000,False,False
1447600285,False,False
1449000260,True,True
1449000270,False,False
1450000050,False,False
1450100020,True,True
1450100070,False,False
1450100330,False,False
1450100390,False,False
1450100420,False,False
1453600182,False,False
1453600202,False,False
1453600681,False,False
1453601038,False,False
1453601502,False,False
1453602065,True,True
1453602283,False,False
1453602284,False,False
1453602309,True,True
1453602310,False,False
1453602313,False,False
1453602360,False,False
1454100005,True,True
1454100010,True,True
1454100056,False,False
1454100122,False,False
1454100127,False,False
1454100260,True,True
1454100440,False,False
1454100480,False,False
1454100650,False,False
1454600116,False,False
1454600256,False,False
1454600266,False,False
1455100116,True,True
1455100355,False,False
1455600015,False,False
1455600030,False,False
1455600045,False,False
1455600062,False,False
1457500026,False,False
1459920190,False,False
1460000080,False,False
1460900030,False,False
1461200020,False,False
1461200040,False,False
1463400047,True,True
1463400081,False,False
1465400120,False,False
1467400095,True,True
1471610060,False,False
1471610070,True,True
1471630160,False,False
1471630350,True,True
1471701170,False,False
1471701410,False,False
1471701470,False,False
1472330030,False,False
1472800160,True,True
1472800220,True,True
1473000020,False,False
1473060030,False,False
1473120140,True,True
1473120190,False,False
1473120230,False,False
1473120730,False,False
1473200130,False,False
1473200150,True,True
1473200170,True,True
1483300570,True,True
1489300005,False,False
1489300215,False,False
1493300057,False,False
1493300115,True,True
1494300060,False,False
1494300110,False,False
1498300775,False,False
1498300875,False,False
1498301048,False,False
1498301168,False,False
1498301213,False,False
1498302783,True,True
1498303855,False,False
1498303895,True,True
1498303905,False,False
1502400300,False,False
1503200050,False,False
1504800050,False,False
1504800097,True,True
1508210100,False,False
1508210230,False,False
1509500080,False,False
1509500160,True,True
1509500380,False,False
1513800036,True,True
1513800080,True,True
1513800170,False,False
1515910290,False,False
1515920090,True,True
1516000055,False,False
1517900100,True,True
1518000070,False,False
1518000080,True,True
1520069052,True,True
1521049156,False,False
1521069070,False,False
1522039105,False,False
1522059120,False,False
1522600100,False,False
1522700060,False,False
1523049115,False,False
1523049188,False,False
1523049207,False,False
1523049209,False,False
1523059066,False,False
1523059100,False,False
1523059180,False,False
1523059183,False,False
1523059201,False,False
1523059239,True,True
1523069072,True,True
1523069086,False,False
1523069095,True,True
1523069128,False,False
1523069151,False,False
1523069197,True,True
1523089012,True,True
1523089097,False,False
1523089266,True,True
1523300140,False,False
1523300141,False,False
1523300157,False,False
1523300180,False,False
1523560030,True,True
1524039043,False,False
1524059027,False,False
1524069044,True,True
1524079028,False,False
1524079093,True,True
1524079188,False,False
1524800005,False,False
1525039057,False,False
1525059020,False,False
1525059074,True,True
1525059112,True,True
1525059160,False,False
1525059165,True,True
1525059190,True,True
1525059215,True,True
1525059261,True,True
1525069021,False,False
1525069058,True,True
1525069088,True,True
1525079056,False,False
1526059051,True,True
1526069017,False,False
1526069135,False,False
1526079026,False,False
1529200340,False,False
1529200480,False,False
1529300115,True,True
1529300410,False,False
1529300435,False,False
1530900290,False,False
1530900560,True,True
1531000030,True,True
1531000140,False,False
1532300155,True,True
1535204365,False,False
1541700010,True,True
1541700170,False,False
1542800010,False,False
1545800090,False,False
1545800290,True,True
1545800640,False,False
1545800710,True,True
1545800730,True,True
1545801340,False,False
1545801410,False,False
1545801500,False,False
1545801630,False,False
1545801850,False,False
1545802100,True,True
1545802850,False,False
1545803240,False,False
1545803340,True,True
1545803520,True,True
1545803890,False,False
1545803980,False,False
1545804240,False,False
1545804340,False,False
1545804460,False,False
1545804510,False,False
1545804820,True,True
1545804860,True,True
1545805030,False,False
1545805490,False,False
1545805730,False,False
1545806510,True,True
1545806720,True,True
1545806960,False,False
1545806980,False,False
1545807180,False,False
1545807280,False,False
1545807610,True,True
1545807810,False,False
1545807920,False,False
1545807990,True,True
1545808110,True,True
1545808120,False,False
1545808370,False,False
1545808560,True,True
1545808960,True,True
1546600120,False,False
1546600230,True,True
1546600565,False,False
1549500272,False,False
1549500370,False,False
1549500585,False,False
1550000463,True,True
1551500130,True,True
1552520070,False,False
1552800280,True,True
1555200180,False,False
1555200590,True,True
1555300010,False,False
1555300490,False,False
1555300530,True,True
1556200145,False,False
1557000190,False,False
1558100398,True,True
1558500050,True,True
1558500100,True,True
1559900110,False,False
1559900140,False,False
1559900200,True,True
1560100135,False,False
1560800110,True,True
1560800150,True,True
1560870040,True,True
1560870470,True,True
1560920040,False,False
1560920370,False,False
1561600056,False,False
1561600095,True,True
1561750040,False,False
1561900180,True,True
1561900330,False,False
1561910190,False,False
1561910270,False,False
1562000050,False,False
1562000120,True,True
1562100340,True,True
1562100380,False,False
1562200040,False,False
1562200240,True,True
1562200380,True,True
1563100557,False,False
1563100705,False,False
1563102685,False,False
1563102965,False,False
1563103040,False,False
1564000740,False,False
1565100010,False,False
1565600130,False,False
1565900390,True,True
1565930070,False,False
1565950090,False,False
1565950230,False,False
1565950260,True,True
1565950670,False,False
1566100130,False,False
1566100450,True,True
1566100555,False,False
1566100595,True,True
1568100060,True,True
1568100076,False,False
1568100087,True,True
1568100215,False,False
1568100225,False,False
1568100290,False,False
1568100295,False,False
1568100300,True,True
1568100386,True,True
1568100387,False,False
1568100670,False,False
1568100730,False,False
1571100130,False,False
1574100025,False,False
1574700140,False,False
1588600110,True,True
1588600177,False,False
1591600044,False,False
1591600307,True,True
1591600676,True,True
1592000050,False,False
1592000260,True,True
1592000680,False,False
1592080060,False,False
1592300010,False,False
1593000690,True,True
1596600024,True,True
1598600320,False,False
1601600167,False,False
1604590190,False,False
1604600085,False,False
1604600540,True,True
1604600660,True,True
1604600790,True,True
1604601155,False,False
1604601225,False,False
1604601375,True,True
1604601572,True,True
1604601801,True,True
1604601803,True,True
1604601804,False,False
1604601855,False,False
1604602195,False,False
1607100038,True,True
1607100139,False,False
1610000016,False,False
1612500155,True,True
1612500170,False,False
1615900020,False,False
1621069045,False,False
1622049140,False,False
1622049154,False,False
1622049182,False,False
1622049242,False,False
1622059088,True,True
1622069127,True,True
1623049062,True,True
1623049133,True,True
1623049145,True,True
1623049214,True,True
1623049241,True,True
1623059092,False,False
1623069023,True,True
1623069046,False,False
1623069071,False,False
1623089086,True,True
1623089165,True,True
1623300055,True,True
1623300160,False,False
1623300325,True,True
1623300765,False,False
1623301185,False,False
1623800300,True,True
1624049087,True,True
1624049092,True,True
1624049170,False,False
1624049293,False,False
1624059093,True,True
1624059219,True,True
1624079021,False,False
1624079024,False,False
1624079051,True,True
1624079057,False,False
1624079088,False,False
1624079104,False,False
1625069101,False,False
1626069069,False,False
1626069102,False,False
1626069178,False,False
1626069198,True,True
1626069220,False,False
1626069253,True,True
1626079012,False,False
1626079066,False,False
1626079132,True,True
1626079154,False,False
1628700107,False,False
1630700135,False,False
1630700361,False,False
1630700380,False,False
1635500250,False,False
1643500072,False,False
1644500450,False,False
1644510040,True,True
1645000097,True,True
1645000100,False,False
1645000310,False,False
1645000710,False,False
1646500365,False,False
1646500785,True,True
1646500810,False,False
1646501845,False,False
1646502055,False,False
1646502165,False,False
1651800010,True,True
1652500010,False,False
1653500070,False,False
1656600280,True,True
1657300070,False,False
1657300270,True,True
1657300450,False,False
1657310170,True,True
1657530010,False,False
1657530350,True,True
1657530450,True,True
1661000060,False,False
1665400025,False,False
1665400045,False,False
1670400068,True,True
1672000020,True,True
1673000240,False,False
1678400105,False,False
1682000280,True,True
1682000350,False,False
1682500160,False,False
1682500240,False,False
1683500140,False,False
1683600110,False,False
1683600120,False,False
1683600130,False,False
1683600240,True,True
1683800120,True,True
1683900040,False,False
1685200020,False,False
1685200110,True,True
1685200190,False,False
1685800100,False,False
1687000200,False,False
1687000270,False,False
1687900170,True,True
1687900520,False,False
1687910200,False,False
1689400375,False,False
1689401230,True,True
1689401526,True,True
1692900095,False,False
1692900110,True,True
1693600080,False,False
1695900025,False,False
1697000400,False,False
1698900075,True,True
1698900195,False,False
1702900664,False,False
1702901180,True,True
1702901340,False,False
1702901485,True,True
1702901557,False,False
1702901618,False,False
1703050200,False,False
1703050420,False,False
1703050500,False,False
1703050520,False,False
1703400585,False,False
1703400910,False,False
1703401110,True,True
1703900005,False,False
1704900180,True,True
1704900206,False,False
1705400055,False,False
1705400244,False,False
1705400361,False,False
1705400550,False,False
1708400370,False,False
1708400555,False,False
1708400595,True,True
1710400007,True,True
1714900060,False,False
1720069006,False,False
1720069075,False,False
1720069146,False,False
1721059069,False,False
1721059218,False,False
1721059230,False,False
1721059286,False,False
1721069036,True,True
1721800190,False,False
1721800470,False,False
1721801010,False,False
1721801161,True,True
1722049154,True,True
1722059021,True,True
1722059235,True,True
1722059326,False,False
1722069052,True,True
1722069145,False,False
1722800835,True,True
1722800860,False,False
1723049008,True,True
1723049033,False,False
1723049270,True,True
1723049419,False,False
1723049567,False,False
1723049624,False,False
1723059050,True,True
1723099031,False,False
1724069043,True,True
1724069059,True,True
1724069060,False,False
1724069062,True,True
1724069079,False,False
1724079013,False,False
1724079048,False,False
1724500030,False,False
1725059127,False,False
1725059136,False,False
1725059187,False,False
1725059209,False,False
1725059259,False,False
1725059316,False,False
1725059330,False,False
1725079025,False,False
1725079047,False,False
1725079061,True,True
1726059053,True,True
1726059134,False,False
1726069051,False,False
1726069064,False,False
1726069179,True,True
1726069198,False,False
1726600110,False,False
1726600120,False,False
1726600150,False,False
1727000680,False,False
1727001300,False,False
1727500010,True,True
1727500280,True,True
1727500340,True,True
1727500390,False,False
1727510030,True,True
1732600050,False,False
1732800184,False,False
1732800194,False,False
1732800199,True,True
1732800310,False,False
1732800780,False,False
1732800820,True,True
1732800865,False,False
1732801150,False,False
1736100090,True,True
1736800520,False,False
1736800740,False,False
1736800920,False,False
1737100040,False,False
1737300110,True,True
1737320060,False,False
1737320120,True,True
1741700040,True,True
1742800030,False,False
1742800060,False,False
1742800430,False,False
1745000090,False,False
1745100140,False,False
1748800120,False,False
1753500100,True,True
1755700090,True,True
1759701600,False,False
1760600009,True,True
1760650210,False,False
1760650290,True,True
1760650500,False,False
1760650750,True,True
1760650820,False,False
1760650880,False,False
1760650900,True,True
1760651000,False,False
1761100080,False,False
1761100300,False,False
1761300100,False,False
1761300110,False,False
1761300340,False,False
1761300650,False,False
1761300850,False,False
1761600050,True,True
1761600150,False,False
1762600070,True,True
1762600090,True,True
1762600320,False,False
1765100025,False,False
1766600075,False,False
1769600147,False,False
1769600204,False,False
1770000130,True,True
1770000330,False,False
1770000460,False,False
1771000290,False,False
1771000440,False,False
1771000540,False,False
1771000890,False,False
1771000950,False,False
1771000960,True,True
1771100030,False,False
1771100240,False,False
1771100360,False,False
1771100440,True,True
1771110090,True,True
1771110550,False,False
1771110640,False,False
1771110720,False,False
1772600510,False,False
1772600665,False,False
1773100121,True,True
1773100310,False,False
1773100315,False,False
1773100416,False,False
1773100510,True,True
1773100541,False,False
1773100561,False,False
1773100620,False,False
1773100921,True,True
1773100924,False,False
1773100967,True,True
1773101215,False,False
1773101335,False,False
1773101340,True,True
1773600264,True,True
1773600691,False,False
1774000050,False,False
1774000170,False,False
1774000200,False,False
1774000330,False,False
1774000720,False,False
1774200060,True,True
1774200190,False,False
1774200230,True,True
1774220160,False,False
1774220350,False,False
1774220400,False,False
1774230090,False,False
1774230180,False,False
1774230300,True,True
1774350160,True,True
1775500362,False,False
1775700011,False,False
1775800220,True,True
1775800280,False,False
1775800290,True,True
1775800510,True,True
1775800740,False,False
1775800750,True,True
1775800800,False,False
1775800860,False,False
1775801020,True,True
1775801260,False,False
1775801340,True,True
1775910270,True,True
1775910460,False,False
1775920210,False,False
1775920340,False,False
1775930140,False,False
1775950030,False,False
1775950100,False,False
1776230060,False,False
1776230180,False,False
1776230190,False,False
1776230220,True,True
1776420150,False,False
1776460140,True,True
1777500060,False,False
1777500160,True,True
1777600230,False,False
1777600850,False,False
1777600880,False,False
1778350070,False,False
1778350150,False,False
1778350160,True,True
1778360150,True,True
1778500595,True,True
1778500620,False,False
1781500155,False,False
1781500435,False,False
1782000085,True,True
1782000180,False,False
1782500065,False,False
1782500095,False,False
1785400210,True,True
1785400300,True,True
1785400770,True,True
1785400780,True,True
1785500132,False,False
1786200010,True,True
1786630160,True,True
1786640030,False,False
1786640070,False,False
1786700080,False,False
1786700240,False,False
1786830060,True,True
1787250210,True,True
1787270090,False,False
1787600094,False,False
1787600146,False,False
1787600164,False,False
1787600165,False,False
1787600190,False,False
1787600252,True,True
1787600294,False,False
1788300010,False,False
1788300020,False,False
1788700070,True,True
1788700160,False,False
1788700185,False,False
1788700230,True,True
1788700295,False,False
1788800080,False,False
1788800610,True,True
1788800630,True,True
1788800770,True,True
1788900230,False,False
1789900065,False,False
1790000080,False,False
1794500383,False,False
1794500870,False,False
1794501390,False,False
1794501415,True,True
1795500060,False,False
1795500240,False,False
1795700030,True,True
1795800040,True,True
1795900210,False,False
1795900360,True,True
1795910360,False,False
1795910420,True,True
1795920250,False,False
1795920310,False,False
1795920350,False,False
1795920440,False,False
1796000120,False,False
1796200140,False,False
1796250140,False,False
1796350080,True,True
1796350300,False,False
1796350570,True,True
1796350690,False,False
1796351080,True,True
1796360080,False,False
1796360340,True,True
1796360370,True,True
1796360470,False,False
1796360870,False,False
1796360990,True,True
1796361100,False,False
1796370180,True,True
1796370730,True,True
1796370930,False,False
1796380060,True,True
1796380310,True,True
1796380330,False,False
1796381070,False,False
1796381120,False,False
1796500100,True,True
1797500230,False,False
1797500435,False,False
1797500600,False,False
1797500780,True,True
1797500985,True,True
1797501275,False,False
1798000100,True,True
1802000060,False,False
1806900499,False,False
1806900502,False,False
1814800060,True,True
1818800144,True,True
1818800235,True,True
1818800289,False,False
1819800042,False,False
1819800286,False,False
1820069019,True,True
1821059067,True,True
1821059264,True,True
1821069072,False,False
1822059073,False,False
1822059331,True,True
1822059382,True,True
1822059440,False,False
1822069041,False,False
1822069052,False,False
1822069097,True,True
1822069116,False,False
1822079046,False,False
1822300040,False,False
1822350180,False,False
1822360080,True,True
1822500270,False,False
1823039205,True,True
1823049046,True,True
1823049144,False,False
1823049171,True,True
1823049178,False,False
1823049182,True,True
1823049202,False,False
1823049242,True,True
1823059028,False,False
1823059030,True,True
1823059106,False,False
1823059205,False,False
1823059223,True,True
1823069046,True,True
1823069059,True,True
1823069102,False,False
1823069213,True,True
1823069279,True,True
1823069287,False,False
1823099028,False,False
1823099056,False,False
1823099076,False,False
1824059070,True,True
1824069083,True,True
1824079073,True,True
1824079107,True,True
1825049013,False,False
1825069031,False,False
1825069072,True,True
1825079005,False,False
1825079018,False,False
1825079046,False,False
1825079070,False,False
1825079086,True,True
1826049094,True,True
1826049225,True,True
1826049362,False,False
1826049426,True,True
1826049430,True,True
1826049442,False,False
1826059042,True,True
1827200135,False,False
1827200265,False,False
1828000050,False,False
1828000230,True,True
1828000620,False,False
1828000760,False,False
1828001130,True,True
1828300100,False,False
1829300130,False,False
1829300210,False,False
1829300260,False,False
1829300270,True,True
1829300520,False,False
1829700050,False,False
1829700080,False,False
1830300090,False,False
1832100030,False,False
1832100055,False,False
1836980160,True,True
1837000010,True,True
1837010010,False,False
1837010040,True,True
1839500055,False,False
1839910470,False,False
1839920160,False,False
1839920180,False,False
1840000030,True,True
1840200080,False,False
1840300100,False,False
1841400150,False,False
1842000140,True,True
1842100160,False,False
1842300050,True,True
1842900030,True,True
1843100070,False,False
1843100340,True,True
1843100540,True,True
1843100580,False,False
1843100610,False,False
1843130210,False,False
1843130360,True,True
1843130530,False,False
1843200240,True,True
1853000030,True,True
1853000300,True,True
1853000400,False,False
1853000530,True,True
1853080120,True,True
1853080130,True,True
1853080180,False,False
1853080540,False,False
1853080730,False,False
1853080840,False,False
1853080850,True,True
1853081000,False,False
1853081060,False,False
1853081250,False,False
1853200190,True,True
1853500130,False,False
1853500290,True,True
1854750010,False,False
1854750030,True,True
1854750090,True,True
1854900240,False,False
1854900410,False,False
1854900470,False,False
1858600012,False,False
1860600135,False,False
1860600840,False,False
1861100267,False,False
1861400060,True,True
1862000010,False,False
1862400057,False,False
1862400132,False,False
1862400176,False,False
1862400215,False,False
1862400226,False,False
1862400285,False,False
1862400292,False,False
1862400353,False,False
1862400479,False,False
1862400518,True,True
1862400522,False,False
1862400528,False,False
1862400541,False,False
1862900040,False,False
1862900160,False,False
1862900350,True,True
1862900690,True,True
1862910050,False,False
1863900190,False,False
1863900225,False,False
1864900230,True,True
1864940180,True,True
1865000040,True,True
1865400075,True,True
1865400076,False,False
1865800250,False,False
1865810060,True,True
1865820300,False,False
1865820370,False,False
1868900035,False,False
1868900285,False,False
1868900395,False,False
1868900775,False,False
1868901120,True,True
1868901275,False,False
1868901295,True,True
1868901690,False,False
1868901815,False,False
1868903130,False,False
1870400470,False,False
1870400605,False,False
1870400615,False,False
1870400635,False,False
1871400585,False,False
1872900065,False,False
1872900076,False,False
1873100050,True,True
1873100390,True,True
1873100490,False,False
1873400020,True,True
1875500040,True,True
1875500060,False,False
1877500005,False,False
1877500090,False,False
1887000100,False,False
1888120080,False,False
1888120140,False,False
1890000166,True,True
1890000170,False,False
1890000250,False,False
1890000275,False,False
1891100090,True,True
1891100130,True,True
1895000045,False,False
1895450090,False,False
1895450200,True,True
1895450230,False,False
1896700080,False,False
1898200030,False,False
1898200100,False,False
1898310100,False,False
1898600050,False,False
1898600100,True,True
1898700050,False,False
1898700310,False,False
1898900040,False,False
1898900100,False,False
1898900280,False,False
1900000060,False,False
1900600015,False,False
1900600040,False,False
1900600105,False,False
1901600090,False,False
1901600095,False,False
1909600115,False,False
1912100875,False,False
1912100882,False,False
1912100885,False,False
1917300025,False,False
1917300105,True,True
1919800090,True,True
1920079062,True,True
1920079103,False,False
1921059045,True,True
1921059213,False,False
1921059235,False,False
1921059303,True,True
1921059310,False,False
1921069059,False,False
1921069068,False,False
1921069082,False,False
1921069084,False,False
1921069101,False,False
1922000070,True,True
1922000180,False,False
1922039062,True,True
1922059027,False,False
1922059102,True,True
1922059197,False,False
1922059278,False,False
1922059282,False,False
1922059298,False,False
1922059396,True,True
1922059445,False,False
1922069071,True,True
1922069089,False,False
1922069099,True,True
1923000030,True,True
1923000050,False,False
1923000150,False,False
1923000260,True,True
1923000370,True,True
1923039089,False,False
1923069078,False,False
1923099034,False,False
1923099058,False,False
1923300170,False,False
1923300315,False,False
1923800135,False,False
1924059029,False,False
1924059248,True,True
1924059254,False,False
1924059278,False,False
1924059319,True,True
1924069039,True,True
1924069058,False,False
1924069071,True,True
1924069105,False,False
1924079090,True,True
1924079091,False,False
1925059049,False,False
1925059073,False,False
1925059200,True,True
1925059254,False,False
1925069006,True,True
1925069066,False,False
1925069082,False,False
1925069099,True,True
1925069199,False,False
1926049141,False,False
1926049154,True,True
1926049210,False,False
1926049326,False,False
1926049355,False,False
1926049385,False,False
1926049398,False,False
1926059027,True,True
1926059099,True,True
1926059155,False,False
1926059236,False,False
1926069035,True,True
1926069054,True,True
1926069063,True,True
1926069137,False,False
1926069143,True,True
1926069192,False,False
1928300350,False,False
1928300620,False,False
1928300640,True,True
1929300052,False,False
1929300305,False,False
1929300415,False,False
1930300410,False,False
1930300915,False,False
1930301015,False,False
1930301220,True,True
1930301540,False,False
1931300010,False,False
1931300035,False,False
1931300110,False,False
1931300175,True,True
1931300308,False,False
1931300412,True,True
1931300425,False,False
1931300665,True,True
1931300815,False,False
1931300870,True,True
1931300977,False,False
1931301105,False,False
1932300075,False,False
1934800022,False,False
1934800078,False,False
1934800086,True,True
1934800133,False,False
1934800138,False,False
1934800142,False,False
1934800162,False,False
1934800180,True,True
1934800193,False,False
1937300180,True,True
1937300193,False,False
1937300270,True,True
1937300280,False,False
1938400010,False,False
1938400040,False,False
1938400300,False,False
1938400410,True,True
1938400520,True,True
1939000030,False,False
1939000040,False,False
1939050110,False,False
1939100560,False,False
1939100610,False,False
1939110080,True,True
1939110310,True,True
1939120050,True,True
1939120540,False,False
1939130070,False,False
1939130120,False,False
1939130730,True,True
1941400080,True,True
1946000100,False,False
1947300115,False,False
1950900005,False,False
1950900245,False,False
1951100110,False,False
1951500030,False,False
1951500055,False,False
1951600150,True,True
1951700480,False,False
1951700700,False,False
1951800040,False,False
1951800580,False,False
1952000150,False,False
1952200220,True,True
1952200240,False,False
1952200410,True,True
1953400045,True,True
1953400520,False,False
1953400570,True,True
1954400500,False,False
1954400510,False,False
1954420170,True,True
1954420230,False,False
1954420420,False,False
1954430190,False,False
1954430390,False,False
1954440050,True,True
1954440060,False,False
1954440080,True,True
1954630080,False,False
1954700365,False,False
1954700410,False,False
1954700610,False,False
1954700695,False,False
1959700540,True,True
1959701695,True,True
1959701745,True,True
1959701800,True,True
1959701890,True,True
1959702045,False,False
1959703070,False,False
1962200036,False,False
1962200037,False,False
1962200145,False,False
1964700054,False,False
1965200010,True,True
1972200139,False,False
1972200227,False,False
1972200259,False,False
1972200325,True,True
1972200426,False,False
1972200553,True,True
1972200554,False,False
1972200555,False,False
1972200660,False,False
1972200696,False,False
1972200698,False,False
1972200725,False,False
1972200728,False,False
1972200751,False,False
1972200847,False,False
1972200882,False,False
1972201161,False,False
1972201305,False,False
1972201550,False,False
1972201772,True,True
1972201773,False,False
1972201820,False,False
1972201960,False,False
1972201964,False,False
1972201965,False,False
1972201967,False,False
1972202005,False,False
1972202010,False,False
1972202023,False,False
1972202187,True,True
1972202505,False,False
1972205338,True,True
1972205633,False,False
1972205790,False,False
1973800150,False,False
1974200020,True,True
1974200060,False,False
1974300020,True,True
1974300060,False,False
1980200015,False,False
1982200015,False,False
1982200245,True,True
1982200430,False,False
1982200480,False,False
1982200675,False,False
1982201255,False,False
1982201345,False,False
1982201465,False,False
1994200012,False,False
1994200024,True,True
1994200031,False,False
1994200040,True,True
1995200200,False,False
1995200215,False,False
1995200245,True,True
1995200320,False,False
1997200060,True,True
1997200165,False,False
1997200215,True,True
1997200245,True,True
1999600320,False,False
1999700045,False,False
2004100075,False,False
2005300140,False,False
2005600090,True,True
2008000130,False,False
2008000270,False,False
2008000420,False,False
2008200060,True,True
2009000370,False,False
2009000830,True,True
2009003136,False,False
2011000120,False,False
2011400019,False,False
2011400230,False,False
2011400401,False,False
2011400405,True,True
2011400520,False,False
2011400583,True,True
2011400662,False,False
2011400710,False,False
2011400779,False,False
2011400782,True,True
2011400791,True,True
2013300050,False,False
2013800095,False,False
2013800705,False,False
2013801086,False,False
2013802030,False,False
2019200220,False,False
2019200480,False,False
2021000180,False,False
2021200058,True,True
2021200370,False,False
2021200770,True,True
2021201085,False,False
2022059308,False,False
2023039045,False,False
2023039160,False,False
2023049206,True,True
2023049218,True,True
2023049350,False,False
2023059052,True,True
2024059052,False,False
2024059058,False,False
2024059059,False,False
2024059094,False,False
2024059110,False,False
2024059111,True,True
2024059127,True,True
2024059130,False,False
2024069008,False,False
2024069128,False,False
2024079035,False,False
2024089011,False,False
2025049006,False,False
2025049025,False,False
2025049028,False,False
2025049111,False,False
2025049114,False,False
2025049161,False,False
2025049175,True,True
2025049203,True,True
2025049206,False,False
2025059026,True,True
2025059131,False,False
2025059134,False,False
2025059201,True,True
2025059204,True,True
2025069025,False,False
2025069037,False,False
2025069065,False,False
2025069140,False,False
2025079033,True,True
2025079037,False,False
2025079045,True,True
2025600280,True,True
2025700080,False,False
2025700130,False,False
2025700180,True,True
2025700200,False,False
2025700260,False,False
2025700270,True,True
2025700430,False,False
2025700790,False,False
2025700860,False,False
2025701080,True,True
2025701190,True,True
2025701390,False,False
2025760160,False,False
2025800080,True,True
2026049067,True,True
2026049097,True,True
2026049122,False,False
2026049124,False,False
2026049155,False,False
2026049183,True,True
2026049184,True,True
2026049326,False,False
2026059181,True,True
2026079016,False,False
2028700360,False,False
2028700535,True,True
2028700570,True,True
2028700575,False,False
2028701000,True,True
2028701165,True,True
2044500142,True,True
2044500152,False,False
2044500201,False,False
2044500213,True,True
2045400075,True,True
2045800006,True,True
2048000330,False,False
2050100250,False,False
2050100450,False,False
2056100275,False,False
2061100265,False,False
2061100390,False,False
2061100570,True,True
2061800045,True,True
2062600020,False,False
2064800120,False,False
2064800600,False,False
2064800610,True,True
2064800830,False,False
2064800880,True,True
2064800890,False,False
2068000270,False,False
2068500210,False,False
2070100040,False,False
2071700010,False,False
2078500320,False,False
2078500350,False,False
2085200545,True,True
2085700050,False,False
2087700115,True,True
2095800250,False,False
2100200020,True,True
2102700025,False,False
2105200010,False,False
2105200050,False,False
2108500110,False,False
2110200036,False,False
2110900050,True,True
2111000580,False,False
2111010080,True,True
2111010340,True,True
2111010890,False,False
2111010940,False,False
2111011060,False,False
2112700030,False,False
2112700185,False,False
2112700240,False,False
2112700280,False,False
2112700370,True,True
2112700600,False,False
2112700895,False,False
2112701165,False,False
2113200065,False,False
2113700005,True,True
2113700060,True,True
2113700115,False,False
2113700235,False,False
2113700335,False,False
2113700360,False,False
2113700485,False,False
2113700500,True,True
2113700620,False,False
2113700780,False,False
2113700790,False,False
2113701080,False,False
2113701095,True,True
2113701100,False,False
2113701200,True,True
2114300290,False,False
2114700040,False,False
2114700090,False,False
2114700374,False,False
2114700384,False,False
2114700460,True,True
2114700500,False,False
2114700615,True,True
2115200125,False,False
2115200160,False,False
2115510330,False,False
2115510340,False,False
2115510470,True,True
2115720070,False,False
2115720130,False,False
2115720500,False,False
2117700065,False,False
2117700085,False,False
2120069003,True,True
2121000300,False,False
2122039137,False,False
2122049013,True,True
2122049038,False,False
2122059014,True,True
2122059077,True,True
2122059127,True,True
2122059160,False,False
2122059198,False,False
2122059206,False,False
2122059216,False,False
2122059236,False,False
2122700120,False,False
2123039032,True,True
2123049086,True,True
2123049114,True,True
2123049175,False,False
2123049194,False,False
2123049420,True,True
2123049498,False,False
2123049502,True,True
2123700015,False,False
2123700100,False,False
2124049160,True,True
2124049229,True,True
2124049254,False,False
2124069078,False,False
2124069115,False,False
2124079010,True,True
2124079093,True,True
2124089028,True,True
2125049024,False,False
2125049120,False,False
2125049131,True,True
2125049133,False,False
2125049139,False,False
2125059013,False,False
2125059123,False,False
2125059163,False,False
2125079054,True,True
2125400010,False,False
2125400160,True,True
2126049083,True,True
2126049096,True,True
2126049154,False,False
2126049290,False,False
2126059048,False,False
2126059139,True,True
2126059219,False,False
2126059234,False,False
2126059276,False,False
2126059294,False,False
2126059295,False,False
2126079014,True,True
2126079124,False,False
2128000050,False,False
2128000160,True,True
2128000180,True,True
2129700142,False,False
2129700320,False,False
2130200160,True,True
2130410050,False,False
2130700860,False,False
2130702075,False,False
2130702205,False,False
2130702270,False,False
2131200766,True,True
2131200885,False,False
2131200925,False,False
2131700900,False,False
2131701020,True,True
2131701075,True,True
2131701240,True,True
2131701410,False,False
2132200230,False,False
2133010110,False,False
2133010290,False,False
2135200155,False,False
2138000120,False,False
2138700141,True,True
2138700345,False,False
2138800060,True,True
2140700190,False,False
2140900100,True,True
2140950160,False,False
2141200030,True,True
2141300080,False,False
2141300620,False,False
2141310020,True,True
2141310490,True,True
2141310540,False,False
2141310580,True,True
2141310820,False,False
2141330050,False,False
2141500040,False,False
2143700406,False,False
2143700676,False,False
2143700756,False,False
2143700830,True,True
2143700861,False,False
2143700935,True,True
2144800117,False,False
2144800146,True,True
2144800215,False,False
2144800311,True,True
2147300050,True,True
2149800148,False,False
2154500060,True,True
2154550020,True,True
2154900040,False,False
2154900330,False,False
2155000160,True,True
2155000290,True,True
2155000480,False,False
2155500030,False,False
2156500220,False,False
2158900095,False,False
2158900290,False,False
2159800120,True,True
2159900020,True,True
2159900060,True,True
2161400060,True,True
2162000190,False,False
2162000260,True,True
2163300130,True,True
2163900028,False,False
2171400126,False,False
2171400199,False,False
2171400218,False,False
2172000035,True,True
2172000075,False,False
2172000285,False,False
2172000570,False,False
2172000750,False,False
2172000846,False,False
2172000894,True,True
2174503500,False,False
2175100055,False,False
2175100205,False,False
2175100270,True,True
2180001080,True,True
2188200785,False,False
2190600243,False,False
2190601049,False,False
2190601055,False,False
2193300390,True,True
2193300620,True,True
2193310320,True,True
2193320210,False,False
2193330030,True,True
2193330090,False,False
2193340120,False,False
2194100050,True,True
2195700230,False,False
2195700270,False,False
2195900010,False,False
2197600388,False,False
2197600451,False,False
2200500350,True,True
2201500030,True,True
2201500185,False,False
2201500240,False,False
2201500440,False,False
2201500450,True,True
2201500680,True,True
2201500980,False,False
2201501015,False,False
2202500025,False,False
2202500080,False,False
2202500110,False,False
2202500150,False,False
2202500290,False,False
2203500570,True,True
2204500480,False,False
2204500550,False,False
2205500030,True,True
2205500080,False,False
2205500335,False,False
2205500355,False,False
2205500575,False,False
2205700180,False,False
2205700345,False,False
2205700350,False,False
2205700470,False,False
2206500110,True,True
2206500300,True,True
2206500395,True,True
2206500550,False,False
2206700070,True,True
2206700165,False,False
2206700215,False,False
2206700280,False,False
2207000060,False,False
2207100255,False,False
2207100405,False,False
2207100635,False,False
2207100650,False,False
2207200405,False,False
2207200455,False,False
2207200520,False,False
2207200675,True,True
2207200820,True,True
2207500200,False,False
2207500695,False,False
2207500880,False,False
2210500010,False,False
2210500019,True,True
2211300260,False,False
2211700160,False,False
2211700290,True,True
2212200050,True,True
2212200100,True,True
2212200270,False,False
2212200500,False,False
2212210360,False,False
2212210660,False,False
2212250080,False,False
2212500430,False,False
2212600040,False,False
2212600100,False,False
2212700180,False,False
2212900180,False,False
2212900470,True,True
2212900920,False,False
2212901010,False,False
2212901130,False,False
2213000030,False,False
2214800110,False,False
2214800170,True,True
2214800270,False,False
2214800630,True,True
2214800730,False,False
2215450060,False,False
2215500080,False,False
2215500205,True,True
2215500220,False,False
2215500230,True,True
2215800050,True,True
2215900180,False,False
2215900410,False,False
2215900800,False,False
2215900900,False,False
2215900930,False,False
2215901190,False,False
2215901310,False,False
2215901650,False,False
2215901840,False,False
2215902010,False,False
2218000390,False,False
2220069196,False,False
2220069203,False,False
2221000070,False,False
2221800080,True,True
2222039011,True,True
2222049108,True,True
2222059064,False,False
2222059065,False,False
2222059099,True,True
2222059154,False,False
2223059052,True,True
2223059053,False,False
2223059099,False,False
2223069112,False,False
2223089048,False,False
2223089053,False,False
2224069109,False,False
2224069165,False,False
2224079001,False,False
2224079050,False,False
2224079086,True,True
2224700045,False,False
2225039103,False,False
2225039130,True,True
2225059170,False,False
2225059214,False,False
2225059240,False,False
2225059273,False,False
2225059336,False,False
2225069036,False,False
2225069062,False,False
2226069018,True,True
2227900040,True,True
2228900161,False,False
2228900191,False,False
2228900195,False,False
2228900270,True,True
2229900020,False,False
2231000020,True,True
2231500030,False,False
2231800020,False,False
2235000015,False,False
2239000016,False,False
2239800070,False,False
2248000080,True,True
2249500059,True,True
2249500367,True,True
2249800080,True,True
2250000010,False,False
2251500270,False,False
2253200010,True,True
2254100090,False,False
2254501095,False,False
2254501335,False,False
2254501342,False,False
2254501440,False,False
2254502070,False,False
2254502071,True,True
2254502445,True,True
2255500125,False,False
2256500005,False,False
2258500049,True,True
2260000210,True,True
2260800170,False,False
2264500350,True,True
2264500425,True,True
2264500890,True,True
2267000160,False,False
2267000453,False,False
2267000458,False,False
2267000485,False,False
2267000486,False,False
2267000730,False,False
2268000050,False,False
2268000180,False,False
2268000370,False,False
2268000470,False,False
2268000500,False,False
2268400350,True,True
2270000070,False,False
2273600250,False,False
2273600410,False,False
2273600460,False,False
2274000026,False,False
2287000030,True,True
2287000060,False,False
2287000280,False,False
2287000330,False,False
2287600035,False,False
2287600040,False,False
2288000090,False,False
2288900140,False,False
2291400236,False,False
2291400350,False,False
2291401115,False,False
2294900010,True,True
2296500036,False,False
2296500131,False,False
2296700330,False,False
2296700470,False,False
2297400090,False,False
2301400276,True,True
2301400325,True,True
2301400470,True,True
2301400540,True,True
2301400655,False,False
2303900045,False,False
2303900090,False,False
2303900100,True,True
2306400010,False,False
2309710070,False,False
2309710130,False,False
2309710230,False,False
2310000240,False,False
2310000380,False,False
2310000440,False,False
2310010050,True,True
2310010270,False,False
2310030490,True,True
2310050040,False,False
2310050110,True,True
2310060040,True,True
2310060230,False,False
2310100180,False,False
2310100230,True,True
2310110070,False,False
2310110120,False,False
2310110230,False,False
2311400056,True,True
2311400145,False,False
2311400195,False,False
2312400230,True,True
2313900560,False,False
2313900740,False,False
2313900810,False,False
2314300170,False,False
2314300420,False,False
2316800020,True,True
2316800100,False,False
2320069083,False,False
2320069089,True,True
2320069107,False,False
2320069111,True,True
2320069189,False,False
2320069206,False,False
2320069248,False,False
2320069260,False,False
2320069364,False,False
2321059093,False,False
2321300325,False,False
2321300351,False,False
2321300390,True,True
2322029048,False,False
2322059039,False,False
2322059136,False,False
2322069010,True,True
2322069100,True,True
2322069114,False,False
2322069175,False,False
2323059184,True,True
2323069022,True,True
2323069053,False,False
2323069073,False,False
2323089009,False,False
2323089065,False,False
2324039036,True,True
2324039069,False,False
2324039077,False,False
2324039100,True,True
2324039152,True,True
2324059314,False,False
2324079057,False,False
2324079073,False,False
2324800070,False,False
2324800110,True,True
2325039057,False,False
2325039067,False,False
2325039084,False,False
2325059101,False,False
2325069054,False,False
2325069117,False,False
2325300037,False,False
2325300060,False,False
2325300093,True,True
2325400040,False,False
2325400170,True,True
2325400330,False,False
2326059082,False,False
2326059099,True,True
2326079039,True,True
2326300010,False,False
2326600130,False,False
2326600150,False,False
2329500260,False,False
2329600040,False,False
2329600280,False,False
2329720040,False,False
2329800240,True,True
2329800330,True,True
2329800430,False,False
2329800630,False,False
2329810590,True,True
2330000035,False,False
2330000130,False,False
2331300025,False,False
2331300415,False,False
2331540070,True,True
2332700081,False,False
2333230060,False,False
2333230270,False,False
2338800100,True,True
2338800161,False,False
2341300115,True,True
2344300122,False,False
2344300170,True,True
2344300180,False,False
2345500010,False,False
2345700500,False,False
2346200030,False,False
2346200050,True,True
2346800005,False,False
2346800180,False,False
2346800270,True,True
2346800461,False,False
2349300060,True,True
2349300090,True,True
2351800065,False,False
2354300456,False,False
2354300550,True,True
2354300740,False,False
2354300835,False,False
2354300910,False,False
2354300915,False,False
2355010090,False,False
2356800020,False,False
2359300030,False,False
2366400150,True,True
2366800055,True,True
2372800050,False,False
2372800145,False,False
2374200005,False,False
2377000040,False,False
2379300330,True,True
2379300340,False,False
2380000040,False,False
2380000190,True,True
2385200050,False,False
2386000020,False,False
2386000170,False,False
2386000240,False,False
2386000300,True,True
2387000110,False,False
2387400120,False,False
2387600010,True,True
2391600165,False,False
2391600320,False,False
2391600335,True,True
2391600950,True,True
2391601195,True,True
2391601380,False,False
2391602250,False,False
2391602350,False,False
2391602500,True,True
2391602650,True,True
2394600157,False,False
2395710010,False,False
2395710020,False,False
2397100155,False,False
2397100560,False,False
2397100705,False,False
2397100975,True,True
2397101075,False,False
2397101185,False,False
2397101200,True,True
2397101375,False,False
2397101606,True,True
2402100205,True,True
2402100575,False,False
2402100715,True,True
2402100895,True,True
2405500050,False,False
2407000110,True,True
2407900200,True,True
2407900550,False,False
2408600160,False,False
2408800130,True,True
2412600030,False,False
2412600070,False,False
2413300240,False,False
2413300730,True,True
2413300810,False,False
2413910120,False,False
2413910190,False,False
2414600126,True,True
2414600195,True,True
2414600255,False,False
2414600366,True,True
2414600400,False,False
2419600005,True,True
2419700030,False,False
2419700080,False,False
2420069003,False,False
2420069017,False,False
2420069042,False,False
2420069220,False,False
2420069242,True,True
2420069251,True,True
2420069268,True,True
2421059009,False,False
2421059017,False,False
2421059036,False,False
2421059090,False,False
2421069039,False,False
2422000067,False,False
2422049104,False,False
2422059015,False,False
2423010130,True,True
2423020090,False,False
2423020260,False,False
2423020270,False,False
2423029009,False,False
2423029245,True,True
2423039122,True,True
2423039134,False,False
2423059060,False,False
2423059104,True,True
2423069039,True,True
2423069120,False,False
2423069155,False,False
2423069170,True,True
2423400040,False,False
2423600100,False,False
2424000060,False,False
2424039029,True,True
2424039036,True,True
2424049029,False,False
2424059018,False,False
2424059052,False,False
2424059061,True,True
2424059116,False,False
2424059127,False,False
2424059139,False,False
2424059163,True,True
2424410110,False,False
2425039017,False,False
2425049061,False,False
2425049066,True,True
2425049107,True,True
2425059144,False,False
2425059174,False,False
2425069069,True,True
2425700005,True,True
2425700022,True,True
2426039123,False,False
2426039130,False,False
2426039247,False,False
2426049078,False,False
2426049113,False,False
2426049125,False,False
2426049154,False,False
2426049168,True,True
2426049174,False,False
2426049180,False,False
2426059097,False,False
2426059103,False,False
2426059124,False,False
2426069085,False,False
2427910040,True,True
2428100070,False,False
2428100130,False,False
2432000110,False,False
2432000130,False,False
2436200025,True,True
2436200185,False,False
2436200200,False,False
2436200320,False,False
2436200395,True,True
2436200436,False,False
2436700395,False,False
2436700540,False,False
2436700610,True,True
2436700625,False,False
2436700655,False,False
2436700666,True,True
2436700800,False,False
2436701180,True,True
2436701200,True,True
2447500015,False,False
2450000165,False,False
2450000275,False,False
2450000320,True,True
2450500060,False,False
2451000070,False,False
2457200040,False,False
2457200120,False,False
2458400345,True,True
2459500210,True,True
2459500310,True,True
2459970020,False,False
2460500020,True,True
2460600040,False,False
2460700030,False,False
2460700260,False,False
2460700430,False,False
2460700650,False,False
2460900010,False,False
2461900175,False,False
2461900446,True,True
2461900492,False,False
2461900510,False,False
2461900550,False,False
2461900609,False,False
2461900760,True,True
2461900790,False,False
2461900845,True,True
2461900945,False,False
2464400280,False,False
2464400340,False,False
2464400500,False,False
2465400036,True,True
2472920680,True,True
2472920780,True,True
2472930270,True,True
2472950120,False,False
2472950170,True,True
2472950350,True,True
2473000130,False,False
2473000680,False,False
2473000720,True,True
2473001210,False,False
2473002080,False,False
2473002100,False,False
2473002650,False,False
2473002700,True,True
2473003210,False,False
2473100010,True,True
2473100090,True,True
2473100330,False,False
2473100450,True,True
2473100510,False,False
2473100635,False,False
2473100790,False,False
2473101070,True,True
2473101140,False,False
2473101190,True,True
2473101360,False,False
2473250850,False,False
2473251180,False,False
2473350470,True,True
2473350790,False,False
2473350930,False,False
2473351050,False,False
2473360060,False,False
2473370050,False,False
2473370110,True,True
2473370750,False,False
2473370870,False,False
2473370890,False,False
2473371570,True,True
2473372250,True,True
2473380400,False,False
2473380920,False,False
2473381070,False,False
2473381150,False,False
2473390440,True,True
2473400110,False,False
2473400290,False,False
2473400340,True,True
2473400570,False,False
2473410360,False,False
2473410690,False,False
2473410740,False,False
2473411080,False,False
2473411240,False,False
2473420140,False,False
2473420170,True,True
2473440070,True,True
2473450870,True,True
2473460060,True,True
2473460650,True,True
2473460860,False,False
2473480210,False,False
2473480310,True,True
2473480780,False,False
2473500110,False,False
2473510090,False,False
2473510260,True,True
2473530100,False,False
2473530150,False,False
2474300050,True,True
2474400250,True,True
2474400300,False,False
2475200080,False,False
2475200140,True,True
2475200290,False,False
2475200330,False,False
2475200370,True,True
2475200590,False,False
2475200870,False,False
2475200930,False,False
2475201070,False,False
2475201180,False,False
2475400120,False,False
2475900170,True,True
2475900855,False,False
2475901105,False,False
2481200140,False,False
2481590090,False,False
2481600030,False,False
2481600110,True,True
2481610050,False,False
2481610170,False,False
2481620310,True,True
2481630030,False,False
2481630070,False,False
2481630200,False,False
2481630290,False,False
2482500040,False,False
2483200060,False,False
2483700095,False,False
2483700160,False,False
2484200080,False,False
2484200171,False,False
2484700145,False,False
2485000076,False,False
2485000100,False,False
2485000202,False,False
2487200490,False,False
2487200680,False,False
2487200775,False,False
2487200938,False,False
2487200940,True,True
2487700065,False,False
2488200168,False,False
2488200459,False,False
2489200070,True,True
2489200165,False,False
2490200055,True,True
2490200165,False,False
2490200220,False,False
2490200320,False,False
2490200450,False,False
2490200615,False,False
2490200620,True,True
2491200050,True,True
2491200330,True,True
2491200675,True,True
2491200955,False,False
2492200055,False,False
2492200256,False,False
2492200335,True,True
2492200956,False,False
2492201005,True,True
2493200040,False,False
2493200155,False,False
2493200195,False,False
2493200235,True,True
2493200325,False,False
2493200370,True,True
2493200435,False,False
2493200455,False,False
2494000070,True,True
2501600150,False,False
2508800220,False,False
2513500010,False,False
2516000475,False,False
2516000486,True,True
2516000515,False,False
2517000140,True,True
2517000150,False,False
2517000600,False,False
2517000650,False,False
2517000700,False,False
2517000790,False,False
2517010120,True,True
2517010230,False,False
2517010630,False,False
2517100490,False,False
2518400046,False,False
2521059042,True,True
2521059060,True,True
2522029136,False,False
2522059112,False,False
2522059251,False,False
2522069064,True,True
2523039054,True,True
2523039282,True,True
2523039310,True,True
2523039315,False,False
2523039346,False,False
2523069134,False,False
2523069146,False,False
2523069156,False,False
2523069172,False,False
2523069192,True,True
2523089097,False,False
2523089110,False,False
2523400205,False,False
2524000050,False,False
2524049018,False,False
2524049108,False,False
2524049148,False,False
2524049166,False,False
2524049179,False,False
2524049215,False,False
2524049250,False,False
2524069078,False,False
2525000220,False,False
2525000510,False,False
2525000690,False,False
2525000760,False,False
2525049086,False,False
2525049113,False,False
2525049133,True,True
2525049148,False,False
2525049246,False,False
2525049259,True,True
2525049263,False,False
2525049266,False,False
2525059077,True,True
2525059127,False,False
2525059134,False,False
2525069041,True,True
2525300030,False,False
2525300200,True,True
2525300380,False,False
2525300480,False,False
2525300540,False,False
2525300550,False,False
2525310040,False,False
2525310220,False,False
2525310310,False,False
2525310320,False,False
2525500260,False,False
2526039156,False,False
2526059046,False,False
2526059076,False,False
2526059086,False,False
2526059225,False,False
2526069092,False,False
2530800070,True,True
2533300025,True,True
2533300130,False,False
2537500040,False,False
2537500140,True,True
2538400040,False,False
2538410260,True,True
2538800030,False,False
2540700110,True,True
2541100050,False,False
2545700020,False,False
2545900050,False,False
2546500020,True,True
2547200160,True,True
2547200190,True,True
2547200240,False,False
2548100140,False,False
2548100180,False,False
2549000020,False,False
2550820060,False,False
2551500180,False,False
2551500220,False,False
2553300030,True,True
2553300120,False,False
2553300140,True,True
2553300270,False,False
2556500040,False,False
2557000090,True,True
2557000540,False,False
2558160220,True,True
2558600060,False,False
2558600130,False,False
2558610070,True,True
2558630060,False,False
2558640110,True,True
2558640340,False,False
2558650130,False,False
2558650200,False,False
2558660190,True,True
2558660270,False,False
2558660290,True,True
2558690130,False,False
2558690150,True,True
2558700220,False,False
2558720120,True,True
2558730070,True,True
2559950110,False,False
2560800165,False,False
2560801222,True,True
2560803248,False,False
2560805440,False,False
2561320120,True,True
2561340020,True,True
2561360210,False,False
2564900020,False,False
2564900470,False,False
2568200120,False,False
2568200130,False,False
2568200170,False,False
2568200290,False,False
2568200610,False,False
2568300040,False,False
2568300045,True,True
2568300132,False,False
2568300210,False,False
2568300266,False,False
2568800121,False,False
2568800160,False,False
2568800290,True,True
2569600150,True,True
2570300240,True,True
2570500090,False,False
2570500230,False,False
2570600140,False,False
2571910160,False,False
2571910260,True,True
2571910380,False,False
2571910420,True,True
2572400100,False,False
2574900080,False,False
2579500006,False,False
2579500101,True,True
2579500110,True,True
2579500181,False,False
2581900036,False,False
2581900060,True,True
2581900165,True,True
2581900284,True,True
2582500110,False,False
2586800140,False,False
2586800210,False,False
2587910180,False,False
2587920110,False,False
2588800006,True,True
2589300065,False,False
2589300170,False,False
2589300180,False,False
2591010040,False,False
2591010150,False,False
2591010240,True,True
2591020560,False,False
2591700037,True,True
2591720070,False,False
2591720160,False,False
2591720360,False,False
2591730200,True,True
2591730230,False,False
2591760070,False,False
2591800340,False,False
2591800530,False,False
2591820080,False,False
2591830130,False,False
2591830350,False,False
2591850080,False,False
2592200030,False,False
2592201350,False,False
2592210150,True,True
2592210160,False,False
2592210370,False,False
2592220040,False,False
2592400140,False,False
2592400170,True,True
2592400250,False,False
2592400400,False,False
2592400470,False,False
2592400550,False,False
2592401080,False,False
2594200230,False,False
2594200566,False,False
2595300155,False,False
2595300210,False,False
2595650060,False,False
2595650100,False,False
2595650170,True,True
2595650220,False,False
2597000006,False,False
2597000130,True,True
2597300020,False,False
2597450120,False,False
2597450250,True,True
2597460090,False,False
2597490140,False,False
2597490300,False,False
2597490410,False,False
2597490660,False,False
2597490750,False,False
2597500090,False,False
2597500840,False,False
2597501190,True,True
2597520580,False,False
2597520790,False,False
2597530760,False,False
2597531020,False,False
2597531030,False,False
2597531110,False,False
2597550090,False,False
2597650240,True,True
2597650660,True,True
2597670080,True,True
2597670470,True,True
2597690050,False,False
2597710050,True,True
2597710070,False,False
2597710450,True,True
2599000130,True,True
2599000370,False,False
2599001010,True,True
2599001200,False,False
2599001240,True,True
2599200460,False,False
2599700040,True,True
2600000210,False,False
2600010070,False,False
2600010220,True,True
2600010330,True,True
2600010360,False,False
2600020100,True,True
2600020330,False,False
2600030210,True,True
2600100110,False,False
2600100180,True,True
2600100300,True,True
2600100370,False,False
2600110560,False,False
2600110710,False,False
2600130020,True,True
2600130190,True,True
2600140070,True,True
2600140120,True,True
2600140370,False,False
2600140500,False,False
2600300110,False,False
2600400030,False,False
2607720440,False,False
2607730110,False,False
2607730490,False,False
2607740100,False,False
2607760190,True,True
2607760680,True,True
2607760700,False,False
2607760890,False,False
2607801120,False,False
2608300030,False,False
2608300035,False,False
2608300103,False,False
2610100015,True,True
2613200025,True,True
2616700450,False,False
2616700520,True,True
2616700560,False,False
2616800480,False,False
2617300160,False,False
2617300200,True,True
2617370090,False,False
2617900035,False,False
2618300080,True,True
2618300190,False,False
2619600010,False,False
2619920010,True,True
2619920030,False,False
2619920110,True,True
2619920170,True,True
2619950060,False,False
2619950070,False,False
2619950110,False,False
2619950350,True,True
2619950400,False,False
2619950490,False,False
2619950740,False,False
2620069195,True,True
2621069017,False,False
2621069066,False,False
2621420060,True,True
2621600015,False,False
2621660040,False,False
2621700010,False,False
2621730220,True,True
2621750110,False,False
2621750280,False,False
2621760290,False,False
2621760360,True,True
2621760480,False,False
2622029072,True,True
2622029073,False,False
2622059062,False,False
2622059138,True,True
2622059197,False,False
2623029003,True,True
2623039018,False,False
2623039082,True,True
2623069031,False,False
2623069067,False,False
2623069106,True,True
2623089002,True,True
2624039133,False,False
2624049035,False,False
2624049050,False,False
2624049073,False,False
2624049091,True,True
2624049115,True,True
2624049117,True,True
2624049167,False,False
2624049169,False,False
2624049185,True,True
2624059036,False,False
2624079022,True,True
2624079028,False,False
2624089007,False,False
2624089022,True,True
2624089026,False,False
2624089040,False,False
2624089181,False,False
2625059301,True,True
2632000080,False,False
2634500005,True,True
2634500050,False,False
2636900126,True,True
2639400020,True,True
2641400290,False,False
2641800015,False,False
2641800060,True,True
2644300005,False,False
2644900149,False,False
2645500013,False,False
2645500021,False,False
2648500030,True,True
2649500155,False,False
2651100050,False,False
2652500015,False,False
2652500070,False,False
2652500126,True,True
2652500155,False,False
2652500210,True,True
2652500225,False,False
2652500300,False,False
2652500740,False,False
2652500795,False,False
2652501470,False,False
2652501513,False,False
2652501565,False,False
2652501630,False,False
2653000005,True,True
2655500235,False,False
2655500241,True,True
2658000215,False,False
2658000335,False,False
2658000373,False,False
2660500095,True,True
2660500283,False,False
2663000050,False,False
2663000345,False,False
2663000580,False,False
2675600025,True,True
2675600028,False,False
2676500080,True,True
2678100005,False,False
2680700280,False,False
2685600005,False,False
2685600090,False,False
2688100071,False,False
2688100075,True,True
2690100170,False,False
2690600005,True,True
2695600005,False,False
2695600070,True,True
2695600190,True,True
2695600375,False,False
2695600455,False,False
2695600505,False,False
2697100140,False,False
2697400020,True,True
2698200010,False,False
2700200040,False,False
2705600067,True,True
2705600068,False,False
2705600069,False,False
2708100130,False,False
2710600015,False,False
2710600025,False,False
2710600045,False,False
2710600070,False,False
2710600080,True,True
2716600273,False,False
2719100115,False,False
2719100240,False,False
2721049061,True,True
2721059173,True,True
2721600010,True,True
2722049092,False,False
2722049246,True,True
2722059010,False,False
2722059075,False,False
2722059183,False,False
2722059215,False,False
2722059275,False,False
2722059292,True,True
2722059322,True,True
2722069077,True,True
2723069052,False,False
2723069082,False,False
2723069129,False,False
2723069147,False,False
2723089104,False,False
2724049076,False,False
2724049146,False,False
2724049185,False,False
2724049222,False,False
2724069010,False,False
2724069070,False,False
2724069169,False,False
2724079014,False,False
2724079061,False,False
2724089019,False,False
2724200705,False,False
2725069085,False,False
2725069108,True,True
2725069121,False,False
2725069156,False,False
2725069162,True,True
2725069164,True,True
2726049034,True,True
2726049071,False,False
2726049169,True,True
2726059100,False,False
2726059144,False,False
2726079061,False,False
2726079103,True,True
2730000070,True,True
2730000270,False,False
2730500140,False,False
2731600045,False,False
2731600080,True,True
2734100065,False,False
2734100732,True,True
2734100738,False,False
2734100835,False,False
2734101055,False,False
2738600080,False,False
2738600140,False,False
2738600220,False,False
2738630040,False,False
2738640310,False,False
2738640470,True,True
2739200040,False,False
2739200050,False,False
2739200160,False,False
2741100280,False,False
2741100741,False,False
2741100800,False,False
2742100009,True,True
2742100016,False,False
2742100152,False,False
2742100250,False,False
2744000100,False,False
2747100024,False,False
2754700035,False,False
2754700095,False,False
2754700170,True,True
2755200040,True,True
2755200090,False,False
2755200110,False,False
2757000040,True,True
2759500105,True,True
2759800110,False,False
2762600035,False,False
2763710060,True,True
2767600171,False,False
2767600400,True,True
2767600673,False,False
2767600686,False,False
2767600688,False,False
2767600920,True,True
2767600921,False,False
2767600985,True,True
2767601031,False,False
2767601085,False,False
2767601100,True,True
2767601311,False,False
2767601752,False,False
2767601805,True,True
2767601815,False,False
2767601872,False,False
2767602141,False,False
2767602645,False,False
2767602720,True,True
2767602945,False,False
2767603026,False,False
2767603165,False,False
2767603210,False,False
2767603215,True,True
2767603255,False,False
2767603535,True,True
2767603577,False,False
2767603591,False,False
2767603608,False,False
2767603612,True,True
2767603615,False,False
2767603649,False,False
2767603753,False,False
2767603890,True,True
2767603931,False,False
2767603962,False,False
2767604067,False,False
2767604074,False,False
2767604212,False,False
2767604247,False,False
2767604252,True,True
2767604253,True,True
2767604254,True,True
2767604425,False,False
2767604551,True,True
2767604558,True,True
2767604580,True,True
2767604592,True,True
2767604712,False,False
2767604724,False,False
2767701416,False,False
2767704055,False,False
2767704251,True,True
2767704252,True,True
2767704302,False,False
2767704345,False,False
2767704525,False,False
2767704603,False,False
2767704682,False,False
2767705010,True,True
2767800065,False,False
2767900355,True,True
2768000295,False,False
2768000390,False,False
2768000400,False,False
2768100040,False,False
2768100180,False,False
2768100205,False,False
2768100206,False,False
2768100510,False,False
2768100512,False,False
2768100545,False,False
2768100690,True,True
2768200209,False,False
2768200210,True,True
2768200213,False,False
2768300736,False,False
2768301182,False,False
2768301214,False,False
2768301217,False,False
2768301357,False,False
2768301476,True,True
2768301477,False,False
2768301482,True,True
2768301490,True,True
2768301525,False,False
2768301715,False,False
2769600190,False,False
2769600305,True,True
2769600480,False,False
2769600560,True,True
2769600590,True,True
2769601250,False,False
2769602135,True,True
2769602475,False,False
2769602710,False,False
2769602840,True,True
2769602880,False,False
2770600795,False,False
2770600841,True,True
2770600853,True,True
2770600930,False,False
2770601365,True,True
2770601457,False,False
2770601461,False,False
2770601530,False,False
2770601595,True,True
2770601696,True,True
2770601769,False,False
2770601775,False,False
2770601782,True,True
2770601912,False,False
2770602135,False,False
2770602335,False,False
2770602360,False,False
2770602493,False,False
2770603522,False,False
2770604079,False,False
2770604080,False,False
2770604081,False,False
2770604082,True,True
2770604103,True,True
2770604104,False,False
2770604346,True,True
2770604365,True,True
2770604410,True,True
2770604575,False,False
2770604615,False,False
2770604920,True,True
2770604925,True,True
2770604942,True,True
2770605065,True,True
2770605175,False,False
2770605548,True,True
2770605550,False,False
2770606602,False,False
2770606685,False,False
2770606822,False,False
2771101200,False,False
2771101251,True,True
2771101921,False,False
2771101963,False,False
2771101964,False,False
2771102144,True,True
2771102158,False,False
2771104010,False,False
2771104830,True,True
2771104965,False,False
2771600350,False,False
2771601940,False,False
2771602174,False,False
2771602420,False,False
2771602425,False,False
2771602427,False,False
2771602428,False,False
2771602450,False,False
2771603050,False,False
2771603314,False,False
2771603610,True,True
2771603940,False,False
2771603990,False,False
2771604120,True,True
2771604190,True,True
2771604196,True,True
2771604226,False,False
2771604370,True,True
2771604791,True,True
2776600002,True,True
2776600082,True,True
2780400035,True,True
2780700020,False,False
2780910100,True,True
2781100080,False,False
2781200010,False,False
2781200090,False,False
2781230020,True,True
2781230070,False,False
2781230230,False,False
2781240040,True,True
2781240050,False,False
2781250110,True,True
2781250150,True,True
2781250400,False,False
2781250520,True,True
2781250530,False,False
2781250610,True,True
2781250750,False,False
2781250900,True,True
2781250970,False,False
2781260370,False,False
2781270080,False,False
2781270090,False,False
2781270400,True,True
2781270550,True,True
2781280150,False,False
2781280230,False,False
2781280290,False,False
2781280300,False,False
2781280390,True,True
2781600195,True,True
2782100280,False,False
2783100050,False,False
2783100230,False,False
2785000110,False,False
2785000290,True,True
2785000480,False,False
2787250240,False,False
2787311110,False,False
2787311190,False,False
2787311480,True,True
2787320140,True,True
2787320430,True,True
2787320620,True,True
2787460120,False,False
2787460430,False,False
2787460720,False,False
2787700030,True,True
2787700150,True,True
2787700180,True,True
2787700210,False,False
2787700580,False,False
2787700630,True,True
2787720140,False,False
2787720170,False,False
2788400020,True,True
2788500090,True,True
2789000120,False,False
2790400380,False,False
2791500020,False,False
2791500280,True,True
2794700120,False,False
2795000060,False,False
2796100160,False,False
2796100680,False,False
2797500030,False,False
2798000020,False,False
2798600120,False,False
2798600240,False,False
2799800750,False,False
2801910100,False,False
2802200100,True,True
2804100095,False,False
2804600010,True,True
2804600155,False,False
2806000560,True,True
2806300065,False,False
2806800090,True,True
2806800120,False,False
2807100095,True,True
2807100155,False,False
2807100156,True,True
2810100007,False,False
2810100023,True,True
2810100040,True,True
2810600210,False,False
2813100100,False,False
2815600215,False,False
2815600235,False,False
2816900030,False,False
2817100040,False,False
2817100430,False,False
2817100570,True,True
2817210210,False,False
2817210420,True,True
2817260130,False,False
2817800100,True,True
2817850290,True,True
2817900100,False,False
2817900180,True,True
2817910220,False,False
2818100255,True,True
2818600115,True,True
2819100140,False,False
2820069048,False,False
2821049048,False,False
2821049082,False,False
2821079081,False,False
2821100125,True,True
2822049148,True,True
2822049210,True,True
2822049254,True,True
2822059181,False,False
2822059262,False,False
2822059350,True,True
2822059360,False,False
2822069078,False,False
2822079012,False,False
2822100175,True,True
2823059055,False,False
2824059043,False,False
2824069142,True,True
2824069180,False,False
2824069373,False,False
2824079053,False,False
2824600290,True,True
2825059256,False,False
2825079001,True,True
2826049023,False,False
2826049070,True,True
2826049091,False,False
2826049098,False,False
2826049106,True,True
2826049108,False,False
2826049117,True,True
2826049160,False,False
2826049197,False,False
2826049200,False,False
2826049234,False,False
2826049282,True,True
2826079027,True,True
2826079101,True,True
2826079145,True,True
2832100215,False,False
2832100270,True,True
2832100910,False,False
2838000030,False,False
2838000130,False,False
2838000180,False,False
2843200070,False,False
2843200085,False,False
2848700585,False,False
2851200100,True,True
2853600155,False,False
2854800090,False,False
2854800095,True,True
2855000110,False,False
2856100125,False,False
2856100185,True,True
2856100250,False,False
2856100260,False,False
2856100360,False,False
2856100381,True,True
2856100935,False,False
2856101105,False,False
2856101290,False,False
2856101479,True,True
2856101540,False,False
2856101755,False,False
2856101845,False,False
2856102105,False,False
2856102280,False,False
2856102336,False,False
2858600083,False,False
2861100030,True,True
2862100205,True,True
2862100260,True,True
2862100366,False,False
2862500060,False,False
2862500070,True,True
2862500190,True,True
2864600105,False,False
2867100005,False,False
2867100007,False,False
2867100190,False,False
2867300030,True,True
2867300170,False,False
2867300190,False,False
2867700035,False,False
2868300061,False,False
2868300115,False,False
2868900020,False,False
2868900160,False,False
2869100080,True,True
2869200110,False,False
2870000040,False,False
2871000360,False,False
2871000400,True,True
2872100245,True,True
2872100345,False,False
2872100385,False,False
2872100445,False,False
2872900010,False,False
2872900050,True,True
2872900390,False,False
2873000260,False,False
2873000780,True,True
2873000920,False,False
2874600040,False,False
2874600335,False,False
2877100235,False,False
2877101031,True,True
2877101100,False,False
2877101310,True,True
2877101340,False,False
2877101745,False,False
2877101821,False,False
2877102196,True,True
2877102651,False,False
2877102670,False,False
2877102846,True,True
2877103070,False,False
2877103111,False,False
2877103615,True,True
2877103726,True,True
2877104175,False,False
2877104316,False,False
2878600200,False,False
2878600655,True,True
2878601425,False,False
2880100795,False,False
2881700273,False,False
2881700522,True,True
2881700547,False,False
2883200083,False,False
2883200139,True,True
2883200160,False,False
2883200524,False,False
2883200966,True,True
2883201055,True,True
2887700140,False,False
2887700805,False,False
2887700875,False,False
2887700970,True,True
2887700995,False,False
2887701940,True,True
2887701970,False,False
2887702070,False,False
2887703066,True,True
2887703155,False,False
2887703186,False,False
2887950020,False,False
2888000020,True,True
2888000030,False,False
2890100060,False,False
2891000010,False,False
2891000450,True,True
2891000680,True,True
2891100820,False,False
2891400380,False,False
2892600016,True,True
2892700041,True,True
2893000280,False,False
2893000610,True,True
2894700270,False,False
2895200150,False,False
2895550190,False,False
2895550280,False,False
2895550330,False,False
2895600090,False,False
2895600095,False,False
2895600350,False,False
2895600420,False,False
2895600680,False,False
2895730070,False,False
2895730280,True,True
2895730540,True,True
2895800380,False,False
2895800390,False,False
2895800590,False,False
2895800640,False,False
2895800710,False,False
2895800770,False,False
2895800780,True,True
2895810200,False,False
2896000450,False,False
2896000680,False,False
2896000710,True,True
2896310120,False,False
2896310160,True,True
2896310420,False,False
2896400170,False,False
2896400210,False,False
2896600020,False,False
2896610210,True,True
2899200040,True,True
2902200015,False,False
2902200076,False,False
2902200142,False,False
2902200234,False,False
2902200237,True,True
2902200241,False,False
2902200838,False,False
2902200915,False,False
2902201126,False,False
2902201300,False,False
2909300640,False,False
2909310060,False,False
2909310100,False,False
2909700070,True,True
2911000100,False,False
2911700010,False,False
2911700020,True,True
2914700310,False,False
2915200210,True,True
2916200054,True,True
2916200138,False,False
2916600110,False,False
2916610150,True,True
2916620240,False,False
2917200085,False,False
2917200475,False,False
2919200280,True,True
2919200440,False,False
2919200665,True,True
2919201335,False,False
2919201385,False,False
2919700107,False,False
2919700109,False,False
2919700735,True,True
2919700885,False,False
2919701944,False,False
2919702075,False,False
2919702235,False,False
2919702655,True,True
2919702705,False,False
2921049079,False,False
2921049121,False,False
2921079027,True,True
2921700060,True,True
2922059212,False,False
2922700155,False,False
2922700865,False,False
2922701085,False,False
2922701175,False,False
2922701305,False,False
2922701420,False,False
2922703150,False,False
2922703235,False,False
2922703260,False,False
2923039017,True,True
2923039217,True,True
2923049399,False,False
2923049468,False,False
2923059064,False,False
2923069037,True,True
2923500010,True,True
2923500550,True,True
2923500750,True,True
2923501020,False,False
2924079034,False,False
2924079044,False,False
2925059135,False,False
2925059260,False,False
2925059294,True,True
2925079012,True,True
2926049221,False,False
2926049237,False,False
2926049376,True,True
2926049382,True,True
2926049437,True,True
2926049449,False,False
2926049504,False,False
2926049564,False,False
2926049582,False,False
2926059146,True,True
2926069062,False,False
2927600105,False,False
2927600155,False,False
2927600415,False,False
2927600435,False,False
2927600675,False,False
2929600020,False,False
2929600035,True,True
2937300040,False,False
2937300430,True,True
2937300520,False,False
2937300540,False,False
2937300550,False,False
2937300560,True,True
2938100005,True,True
2938100010,False,False
2938200040,True,True
2938200170,False,False
2944000050,True,True
2944000170,True,True
2944000240,False,False
2944010210,True,True
2944500330,False,False
2944500420,False,False
2944500470,False,False
2944500710,False,False
2946000751,True,True
2946000912,True,True
2946001550,False,False
2946001645,True,True
2946001675,False,False
2946001950,False,False
2946002914,False,False
2946003415,True,True
2946003580,False,False
2946003947,False,False
2953000090,False,False
2953000300,True,True
2954400190,True,True
2954400310,False,False
2968800010,False,False
2968800626,False,False
2968800645,True,True
2968800660,False,False
2968800825,True,True
2968801075,False,False
2968801085,True,True
2968801105,False,False
2968801130,True,True
2968801315,False,False
2968801366,False,False
2968801510,False,False
2968801605,False,False
2970800105,False,False
2970800130,False,False
2970800145,True,True
2972300060,True,True
2972300140,False,False
2976800115,False,False
2976800145,False,False
2976800360,False,False
2976800550,True,True
2976800700,False,False
2976800749,False,False
2978800120,True,True
2979800409,False,False
2979800520,False,False
2979800750,False,False
2979800762,True,True
2979800764,False,False
2979800845,False,False
2979801095,False,False
2985800070,True,True
2985800225,False,False
2987400025,False,False
2988800011,True,True
2988800065,True,True
2991000160,False,False
2991000220,False,False
2997800015,True,True
2997800024,False,False
2997800075,False,False
2997800076,False,False
2997800090,False,False
2998300060,False,False
2998300075,False,False
2998300146,False,False
2998800110,False,False
2998800125,True,True
3004800175,False,False
3009800015,False,False
3010300415,False,False
3013300055,False,False
3013300085,False,False
3013300288,False,False
3013300510,False,False
3013300685,False,False
3013300895,False,False
3013301525,False,False
3019300050,False,False
3019300090,False,False
3020079078,False,False
3021049140,True,True
3021059175,False,False
3021059197,True,True
3022039069,False,False
3022039071,True,True
3022059066,False,False
3022079087,True,True
3022079094,False,False
3022800010,False,False
3022800260,False,False
3022900070,False,False
3023000050,True,True
3023000120,True,True
3023000200,True,True
3023000210,False,False
3023000410,False,False
3023039231,True,True
3023049143,False,False
3023049186,True,True
3023049215,True,True
3023049236,False,False
3023049256,True,True
3023059012,False,False
3023059071,False,False
3023069166,False,False
3024059036,True,True
3024059044,False,False
3024059057,True,True
3024059078,False,False
3024059126,True,True
3024059149,False,False
3024079063,True,True
3024079069,True,True
3024079096,False,False
3025049028,True,True
3025049052,False,False
3025059072,False,False
3025059136,True,True
3025079003,False,False
3025300225,False,False
3025300226,False,False
3025300250,False,False
3026059011,True,True
3026059014,True,True
3026059204,False,False
3026059341,True,True
3026059362,False,False
3026059363,True,True
3026059368,False,False
3026079005,True,True
3026079055,True,True
3028200080,False,False
3028200100,True,True
3031200120,False,False
3031200165,False,False
3031200205,True,True
3031200246,False,False
3034200036,True,True
3034200058,False,False
3034200087,False,False
3034200142,False,False
3034200197,False,False
3034200198,False,False
3034200247,False,False
3034200275,False,False
3034200366,False,False
3034200399,False,False
3034200410,False,False
3034200530,False,False
3034200543,False,False
3034200550,False,False
3034200660,True,True
3034200666,False,False
3034200885,True,True
3034200933,True,True
3037200060,True,True
3037200141,True,True
3039000010,True,True
3039000050,False,False
3041700035,False,False
3041700090,True,True
3043200035,False,False
3046200125,False,False
3047700045,False,False
3047700105,False,False
3052700213,False,False
3052700225,False,False
3052700245,True,True
3052700419,False,False
3052700432,False,False
3052700460,False,False
3052700464,False,False
3052700472,False,False
3052700610,True,True
3052700855,False,False
3052701135,True,True
3056000050,False,False
3056800160,False,False
3056800230,True,True
3057000070,False,False
3057000300,True,True
3058600050,False,False
3062600050,True,True
3065600270,True,True
3066120030,False,False
3066200440,False,False
3066200460,True,True
3066400080,False,False
3066400130,False,False
3066400750,True,True
3066410080,True,True
3066410850,False,False
3073500111,False,False
3080000005,False,False
3080000040,False,False
3083000048,False,False
3083000355,False,False
3083000365,True,True
3083000940,False,False
3083001095,False,False
3085001610,False,False
3089000005,False,False
3092000030,True,True
3094000210,False,False
3095000040,False,False
3095000095,False,False
3095000185,False,False
3096000040,False,False
3100500065,False,False
3102700160,False,False
3110800030,False,False
3110800260,False,False
3117100130,True,True
3121059036,False,False
3121069038,False,False
3121500020,True,True
3121500100,True,True
3121500330,True,True
3121500340,True,True
3122069029,False,False
3123039042,False,False
3123039063,False,False
3123039082,True,True
3123039089,True,True
3123049131,False,False
3123049230,True,True
3123049320,False,False
3123089010,False,False
3123089027,False,False
3123800080,False,False
3123800125,False,False
3124049171,True,True
3124049196,True,True
3124059023,False,False
3124089060,True,True
3124089086,False,False
3125079013,False,False
3125079062,False,False
3126049094,False,False
3126049154,False,False
3126049217,False,False
3126049411,True,True
3126049415,True,True
3126049436,False,False
3126049439,False,False
3126049446,False,False
3126049498,False,False
3126049500,False,False
3126049501,False,False
3126049517,False,False
3126059023,True,True
3126069068,False,False
3127200021,True,True
3127200036,False,False
3127200041,True,True
3131200640,False,False
3131201105,True,True
3131201290,False,False
3131201310,False,False
3131201320,False,False
3131201563,False,False
3131201865,False,False
3134100023,True,True
3134100116,True,True
3134100162,True,True
3141600600,False,False
3145600045,True,True
3145600250,False,False
3148750050,False,False
3151600035,False,False
3157600075,False,False
3157600240,False,False
3157600325,False,False
3157600340,False,False
3157600615,False,False
3158500130,False,False
3158500250,False,False
3158500290,False,False
3158500340,False,False
3158500460,True,True
3163600076,False,False
3163600130,False,False
3166900200,False,False
3172600031,False,False
3172600095,False,False
3172600151,False,False
3175200220,False,False
3176600055,False,False
3178100065,True,True
3179100055,False,False
3179100060,True,True
3179100180,False,False
3179100435,False,False
3179100755,False,False
3179101050,False,False
3179101070,False,False
3179101580,False,False
3179101945,False,False
3179102155,True,True
3179102305,False,False
3180100023,False,False
3182100105,False,False
3183110180,False,False
3185600040,True,True
3185600055,False,False
3188100065,True,True
3188100400,True,True
3191000030,False,False
3191000240,False,False
3192000080,False,False
3204300090,True,True
3204300225,False,False
3204300705,False,False
3204400030,False,False
3204400040,False,False
3204800040,False,False
3204800150,False,False
3204800200,True,True
3204800370,False,False
3204930170,False,False
3204930510,False,False
3204950120,False,False
3204960200,False,False
3205000050,False,False
3205100010,False,False
3205100060,True,True
3205100110,False,False
3205100130,True,True
3205200240,False,False
3205200480,False,False
3205200640,True,True
3205400140,True,True
3205400150,True,True
3205400230,True,True
3205400290,False,False
3205500020,False,False
3210200373,False,False
3210700170,False,False
3210700380,False,False
3210950080,False,False
3210950510,False,False
3211000040,True,True
3211000170,False,False
3211000190,True,True
3211000930,True,True
3211100450,False,False
3211100570,False,False
3211100730,True,True
3211100860,False,False
3211100990,False,False
3211101010,False,False
3211200140,False,False
3211200290,False,False
3211200460,True,True
3211210200,True,True
3211230080,True,True
3211240320,False,False
3211240370,False,False
3211260120,False,False
3211260290,False,False
3211290050,True,True
3211580210,False,False
3211600140,False,False
3211600650,True,True
3211700035,False,False
3211800140,False,False
3213200180,False,False
3213200215,True,True
3213200245,True,True
3213200250,True,True
3213200314,False,False
3216000090,False,False
3216900060,True,True
3216900070,True,True
3216900080,True,True
3216900100,True,True
3220079017,True,True
3220200040,True,True
3221059036,False,False
3221069035,False,False
3221069057,False,False
3221079055,True,True
3221079069,True,True
3222049024,False,False
3222049044,False,False
3222049087,True,True
3222049112,False,False
3222049151,True,True
3222049159,False,False
3222059187,False,False
3222059206,False,False
3222069156,False,False
3222079083,False,False
3222079120,False,False
3222079136,False,False
3223039010,True,True
3223039089,False,False
3223039109,False,False
3223039149,True,True
3223039181,True,True
3223039229,True,True
3223049073,False,False
3223049131,True,True
3223049158,False,False
3223059015,False,False
3223059123,False,False
3223059141,False,False
3223059173,False,False
3223059206,False,False
3223059217,False,False
3223069065,False,False
3224059033,False,False
3224059107,False,False
3224069026,False,False
3224079105,True,True
3224500240,False,False
3224510290,False,False
3224510300,True,True
3224600310,False,False
3224800010,False,False
3224800075,False,False
3225059223,False,False
3225069065,False,False
3225069239,False,False
3225069241,False,False
3225079035,False,False
3226049045,False,False
3226049080,False,False
3226049117,False,False
3226049134,False,False
3226049267,False,False
3226049270,True,True
3226049401,False,False
3226049466,True,True
3226049478,True,True
3226049530,False,False
3226049565,False,False
3226059071,True,True
3226059083,False,False
3226059128,False,False
3226079059,False,False
3226079091,False,False
3226200105,False,False
3229200040,True,True
3232200085,False,False
3232200095,True,True
3235100075,False,False
3235100080,False,False
3235100110,False,False
3235390010,True,True
3235390100,False,False
3241600015,True,True
3241600027,True,True
3241600150,False,False
3243100050,False,False
3243100080,True,True
3243200310,False,False
3244500037,True,True
3244500078,False,False
3244500158,False,False
3249500020,False,False
3250500103,False,False
3250500140,False,False
3253500030,False,False
3253500160,False,False
3256400051,False,False
3256400060,True,True
3259400030,False,False
3260000120,True,True
3260000300,False,False
3260000340,False,False
3260000570,False,False
3260000700,False,False
3260100330,True,True
3260200110,True,True
3260350090,False,False
3260350100,False,False
3260570260,False,False
3260570290,False,False
3260590070,False,False
3260700360,False,False
3260701160,False,False
3260800030,False,False
3260800190,True,True
3260810110,True,True
3260810260,False,False
3260810580,False,False
3260810590,False,False
3261000080,False,False
3261020080,False,False
3261020370,True,True
3262300322,False,False
3262300485,True,True
3262300555,False,False
3262300920,False,False
3262300940,True,True
3262301610,True,True
3265300410,True,True
3268000040,False,False
3271300345,False,False
3271300365,False,False
3271300955,False,False
3271800185,True,True
3271800295,False,False
3271800850,False,False
3271800870,False,False
3271800910,True,True
3271801090,True,True
3274800460,False,False
3274800505,False,False
3274850130,False,False
3275000090,True,True
3275300040,True,True
3275300050,False,False
3275300270,False,False
3275300440,False,False
3275310220,False,False
3275330120,False,False
3275730110,False,False
3275730120,False,False
3275740030,False,False
3275750050,False,False
3275750290,False,False
3275760190,False,False
3275790140,False,False
3275850180,False,False
3275850190,True,True
3275860240,True,True
3275860270,True,True
3275870080,False,False
3275910020,True,True
3276050110,True,True
3276180140,False,False
3276180210,False,False
3276200280,False,False
3276900030,False,False
3276920270,False,False
3276930050,False,False
3276930270,False,False
3276930370,True,True
3276930380,True,True
3276930400,True,True
3276930420,False,False
3276940100,True,True
3276980120,False,False
3277800729,False,False
3277801411,False,False
3277801431,False,False
3277801448,False,False
3277801450,False,False
3277801586,False,False
3277801592,True,True
3277801646,False,False
3278600240,True,True
3278600320,False,False
3278600670,True,True
3278600680,False,False
3278600710,True,True
3278600760,False,False
3278600900,True,True
3278602170,False,False
3278602660,False,False
3278602760,False,False
3278603000,True,True
3278604400,False,False
3278604510,False,False
3278605550,False,False
3278605570,False,False
3278605590,False,False
3278606110,False,False
3278606200,False,False
3278611450,False,False
3278611600,True,True
3278611610,True,True
3278612450,True,True
3278612570,False,False
3278613060,False,False
3278613210,False,False
3279000070,False,False
3279000370,False,False
3279050130,False,False
3286800370,False,False
3288100100,False,False
3288100290,False,False
3288200030,False,False
3288200360,True,True
3288200470,False,False
3288200710,True,True
3288300920,False,False
3288301030,True,True
3288301050,False,False
3288301330,False,False
3288301410,False,False
3290800215,False,False
3291800140,False,False
3291800510,True,True
3291800660,False,False
3291800780,True,True
3293200190,False,False
3293400010,False,False
3293400020,False,False
3293700105,False,False
3293700482,False,False
3293700496,True,True
3293700521,True,True
3294700030,False,False
3294700320,True,True
3295450050,False,False
3295610080,False,False
3295610200,False,False
3295610350,False,False
3295610490,False,False
3295700060,False,False
3295710150,False,False
3295750550,True,True
3295750610,False,False
3295900520,False,False
3295950240,False,False
3296000110,False,False
3296900130,False,False
3296900160,False,False
3296900280,True,True
3297700100,True,True
3298200620,False,False
3298300130,False,False
3298300140,False,False
3298300420,False,False
3298300530,False,False
3298400350,False,False
3298500690,True,True
3298600340,True,True
3298600850,False,False
3298700110,True,True
3298700156,True,True
3298700302,True,True
3298700305,False,False
3298700426,False,False
3298700671,False,False
3298700820,True,True
3298700840,True,True
3298700946,True,True
3298701066,False,False
3298701070,False,False
3298720010,False,False
3299200075,False,False
3299200080,False,False
3299600040,False,False
3299600120,False,False
3299610240,False,False
3299610260,True,True
3299710110,False,False
3300700470,True,True
3300700480,False,False
3300701185,False,False
3300701285,False,False
3300701440,True,True
3300701575,True,True
3300701615,False,False
3300760020,False,False
3300790540,False,False
3300790670,False,False
3303230110,False,False
3303700376,True,True
3303850290,False,False
3303850330,False,False
3303850360,True,True
3303850390,True,True
3303860030,True,True
3303860130,False,False
3303860160,True,True
3303860460,False,False
3303860630,False,False
3303870050,True,True
3303900090,False,False
3303950080,False,False
3303950220,False,False
3303950660,True,True
3303950760,False,False
3303951600,False,False
3303960060,False,False
3303960250,False,False
3303980140,True,True
3303980210,False,False
3303980470,False,False
3303980500,False,False
3303980520,True,True
3303980650,False,False
3303990380,False,False
3303990410,False,False
3304030220,True,True
3304300210,False,False
3304300300,False,False
3304300380,False,False
3304700130,False,False
3305100230,True,True
3306200010,False,False
3306200240,False,False
3307700150,False,False
3308010040,False,False
3308030100,False,False
3313600077,True,True
3313600340,False,False
3317500070,False,False
3317500100,True,True
3319500299,False,False
3319500317,True,True
3319500334,False,False
3319500628,True,True
3319500922,True,True
3320000222,False,False
3320000810,False,False
3321069006,True,True
3321079060,True,True
3322049095,False,False
3322049126,True,True
3323059027,True,True
3323069045,False,False
3323069084,False,False
3323500030,False,False
3324069058,False,False
3324069070,True,True
3324069541,False,False
3324079089,False,False
3325059177,True,True
3325069060,False,False
3325069129,False,False
3326049077,True,True
3326059191,True,True
3326059238,False,False
3326059253,False,False
3326059254,False,False
3326079016,False,False
3327000070,False,False
3327000090,False,False
3327000140,True,True
3327020290,False,False
3327020400,False,False
3327750020,False,False
3328500250,False,False
3329500060,False,False
3329500730,True,True
3329510200,False,False
3329510850,False,False
3329520410,True,True
3329530030,False,False
3329530200,False,False
3329530480,False,False
3330500075,False,False
3330500085,False,False
3330500345,False,False
3330500705,True,True
3330500875,True,True
3330500920,False,False
3330500925,True,True
3330501120,False,False
3331000070,False,False
3331000220,False,False
3331000455,False,False
3331001115,False,False
3331001165,False,False
3331001285,False,False
3331001765,False,False
3331001995,False,False
3331500121,False,False
3331500485,True,True
3331500820,False,False
3331500940,False,False
3332000061,False,False
3332000135,False,False
3332000195,True,True
3332000530,True,True
3332000615,False,False
3332000715,True,True
3332500085,True,True
3332500095,False,False
3332500100,False,False
3332500265,False,False
3332500636,True,True
3333000655,False,False
3333000745,False,False
3333001430,False,False
3333002385,True,True
3333002440,True,True
3333002450,False,False
3333002710,True,True
3333002790,False,False
3333500096,True,True
3333500151,False,False
3334000055,False,False
3335000050,True,True
3336000050,False,False
3336000052,False,False
3336000230,False,False
3336000626,False,False
3336000791,True,True
3336001316,False,False
3336001360,False,False
3336001470,True,True
3336001515,False,False
3336500140,False,False
3336500180,True,True
3336500190,False,False
3339400349,False,False
3339400515,False,False
3339900096,True,True
3340401555,False,False
3342100160,False,False
3342100685,False,False
3342100780,False,False
3342100995,False,False
3342101270,False,False
3342101785,False,False
3342101795,True,True
3342101937,False,False
3342102220,True,True
3342102385,False,False
3342102880,True,True
3342103148,True,True
3342103149,False,False
3342103156,False,False
3342103174,True,True
3342103228,False,False
3342103281,False,False
3342103282,False,False
3342103369,True,True
3342104046,True,True
3342700371,True,True
3342700405,False,False
3342700464,True,True
3342700465,True,True
3342700491,True,True
3342700610,True,True
3343300065,False,False
3343300180,False,False
3343300644,True,True
3343301343,False,False
3343301385,True,True
3343301393,False,False
3343301490,True,True
3343301910,False,False
3343301920,False,False
3343302110,True,True
3343900120,False,False
3343900781,False,False
3343901183,False,False
3343901234,False,False
3343901242,True,True
3343901340,False,False
3343901408,True,True
3343901440,False,False
3343901641,False,False
3343901848,True,True
3343901961,False,False
3343902281,False,False
3343902510,False,False
3343902650,False,False
3343903240,False,False
3344500183,False,False
3344500210,False,False
3345100002,False,False
3345100030,True,True
3345100251,True,True
3347400525,False,False
3347401315,False,False
3348401382,True,True
3348401584,True,True
3348401622,True,True
3348401740,True,True
3352400004,True,True
3352400325,False,False
3352400330,False,False
3352400351,False,False
3352400661,True,True
3352400905,False,False
3352401037,True,True
3352401090,True,True
3352401476,True,True
3352401981,True,True
3352402195,False,False
3352402236,False,False
3353400120,True,True
3353400840,True,True
3353400860,True,True
3353401070,False,False
3353401340,False,False
3353401710,False,False
3353402390,False,False
3353402400,False,False
3353404265,False,False
3354400060,False,False
3354400545,False,False
3355400242,False,False
3356402020,True,True
3356402702,False,False
3356402705,False,False
3356403140,False,False
3356403304,True,True
3356403820,True,True
3356404330,False,False
3359500096,True,True
3359500665,False,False
3359500755,False,False
3361400980,False,False
3361401025,False,False
3361401210,True,True
3361401977,False,False
3361402041,False,False
3361402066,False,False
3362400092,False,False
3362400094,False,False
3362400125,True,True
3362400431,True,True
3362400432,False,False
3362400511,True,True
3362400590,False,False
3362400650,True,True
3362401000,False,False
3362401611,True,True
3362401761,True,True
3362401763,False,False
3362401815,False,False
3362900696,False,False
3362900810,True,True
3363400655,True,True
3363900111,True,True
3363900155,False,False
3363900280,False,False
3364900040,False,False
3364900375,False,False
3365900041,False,False
3365900106,False,False
3365900175,True,True
3365900465,False,False
3365900520,False,False
3365901435,False,False
3370000150,True,True
3374300030,False,False
3374300070,False,False
3374500240,False,False
3374500290,False,False
3374900035,False,False
3375300150,False,False
3375300210,False,False
3375300370,True,True
3375800220,False,False
3376600010,False,False
3376600170,False,False
3377900195,False,False
3379200100,True,True
3383900048,True,True
3383900057,False,False
3383900058,False,False
3384300100,False,False
3384300160,False,False
3387800380,False,False
3388000040,False,False
3388000080,False,False
3388100020,True,True
3388110230,False,False
3388300590,False,False
3388300730,False,False
3389900965,False,False
3390600010,False,False
3390600025,True,True
3391500050,True,True
3391900130,True,True
3392500060,False,False
3392900080,False,False
3394100030,False,False
3394100230,False,False
3395000070,False,False
3395040440,False,False
3395040550,False,False
3395040580,False,False
3395040920,False,False
3395041194,False,False
3395041206,False,False
3395041236,True,True
3395050050,False,False
3395050060,False,False
3395070440,False,False
3395070560,False,False
3395071580,True,True
3395071610,False,False
3395300180,False,False
3395350210,True,True
3395800155,False,False
3395800295,True,True
3395800305,False,False
3395800455,False,False
3395800660,True,True
3396200090,True,True
3396200300,True,True
3396820150,False,False
3396830020,True,True
3396830310,False,False
3398800055,True,True
3401700031,False,False
3401700040,False,False
3401700150,False,False
3401700185,False,False
3401700255,True,True
3404700041,True,True
3404700080,False,False
3407700012,False,False
3407700046,False,False
3407700047,True,True
3410600015,False,False
3410600080,False,False
3410600335,False,False
3416600111,True,True
3416600490,False,False
3416600750,True,True
3416600800,False,False
3416601021,True,True
3416601045,False,False
3419600125,False,False
3421049044,False,False
3421059049,True,True
3421069020,False,False
3421069044,True,True
3421069049,True,True
3421069053,True,True
3421069118,True,True
3421079032,True,True
3422049158,False,False
3422049190,False,False
3422049276,True,True
3422059010,False,False
3422059085,False,False
3422059208,False,False
3422059249,False,False
3422059257,False,False
3423049165,False,False
3423049209,True,True
3423049269,False,False
3423059081,True,True
3423059109,True,True
3423059140,True,True
3423059177,False,False
3423600025,False,False
3423600060,True,True
3423600065,True,True
3424069008,False,False
3424069066,True,True
3424069076,False,False
3424069145,False,False
3424069154,False,False
3424069215,True,True
3425059099,False,False
3425059141,False,False
3425059173,True,True
3425059206,True,True
3425059218,False,False
3425059219,False,False
3425059222,False,False
3425069083,False,False
3426049124,False,False
3426049132,False,False
3426049153,False,False
3426059050,False,False
3426059070,False,False
3426079024,False,False
3432500200,True,True
3432500310,False,False
3432500486,True,True
3432500760,False,False
3432500765,False,False
3432500980,False,False
3432501295,False,False
3432501395,False,False
3432501415,False,False
3438500036,False,False
3438500037,True,True
3438500114,True,True
3438500168,False,False
3438500192,True,True
3438500250,False,False
3438500253,False,False
3438500339,False,False
3438500346,False,False
3438500430,True,True
3438500486,True,True
3438500625,False,False
3438500677,False,False
3438500742,False,False
3438500790,False,False
3438500797,False,False
3438500880,False,False
3438500924,False,False
3438500981,False,False
3438501020,False,False
3438501320,False,False
3438501329,True,True
3438501583,False,False
3438501662,False,False
3438501700,False,False
3438501862,True,True
3438502066,False,False
3438502083,False,False
3438502200,False,False
3438502290,False,False
3438502437,True,True
3438502668,False,False
3438502731,False,False
3438503021,True,True
3438503140,True,True
3438503214,False,False
3438503223,True,True
3438503230,True,True
3444100400,False,False
3444910020,False,False
3445000005,False,False
3445000274,False,False
3445400120,True,True
3447000030,False,False
3447000060,False,False
3447000090,False,False
3448000270,False,False
3448000344,True,True
3448000410,False,False
3448000755,True,True
3448001285,False,False
3448001411,False,False
3448001412,True,True
3448001975,False,False
3448002180,False,False
3448002267,False,False
3448002285,False,False
3448740070,False,False
3448740160,True,True
3448740190,False,False
3448740360,False,False
3448740430,False,False
3448900210,False,False
3448900290,False,False
3448900420,True,True
3449000010,False,False
3449000060,False,False
3449000200,False,False
3449000300,False,False
3449500035,False,False
3449500045,False,False
3449500135,False,False
3449800010,True,True
3449800290,False,False
3449820100,False,False
3449820430,True,True
3449850050,True,True
3449900030,False,False
3449900090,False,False
3450300020,False,False
3450300240,False,False
3450300280,False,False
3450300430,False,False
3450400330,False,False
3451000442,False,False
3454000060,True,True
3454800060,False,False
3456000160,False,False
3459000020,False,False
3459000050,False,False
3459410230,False,False
3459600180,False,False
3459600330,True,True
3459600440,False,False
3459700340,False,False
3459800020,False,False
3459900305,False,False
3461000120,True,True
3468800310,False,False
3472800065,False,False
3472800068,False,False
3488300085,True,True
3488300110,False,False
3491300052,False,False
3491300082,True,True
3491300180,True,True
3500100025,False,False
3500100047,False,False
3500100078,False,False
3500100089,False,False
3500100189,False,False
3500100208,False,False
3500100209,False,False
3500100226,False,False
3501100050,False,False
3501600114,False,False
3501600135,False,False
3501600185,True,True
3501600215,True,True
3501600235,False,False
3505100126,True,True
3505100297,False,False
3505100756,False,False
3508100135,False,False
3508100161,False,False
3512100050,False,False
3512100110,False,False
3518000180,False,False
3520069033,False,False
3521049048,False,False
3521059042,False,False
3521059124,False,False
3521059134,False,False
3521069142,False,False
3521069150,False,False
3522029031,True,True
3522029124,False,False
3522059196,False,False
3522900061,False,False
3523029041,False,False
3523029059,False,False
3523029077,True,True
3523059056,False,False
3523069008,False,False
3523069060,True,True
3524039144,True,True
3524039196,False,False
3524039202,True,True
3524039204,False,False
3524039228,False,False
3524049042,True,True
3526039101,False,False
3526039116,False,False
3526039160,False,False
3526039193,True,True
3526069070,False,False
3528000040,False,False
3528000140,False,False
3528000210,True,True
3528000260,False,False
3528000310,False,False
3528000470,False,False
3528000510,False,False
3528000545,False,False
3528400180,False,False
3528900086,False,False
3528900160,True,True
3528900330,True,True
3528900401,False,False
3528900735,False,False
3528900768,False,False
3528900770,True,True
3528900771,False,False
3528900980,False,False
3529000880,True,True
3530200020,True,True
3530200160,True,True
3530210180,True,True
3530400080,True,True
3530410020,False,False
3530410081,False,False
3530420020,False,False
3530420110,False,False
3530430100,False,False
3530430155,False,False
3530450100,False,False
3530490070,False,False
3530490160,False,False
3530500010,False,False
3530510041,False,False
3530530110,False,False
3530540090,False,False
3536900030,False,False
3536900110,False,False
3541600210,False,False
3541600235,True,True
3541600405,False,False
3541700170,False,False
3543900380,False,False
3543900418,False,False
3544400045,False,False
3544400236,True,True
3546000070,False,False
3546000340,False,False
3546000380,False,False
3546000490,False,False
3546000630,False,False
3550800040,True,True
3558000130,False,False
3558000170,True,True
3558900070,True,True
3558900430,True,True
3558900580,False,False
3558900590,False,False
3558910490,False,False
3558910570,True,True
3558910640,False,False
3566800040,False,False
3566800125,True,True
3566800485,False,False
3568200060,False,False
3570000130,False,False
3570000160,False,False
3570300080,False,False
3574300250,False,False
3574750020,False,False
3574750150,True,True
3574770100,False,False
3574800010,False,False
3574800520,False,False
3574800810,False,False
3574800860,False,False
3574801110,False,False
3574801310,False,False
3574801350,True,True
3574801490,False,False
3574801500,False,False
3574801510,False,False
3574801720,True,True
3574801740,False,False
3574801780,False,False
3574801790,False,False
3574900170,False,False
3575200030,False,False
3575200070,False,False
3575301550,False,False
3575302245,False,False
3575302345,False,False
3575302397,True,True
3575302562,True,True
3575302938,False,False
3575303430,False,False
3575303700,False,False
3575303970,True,True
3575304017,False,False
3575305362,False,False
3575305452,False,False
3575305485,False,False
3577000116,False,False
3578110020,False,False
3578110200,False,False
3578400030,False,False
3578400500,False,False
3578400670,False,False
3578400780,False,False
3578400910,True,True
3578400950,False,False
3578401060,False,False
3578401210,False,False
3578401330,True,True
3578401700,True,True
3578401760,False,False
3578600045,True,True
3578600062,False,False
3578600141,False,False
3578600201,False,False
3578700073,True,True
3579000010,False,False
3579000180,False,False
3579000370,False,False
3579000440,False,False
3579000800,True,True
3579700015,False,False
3579700080,False,False
3579700100,True,True
3579800180,True,True
3579800405,False,False
3579800485,False,False
3580900160,False,False
3580900200,False,False
3580900260,True,True
3580900290,True,True
3581000020,False,False
3581000210,True,True
3581100330,False,False
3582200200,False,False
3582500240,False,False
3582700070,False,False
3582750120,False,False
3582750170,False,False
3582750280,False,False
3582900200,False,False
3582900310,False,False
3583300075,True,True
3583300135,True,True
3583400120,False,False
3583400130,False,False
3584000310,False,False
3584000400,True,True
3584800010,False,False
3584900090,True,True
3584900160,False,False
3585220340,False,False
3585300410,True,True
3585300415,True,True
3585300445,False,False
3585900045,True,True
3585900080,False,False
3585900090,True,True
3585900150,False,False
3585900305,False,False
3585900430,False,False
3585900495,False,False
3585900500,False,False
3585900665,False,False
3585901025,False,False
3585901085,False,False
3586500630,False,False
3586500665,False,False
3586500700,True,True
3586500770,False,False
3586501075,False,False
3586501135,False,False
3589500260,False,False
3589500315,False,False
3590000050,False,False
3591000030,False,False
3592500340,False,False
3592500565,False,False
3592500800,True,True
3592500866,False,False
3598600049,False,False
3599600150,False,False
3600600065,True,True
3601200017,False,False
3601200465,False,False
3601800580,True,True
3613600150,True,True
3616600003,False,False
3616600231,False,False
3619600132,False,False
3619600143,True,True
3620069036,False,False
3622059088,True,True
3622059155,True,True
3622059157,True,True
3622059180,False,False
3622069050,False,False
3622069095,True,True
3622069122,False,False
3622900200,False,False
3622910190,True,True
3623029034,False,False
3623029045,False,False
3623059027,True,True
3623059101,False,False
3623500049,True,True
3623500135,True,True
3623500205,True,True
3624039073,False,False
3624039102,False,False
3624039183,True,True
3624079046,False,False
3624079067,True,True
3625049042,True,True
3625049079,True,True
3625049088,False,False
3625059043,False,False
3625059071,False,False
3625059109,False,False
3625059120,False,False
3625059143,False,False
3625059152,False,False
3625059166,True,True
3625500130,False,False
3625700080,False,False
3625710100,False,False
3626039187,False,False
3626039207,False,False
3626039228,False,False
3626039229,False,False
3626039250,False,False
3626039271,False,False
3626039415,False,False
3626039424,False,False
3626079032,False,False
3629000080,False,False
3629160060,True,True
3629200020,True,True
3629700020,False,False
3629700030,False,False
3629700080,True,True
3629700090,False,False
3629760110,False,False
3629760330,True,True
3629790160,False,False
3629800100,False,False
3629830050,False,False
3629830250,False,False
3629870020,True,True
3629870200,True,True
3629910370,False,False
3629910470,False,False
3629920030,False,False
3629920300,False,False
3629920600,True,True
3629920630,True,True
3629920830,False,False
3629920860,False,False
3629920990,False,False
3629921000,True,True
3629921060,False,False
3629921120,False,False
3629921160,False,False
3629921240,False,False
3629930170,True,True
3629940160,False,False
3629960060,False,False
3629960170,True,True
3629960550,False,False
3629960600,True,True
3629970090,True,True
3629970240,False,False
3629970610,True,True
3629970620,True,True
3629970680,True,True
3629970870,True,True
3629971290,False,False
3629980080,False,False
3629980440,True,True
3629980780,False,False
3629980860,False,False
3629980920,False,False
3629990020,False,False
3629990110,False,False
3629990180,False,False
3629990280,True,True
3630000080,False,False
3630000150,False,False
3630010040,True,True
3630020090,False,False
3630020150,True,True
3630020380,True,True
3630020430,False,False
3630030010,False,False
3630030110,False,False
3630030180,False,False
3630030290,False,False
3630030440,True,True
3630030500,True,True
3630060040,False,False
3630060070,False,False
3630070010,False,False
3630070280,False,False
3630080030,False,False
3630080120,True,True
3630080190,False,False
3630080430,False,False
3630110220,False,False
3630110340,False,False
3630110360,False,False
3630110370,True,True
3630110510,False,False
3630120050,False,False
3630120190,False,False
3630120330,False,False
3630120380,False,False
3630120480,False,False
3630120700,False,False
3630120880,False,False
3630120960,False,False
3630121060,True,True
3630130010,True,True
3630130130,False,False
3630160610,True,True
3630180240,False,False
3630180380,False,False
3630180400,True,True
3630180450,False,False
3630200080,False,False
3630200300,False,False
3630200340,False,False
3630200430,False,False
3630200460,True,True
3630200480,False,False
3630200520,False,False
3630200630,False,False
3630200640,False,False
3630200900,False,False
3630200960,True,True
3630220140,False,False
3630220220,False,False
3630240020,True,True
3636800180,False,False
3644100030,False,False
3644100065,False,False
3644100072,False,False
3644100073,False,False
3644100086,False,False
3644100095,False,False
3645100240,False,False
3649100015,False,False
3649100103,True,True
3649100264,True,True
3649100276,False,False
3649100304,True,True
3649100306,True,True
3649100315,True,True
3649100320,False,False
3649100473,True,True
3649100586,False,False
3649100674,True,True
3649100676,False,False
3650100105,False,False
3654200037,True,True
3655000070,False,False
3655500030,False,False
3658700395,False,False
3658700690,False,False
3663500060,False,False
3664500041,False,False
3664500133,False,False
3664500300,True,True
3667500015,False,False
3668000070,True,True
3668000500,True,True
3668000670,False,False
3668000810,True,True
3668000830,False,False
3668001080,False,False
3670500465,False,False
3670500605,False,False
3670500710,False,False
3674400035,False,False
3677400445,False,False
3678900450,True,True
3679400474,False,False
3679400484,False,False
3679401110,True,True
3692900010,False,False
3693900135,False,False
3693900155,True,True
3693900245,False,False
3693900885,True,True
3693900985,False,False
3693901105,True,True
3693901720,False,False
3693901801,True,True
3699100130,True,True
3701000060,True,True
3701900085,True,True
3702900185,False,False
3705000060,True,True
3705000120,False,False
3705900124,False,False
3705900130,False,False
3705900238,False,False
3709500060,True,True
3709500140,False,False
3709500180,False,False
3709600180,True,True
3709600190,False,False
3715500110,False,False
3715500170,True,True
3715500220,True,True
3717000160,False,False
3717000250,False,False
3720800070,False,False
3720800115,True,True
3723800086,True,True
3723800097,True,True
3723800414,False,False
3726800010,False,False
3726800220,False,False
3726800285,False,False
3727800065,True,True
3728800320,True,True
3731800055,False,False
3732800495,False,False
3732800525,False,False
3735900205,False,False
3735900325,True,True
3735900545,False,False
3735900590,False,False
3735900770,True,True
3735901040,False,False
3735901080,False,False
3735901600,False,False
3738000070,True,True
3738900035,False,False
3739500096,False,False
3740000010,True,True
3741600020,True,True
3744000100,False,False
3744000130,False,False
3744600028,False,False
3744600704,False,False
3746700120,True,True
3747600050,False,False
3750600566,False,False
3750603471,False,False
3750603492,False,False
3750603732,False,False
3750603940,True,True
3750605349,False,False
3750605620,True,True
3750605674,False,False
3750606890,True,True
3751600025,False,False
3751600030,False,False
3751600409,False,False
3751600430,False,False
3751600457,False,False
3751601171,False,False
3751601501,False,False
3751601785,True,True
3751601877,True,True
3751602249,True,True
3751602329,False,False
3751602797,False,False
3751603173,True,True
3751604169,False,False
3751604653,True,True
3751604974,False,False
3751605432,True,True
3751606513,False,False
3751606514,True,True
3751606606,True,True
3751606785,False,False
3753000010,False,False
3753000030,False,False
3753000100,True,True
3754010040,True,True
3754500566,False,False
3754501060,False,False
3754501205,False,False
3754501235,True,True
3754501240,False,False
3754700050,False,False
3754700160,True,True
3754700170,True,True
3754700420,True,True
3755000020,False,False
3755000060,False,False
3755000090,False,False
3755000310,False,False
3755100520,True,True
3755500080,True,True
3756100160,False,False
3756500060,False,False
3756500180,False,False
3756500610,False,False
3758900075,True,True
3758900150,False,False
3758900220,True,True
3759500006,True,True
3759500046,False,False
3760000020,False,False
3760000030,True,True
3760500116,False,False
3760500240,False,False
3760500280,False,False
3760500435,False,False
3760500455,False,False
3760500475,False,False
3760500514,True,True
3760500602,True,True
3760500730,True,True
3761100180,False,False
3761100240,True,True
3761100257,False,False
3761100276,False,False
3761100341,False,False
3762900010,True,True
3762900020,True,True
3763300040,False,False
3764500090,False,False
3764650050,False,False
3764800510,False,False
3764800540,False,False
3764800630,False,False
3767300041,False,False
3768000030,True,True
3768000280,False,False
3779300210,False,False
3782100145,True,True
3782100155,False,False
3782400040,True,True
3782760080,True,True
3782760170,False,False
3782760280,True,True
3783100080,False,False
3787000120,False,False
3790600080,False,False
3790700110,False,False
3791400100,False,False
3791400250,False,False
3791410210,False,False
3792400110,True,True
3793400360,False,False
3793500050,False,False
3793500160,False,False
3793500730,False,False
3793500780,False,False
3793500920,True,True
3793501050,False,False
3793501130,False,False
3793501390,False,False
3793501400,False,False
3793501450,False,False
3793700210,False,False
3797000035,True,True
3797000145,False,False
3797000205,False,False
3797000290,False,False
3797000295,False,False
3797000330,False,False
3797000400,False,False
3797000680,False,False
3797000830,False,False
3797001895,False,False
3797001900,True,True
3797001920,False,False
3797002160,True,True
3797002575,False,False
3797002585,False,False
3797300110,False,False
3797300140,False,False
3797300190,False,False
3797310010,False,False
3797310230,False,False
3797710010,True,True
3797710020,False,False
3798000130,False,False
3798000165,False,False
3800000160,False,False
3802000020,True,True
3810000020,False,False
3810000202,False,False
3810000465,False,False
3810000565,False,False
3810000843,False,False
3811000180,False,False
3811000230,False,False
3811000250,False,False
3811300090,False,False
3811300110,False,False
3812400070,True,True
3812400657,True,True
3812400898,False,False
3814400125,False,False
3814700200,False,False
3814701090,False,False
3814800300,False,False
3814900210,False,False
3814900660,False,False
3814900750,True,True
3814900950,False,False
3815500035,True,True
3815500045,False,False
3815500165,False,False
3816300065,False,False
3816300095,False,False
3816300105,True,True
3818400050,False,False
3818400060,False,False
3818400110,False,False
3818700016,False,False
3818700123,True,True
3818700185,False,False
3818700190,False,False
3819500065,False,False
3819750170,True,True
3819800280,True,True
3819800580,True,True
3820100284,True,True
3820350020,True,True
3820350070,False,False
3820350140,False,False
3821700038,True,True
3822200036,False,False
3822200087,False,False
3822200105,False,False
3822200164,True,True
3824100020,False,False
3824100041,True,True
3824100082,True,True
3824100166,False,False
3824100235,True,True
3824100246,False,False
3824100286,True,True
3825310130,False,False
3825310180,True,True
3825310530,False,False
3825310540,True,True
3825310720,False,False
3825310760,False,False
3825310970,True,True
3825311210,False,False
3825500020,False,False
3826000070,False,False
3826000280,False,False
3826000385,False,False
3826000460,False,False
3826000470,False,False
3826000550,False,False
3826500020,False,False
3826500170,True,True
3826500290,False,False
3826500470,False,False
3826500570,False,False
3826500730,True,True
3827600040,False,False
3828000405,False,False
3830200140,False,False
3830210220,False,False
3830210230,False,False
3830610320,True,True
3830620300,False,False
3830620710,False,False
3830630060,True,True
3830630090,False,False
3830630140,False,False
3831000010,False,False
3831200200,False,False
3831250130,True,True
3831250150,False,False
3832050580,True,True
3832050860,False,False
3832050890,True,True
3832060940,False,False
3832061060,True,True
3832070040,False,False
3832080070,True,True
3832080440,False,False
3832080610,True,True
3832150190,True,True
3832300090,True,True
3832310350,False,False
3832500230,True,True
3832600080,False,False
3832700250,False,False
3832710210,False,False
3832710450,True,True
3832710840,True,True
3832710960,False,False
3832711040,False,False
3834000004,False,False
3834000520,True,True
3834000594,True,True
3834000805,True,True
3834000820,True,True
3834500170,False,False
3834500417,False,False
3835500005,True,True
3835500195,False,False
3835500585,True,True
3835502815,True,True
3840700205,False,False
3840700455,False,False
3840700560,False,False
3840700593,True,True
3840700600,False,False
3840700653,False,False
3841600220,False,False
3845100160,False,False
3845100550,True,True
3845100620,False,False
3845101100,True,True
3845101150,False,False
3852900026,False,False
3856900005,True,True
3856900590,False,False
3856901435,False,False
3856901525,False,False
3856901715,False,False
3856901760,True,True
3856901880,False,False
3856902996,False,False
3856903495,False,False
3856904560,False,False
3856904610,False,False
3856904655,False,False
3856904740,False,False
3856904825,False,False
3856904970,True,True
3856905010,True,True
3860400060,True,True
3860400100,False,False
3860900111,True,True
3861400061,True,True
3861440010,False,False
3861500330,False,False
3862400050,False,False
3862700020,False,False
3862710030,False,False
3862710050,False,False
3862710090,False,False
3862710180,True,True
3862710200,True,True
3862710210,False,False
3863800030,False,False
3864000090,False,False
3864000120,False,False
3867400130,False,False
3867400175,False,False
3867400180,False,False
3869900036,False,False
3869900120,False,False
3869900136,False,False
3869900139,False,False
3869900162,False,False
3874000240,False,False
3874010220,False,False
3874400380,False,False
3874900085,False,False
3874900090,False,False
3874900205,False,False
3876000120,False,False
3876000350,False,False
3876000440,False,False
3876000910,False,False
3876000970,False,False
3876001330,False,False
3876100080,False,False
3876100940,False,False
3876200100,False,False
3876200330,False,False
3876200350,False,False
3876300080,False,False
3876300310,False,False
3876300890,False,False
3876301140,False,False
3876310300,False,False
3876310860,False,False
3876311180,False,False
3876311350,False,False
3876311390,False,False
3876311490,False,False
3876311860,False,False
3876312290,False,False
3876312370,False,False
3876312490,False,False
3876312570,False,False
3876312620,False,False
3876313030,False,False
3876313100,False,False
3876313260,False,False
3876500290,False,False
3876540600,False,False
3876590090,False,False
3876590420,False,False
3876600120,False,False
3876760430,False,False
3876800580,False,False
3876800710,False,False
3876810140,False,False
3876810170,False,False
3876810190,False,False
3876820140,False,False
3876900089,False,False
3878900185,False,False
3878900225,False,False
3878900395,False,False
3878900464,False,False
3878900681,False,False
3879900750,False,False
3879900753,False,False
3879900754,False,False
3879901285,False,False
3879901290,False,False
3879901295,False,False
3880900010,False,False
3880900170,False,False
3880900236,False,False
3880900245,False,False
3881900317,False,False
3881900321,False,False
3881900445,False,False
3881900605,False,False
3882300090,False,False
3882300100,False,False
3882320010,False,False
3883800011,False,False
3885801190,False,False
3885801450,False,False
3885802134,False,False
3885802135,False,False
3885802136,False,False
3885802970,False,False
3885803044,False,False
3885803245,False,False
3885803465,False,False
3885803625,False,False
3885803895,False,False
3885804225,False,False
3885804260,False,False
3885804390,False,False
3885805035,False,False
3885805175,False,False
3885805325,False,False
3885805640,False,False
3885805665,False,False
3885805896,False,False
3885805935,False,False
3885806105,False,False
3885807255,False,False
3885807362,False,False
3885808005,False,False
3885808035,False,False
3885808210,False,False
3886000010,False,False
3886901795,False,False
3886902445,False,False
3886902615,False,False
3886902870,False,False
3886902950,False,False
3886903155,False,False
3886903615,False,False
3888100022,False,False
3888100029,False,False
3888100030,False,False
3888100117,False,False
3888100128,False,False
3888100133,False,False
3888100176,False,False
3888100226,False,False
3889100027,False,False
3892500070,False,False
3892500150,False,False
3893100319,False,False
3893100462,False,False
3897100060,False,False
3897100170,False,False
3897100275,False,False
3897100640,False,False
3900100265,False,False
3900500110,False,False
3901100015,False,False
3901100030,False,False
3901100055,False,False
3902100150,False,False
3902100205,False,False
3902300100,False,False
3902300210,False,False
3902310210,False,False
3902600150,False,False
3903200050,False,False
3904100065,False,False
3904100089,False,False
3904100106,False,False
3904100220,False,False
3904900230,False,False
3904900530,False,False
3904901190,False,False
3904901200,False,False
3904901300,False,False
3904901330,False,False
3904901450,False,False
3904901520,False,False
3904901570,False,False
3904901670,False,False
3904901710,False,False
3904901840,False,False
3904902510,False,False
3904902630,False,False
3904910010,False,False
3904910050,False,False
3904910320,False,False
3904910480,False,False
3904910520,False,False
3904920390,False,False
3904920600,False,False
3904920730,False,False
3904921070,False,False
3904921100,False,False
3904921120,False,False
3904921250,False,False
3904930240,False,False
3904930410,False,False
3904930730,False,False
3904940070,False,False
3904940140,False,False
3904940160,False,False
3904940200,False,False
3904950190,False,False
3904960690,False,False
3904960700,False,False
3904980030,False,False
3904980270,False,False
3904980320,False,False
3904990030,False,False
3904990210,False,False
3904990260,False,False
3904990430,False,False
3904990570,False,False
3905000200,False,False
3905000340,False,False
3905000540,False,False
3905010010,False,False
3905010100,False,False
3905010140,False,False
3905030190,False,False
3905030330,False,False
3905030480,False,False
3905040070,False,False
3905040220,False,False
3905040590,False,False
3905040780,False,False
3905040800,False,False
3905050240,False,False
3905050280,False,False
3905060070,False,False
3905080250,False,False
3905080280,False,False
3905080730,False,False
3905081070,False,False
3905081350,False,False
3905081500,False,False
3905081520,False,False
3905081530,False,False
3905081800,False,False
3905090080,False,False
3905090130,False,False
3905090230,False,False
3905090410,False,False
3905100070,False,False
3905100280,False,False
3905100310,False,False
3905100380,False,False
3905100520,False,False
3905100630,False,False
3905100740,False,False
3905120330,False,False
3905120610,False,False
3905120830,False,False
3914000090,False,False
3914000095,False,False
3915500045,False,False
3918400013,False,False
3918400017,False,False
3918400028,False,False
3918400097,False,False
3918400123,False,False
3918400143,False,False
3919000030,False,False
3920000040,False,False
3920900220,False,False
3923400123,False,False
3925000020,False,False
3931900295,False,False
3931900510,False,False
3931900580,False,False
3935900005,False,False
3935900030,False,False
3935900093,False,False
3935900232,False,False
3935900350,False,False
3943600020,False,False
3943600140,False,False
3946900010,False,False
3948900050,False,False
3949600090,False,False
3955500100,False,False
3955800080,False,False
3955900150,False,False
3955900220,False,False
3955900910,False,False
3956100050,False,False
3956100190,False,False
3956900480,False,False
3959400335,False,False
3959400400,False,False
3959400645,False,False
3959400710,False,False
3959400855,False,False
3959401645,False,False
3959401880,False,False
3964400120,False,False
3964400160,False,False
3964400470,False,False
3971700330,False,False
3971700390,False,False
3971700510,False,False
3971700560,False,False
3971700635,False,False
3971700670,False,False
3971700903,False,False
3971700940,False,False
3971700981,False,False
3971701300,False,False
3971701455,False,False
3971701922,False,False
3971701990,False,False
3971702325,False,False
3972300100,False,False
3972300169,False,False
3972900025,False,False
3972900160,False,False
3975400045,False,False
3975400185,False,False
3975400260,False,False
3977630130,False,False
3977630270,False,False
3980300371,False,False
3981200250,False,False
3981200660,False,False
3982700088,False,False
3982700125,False,False
3982700250,False,False
3987700115,False,False
3990000050,False,False
3990200020,False,False
3990200065,False,False
3990200125,False,False
3991400080,False,False
3992700048,False,False
3992700070,False,False
3992700130,False,False
3992700326,False,False
3992700335,False,False
3995700325,False,False
3995700435,False,False
3996900160,False,False
3996900460,False,False
3996900555,False,False
3997500130,False,False
3999200310,False,False
3999200780,False,False
3999300080,False,False
3999300290,False,False
4003000053,False,False
4003000110,False,False
4003000285,False,False
4006000183,False,False
4006000251,False,False
4006000281,False,False
4006000307,False,False
4006000401,False,False
4006000509,False,False
4006000571,False,False
4006000580,False,False
4008400515,False,False
4010800110,False,False
4012800010,False,False
4012800050,False,False
4013200145,False,False
4014400237,False,False
4014400292,False,False
4014400381,False,False
4017050020,False,False
4017050260,False,False
4017050820,False,False
4017110020,False,False
4019300030,False,False
4019300155,False,False
4019300195,False,False
4019300480,False,False
4019300680,False,False
4019300906,False,False
4019301160,False,False
4019301300,False,False
4019301386,False,False
4019301500,False,False
4019500030,False,False
4019500160,False,False
4021100095,False,False
4021700025,False,False
4022300035,False,False
4022900077,False,False
4022900125,False,False
4022900150,False,False
4022900197,False,False
4022900569,False,False
4022900571,False,False
4022900652,False,False
4022900837,False,False
4022900951,False,False
4022902260,False,False
4022905172,False,False
4022905473,False,False
4022906222,False,False
4022906430,False,False
4022906531,False,False
4023500118,False,False
4023500352,False,False
4023500362,False,False
4024100090,False,False
4024100496,False,False
4024100807,False,False
4024100915,False,False
4024100961,False,False
4024100982,False,False
4024101050,False,False
4024101052,False,False
4024101254,False,False
4024101395,False,False
4024101421,False,False
4024101434,False,False
4024101440,False,False
4024101451,False,False
4024101478,False,False
4024101545,False,False
4024101670,False,False
4024101715,False,False
4024101990,False,False
4025300135,False,False
4025300195,False,False
4025300210,False,False
4025300371,False,False
4027700006,False,False
4027700009,False,False
4027700014,False,False
4027700021,False,False
4027700321,False,False
4027700396,False,False
4027700456,False,False
4027700594,False,False
4027700666,False,False
4027700726,False,False
4027700795,False,False
4027700797,False,False
4027700799,False,False
4027700844,False,False
4027700853,False,False
4027700930,False,False
4027701055,False,False
4027701182,False,False
4027701220,False,False
4027701275,False,False
4027701291,False,False
4027701294,False,False
4028900048,False,False
4029400140,False,False
4030100005,False,False
4030100290,False,False
4031000250,False,False
4031000260,False,False
4031000290,False,False
4031000460,False,False
4031000520,False,False
4031700030,False,False
4031700210,False,False
4034900065,False,False
4035900085,False,False
4036400030,False,False
4036400040,False,False
4036400110,False,False
4036800015,False,False
4036800370,False,False
4036800770,False,False
4036800805,False,False
4036800900,False,False
4036801070,False,False
4036801170,False,False
4036801245,False,False
4036801315,False,False
4037000080,False,False
4037000160,False,False
4037000185,False,False
4037000470,False,False
4037000840,False,False
4037000925,False,False
4037200075,False,False
4037200690,False,False
4037200735,False,False
4037400070,False,False
4037400280,False,False
4037400295,False,False
4037400430,False,False
4037500110,False,False
4037600115,False,False
4037700285,False,False
4037800015,False,False
4037800020,False,False
4037800140,False,False
4038000040,False,False
4038000055,False,False
4038100360,False,False
4038200480,False,False
4038400040,False,False
4038400130,False,False
4038400150,False,False
4038500330,False,False
4038600260,False,False
4038600300,False,False
4038700190,False,False
4038700290,False,False
4038800580,False,False
4039100350,False,False
4039100400,False,False
4039300140,False,False
4039300400,False,False
4039300490,False,False
4039300810,False,False
4039400410,False,False
4039400430,False,False
4039500390,False,False
4039500610,False,False
4039700090,False,False
4039700870,False,False
4039701080,False,False
4039701280,False,False
4039800080,False,False
4039800180,False,False
4040200490,False,False
4040400200,False,False
4040500100,False,False
4040600190,False,False
4040800050,False,False
4040800090,False,False
4040800120,False,False
4040800360,False,False
4040800600,False,False
4040800810,False,False
4045100075,False,False
4045500130,False,False
4045500510,False,False
4045500625,False,False
4045500710,False,False
4045500715,False,False
4045500950,False,False
4045700115,False,False
4045700455,False,False
4045750010,False,False
4045800030,False,False
4045800040,False,False
4045900020,False,False
4046400010,False,False
4046400440,False,False
4046500140,False,False
4046500160,False,False
4046500180,False,False
4046500270,False,False
4046501300,False,False
4046600070,False,False
4046600120,False,False
4046600320,False,False
4046600750,False,False
4046600820,False,False
4046601010,False,False
4046601420,False,False
4046601460,False,False
4046700110,False,False
4046710050,False,False
4046710180,False,False
4047200065,False,False
4047200135,False,False
4047200265,False,False
4047200300,False,False
4047200380,False,False
4047200580,False,False
4047200655,False,False
4047200695,False,False
4047200820,False,False
4047200825,False,False
4048400070,False,False
4048400185,False,False
4048400191,False,False
4051100230,False,False
4051110240,False,False
4051150080,False,False
4051150100,False,False
4053200285,False,False
4053200566,False,False
4053200926,False,False
4053200933,False,False
4054500390,False,False
4054500590,False,False
4054510310,False,False
4054530090,False,False
4054530210,False,False
4054530240,False,False
4054550010,False,False
4054560120,False,False
4054560140,False,False
4054560170,False,False
4054700300,False,False
4054710090,False,False
4054710190,False,False
4055700345,False,False
4055700378,False,False
4055700920,False,False
4055700955,False,False
4055701200,False,False
4057300030,False,False
4057300170,False,False
4057300180,False,False
4057300200,False,False
4058000010,False,False
4058000060,False,False
4058200040,False,False
4058200630,False,False
4058200915,False,False
4058200985,False,False
4058800135,False,False
4058800439,False,False
4058800500,False,False
4058800925,False,False
4058800930,False,False
4058801065,False,False
4058801230,False,False
4058801240,False,False
4058801310,False,False
4058801325,False,False
4058801575,False,False
4058801670,False,False
4058801680,False,False
4058801780,False,False
4058802105,False,False
4058802255,False,False
4058802335,False,False
4059400190,False,False
4059400265,False,False
4059400515,False,False
4060000020,False,False
4060000170,False,False
4060000240,False,False
4060000440,False,False
4067600160,False,False
4067600255,False,False
4067600275,False,False
4068300160,False,False
4070700300,False,False
4073200124,False,False
4073200575,False,False
4073200757,False,False
4073800140,False,False
4077800017,False,False
4077800029,False,False
4077800088,False,False
4077800247,False,False
4077800258,False,False
4077800376,False,False
4077800412,False,False
4077800438,False,False
4077800455,False,False
4077800474,False,False
4077800582,False,False
4077800590,False,False
4078300024,False,False
4078300040,False,False
4078300050,False,False
4083300070,False,False
4083300098,False,False
4083300510,False,False
4083300595,False,False
4083300620,False,False
4083301380,False,False
4083301950,False,False
4083302370,False,False
4083302625,False,False
4083302915,False,False
4083303540,False,False
4083304355,False,False
4083304700,False,False
4083305085,False,False
4083305445,False,False
4083305633,False,False
4083305870,False,False
4083306045,False,False
4083306175,False,False
4083306345,False,False
4083306552,False,False
4083306553,False,False
4083306620,False,False
4083306705,False,False
4083306720,False,False
4083800340,False,False
4083800345,False,False
4083801395,False,False
4083801785,False,False
4083802195,False,False
4083802425,False,False
4086300065,False,False
4092300211,False,False
4092302096,False,False
4094800120,False,False
4094800190,False,False
4094800260,False,False
4094800380,False,False
4099100210,False,False
4099100260,False,False
4099500605,False,False
4099500935,False,False
4100000040,False,False
4100000140,False,False
4101410050,False,False
4102000075,False,False
4104500181,False,False
4104500191,False,False
4104900340,False,False
4104910040,False,False
4109600055,False,False
4109600195,False,False
4109600306,False,False
4112100165,False,False
4113800300,False,False
4113800330,False,False
4113800410,False,False
4114601580,False,False
4122500095,False,False
4122500100,False,False
4122900020,False,False
4122900190,False,False
4123400310,False,False
4123800180,False,False
4123800260,False,False
4123800270,False,False
4123800320,False,False
4123800330,False,False
4123800400,False,False
4123800580,False,False
4123810140,False,False
4123810210,False,False
4123840210,False,False
4123840310,False,False
4123840470,False,False
4123840570,False,False
4124000320,False,False
4127000050,False,False
4127000095,False,False
4128000020,False,False
4128500210,False,False
4128500380,False,False
4131500140,False,False
4131900042,False,False
4131900066,False,False
4134300175,False,False
4136800205,False,False
4136870020,False,False
4136870110,False,False
4136880140,False,False
4136880460,False,False
4136890260,False,False
4136890280,False,False
4136890560,False,False
4136900190,False,False
4136900250,False,False
4136920030,False,False
4136930190,False,False
4136930360,False,False
4136950070,False,False
4136950140,False,False
4136950180,False,False
4136950200,False,False
4137000110,False,False
4137000460,False,False
4137000540,False,False
4137000590,False,False
4137010010,False,False
4137010240,False,False
4137010260,False,False
4137010310,False,False
4137010530,False,False
4137020360,False,False
4137020820,False,False
4137030040,False,False
4137040060,False,False
4137050060,False,False
4137060270,False,False
4137070030,False,False
4137070090,False,False
4137070440,False,False
4137070830,False,False
4139300135,False,False
4139380050,False,False
4139400280,False,False
4139400630,False,False
4139400710,False,False
4139420070,False,False
4139420190,False,False
4139420370,False,False
4139420590,False,False
4139420640,False,False
4139430310,False,False
4139430340,False,False
4139430410,False,False
4139430810,False,False
4139430910,False,False
4139440100,False,False
4139440360,False,False
4139440460,False,False
4139440480,False,False
4139440610,False,False
4139440730,False,False
4139440830,False,False
4139460200,False,False
4139460290,False,False
4139460390,False,False
4139470010,False,False
4139480190,False,False
4139480200,False,False
4139480350,False,False
4139490190,False,False
4139490210,False,False
4139500080,False,False
4139500200,False,False
4139500410,False,False
4139660040,False,False
4139660430,False,False
4139700260,False,False
4139900050,False,False
4139900120,False,False
4139900180,False,False
4139900210,False,False
4139910160,False,False
4139910170,False,False
4139910250,False,False
4140090110,False,False
4140090240,False,False
4140090320,False,False
4140090370,False,False
4140090420,False,False
4140100200,False,False
4140500050,False,False
4140500055,False,False
4140500180,False,False
4140900050,False,False
4140930010,False,False
4140930110,False,False
4140940130,False,False
4140940150,False,False
4141010050,False,False
4141400100,False,False
4141680190,False,False
4141800030,False,False
4141800215,False,False
4142450480,False,False
4142450510,False,False
4146800050,False,False
4147200040,False,False
4151800375,False,False
4151800410,False,False
4151800470,False,False
4151800530,False,False
4154300275,False,False
4154300296,False,False
4154300465,False,False
4154300505,False,False
4154301371,False,False
4154302075,False,False
4154302560,False,False
4154304505,False,False
4154304740,False,False
4154305085,False,False
4154305290,False,False
4154305575,False,False
4157600120,False,False
4157600180,False,False
4164100160,False,False
4166600115,False,False
4166600230,False,False
4166600473,False,False
4166600610,False,False
4166800320,False,False
4167100240,False,False
4167300030,False,False
4167300300,False,False
4167300310,False,False
4167700240,False,False
4167800130,False,False
4167960330,False,False
4168000060,False,False
4168100130,False,False
4172100050,False,False
4172100200,False,False
4172100240,False,False
4174600055,False,False
4174600072,False,False
4174600185,False,False
4174600262,False,False
4174600264,False,False
4174600331,False,False
4174600386,False,False
4174600391,False,False
4178300040,False,False
4178300070,False,False
4178300130,False,False
4178310040,False,False
4178310080,False,False
4178500100,False,False
4178500150,False,False
4178500300,False,False
4178500580,False,False
4178500640,False,False
4178501020,False,False
4178600040,False,False
4178600100,False,False
4178700100,False,False
4178900070,False,False
4180400090,False,False
4181200540,False,False
4181200680,False,False
4187000190,False,False
4187000250,False,False
4187000660,False,False
4188000240,False,False
4188000640,False,False
4188300030,False,False
4188300180,False,False
4189800020,False,False
4189800050,False,False
4191400090,False,False
4193500140,False,False
4202400135,False,False
4202400395,False,False
4204400098,False,False
4204400175,False,False
4204400201,False,False
4204400339,False,False
4206901155,False,False
4206901200,False,False
4206901215,False,False
4206901435,False,False
4206901550,False,False
4213910030,False,False
4215100060,False,False
4215250030,False,False
4215250220,False,False
4215250310,False,False
4215270070,False,False
4216500020,False,False
4216500110,False,False
4217400120,False,False
4217400185,False,False
4217400305,False,False
4217400420,False,False
4217400540,False,False
4217400590,False,False
4217400680,False,False
4217401035,False,False
4217401055,False,False
4217401180,False,False
4217401240,False,False
4217401365,False,False
4218400005,False,False
4218400100,False,False
4218400395,False,False
4218400455,False,False
4218400671,False,False
4219400555,False,False
4219400580,False,False
4219610320,False,False
4221250010,False,False
4221250090,False,False
4221250100,False,False
4221250120,False,False
4221250320,False,False
4221250340,False,False
4221260050,False,False
4221270100,False,False
4221270290,False,False
4221270340,False,False
4221270350,False,False
4221900030,False,False
4221900305,False,False
4221970060,False,False
4222100280,False,False
4222200120,False,False
4222200210,False,False
4222200380,False,False
4222310010,False,False
4222310220,False,False
4222310290,False,False
4222310410,False,False
4222310680,False,False
4222500410,False,False
4222700130,False,False
4223000140,False,False
4223000280,False,False
4223400050,False,False
4226900211,False,False
4229400015,False,False
4232400010,False,False
4232400110,False,False
4232400400,False,False
4232401265,False,False
4232900250,False,False
4232900310,False,False
4232902335,False,False
4232902595,False,False
4232903265,False,False
4232903295,False,False
4232903990,False,False
4233400280,False,False
4233400340,False,False
4233400400,False,False
4233400480,False,False
4233400490,False,False
4233600150,False,False
4233800020,False,False
4235400097,False,False
4237900645,False,False
4237901345,False,False
4239400300,False,False
4239400730,False,False
4239400920,False,False
4239400960,False,False
4239410220,False,False
4240400155,False,False
4242900215,False,False
4242900245,False,False
4242900285,False,False
4246000180,False,False
4249000100,False,False
4249000230,False,False
4249400270,False,False
4253400098,False,False
4253400100,False,False
4253400104,False,False
4254000060,False,False
4254000220,False,False
4254000620,False,False
4263200030,False,False
4273000095,False,False
4276400030,False,False
4278900055,False,False
4278900110,False,False
4279200060,False,False
4279600010,False,False
4279600080,False,False
4279900140,False,False
4287400005,False,False
4289900005,False,False
4292300010,False,False
4298100060,False,False
4298100070,False,False
4298100240,False,False
4299000130,False,False
4302200535,False,False
4302200590,False,False
4302200625,False,False
4302200695,False,False
4302200790,False,False
4302201045,False,False
4302201085,False,False
4302201130,False,False
4302700425,False,False
4302700445,False,False
4302700559,False,False
4303200130,False,False
4303200184,False,False
4303200555,False,False
4305200070,False,False
4305500180,False,False
4305600040,False,False
4305600100,False,False
4305700086,False,False
4307300520,False,False
4307300930,False,False
4307301160,False,False
4307310400,False,False
4307320230,False,False
4307330050,False,False
4307330070,False,False
4307330120,False,False
4307330180,False,False
4307340130,False,False
4307340490,False,False
4307350450,False,False
4307350520,False,False
4307350730,False,False
4307350990,False,False
4307351180,False,False
4309700130,False,False
4309700190,False,False
4309710100,False,False
4309710240,False,False
4309710250,False,False
4309720160,False,False
4310700020,False,False
4310700570,False,False
4310700665,False,False
4310700778,False,False
4310701330,False,False
4310701421,False,False
4310701565,False,False
4310701575,False,False
4310701577,False,False
4310701600,False,False
4310702440,False,False
4310702759,False,False
4310702787,False,False
4310702837,False,False
4310702838,False,False
4310702858,False,False
4310702876,False,False
4310702918,False,False
4310703070,False,False
4310703083,False,False
4311700120,False,False
4312700200,False,False
4312700340,False,False
4315700175,False,False
4315700275,False,False
4315700390,False,False
4315700505,False,False
4317700085,False,False
4318200090,False,False
4318200360,False,False
4318200405,False,False
4318200440,False,False
4319200450,False,False
4321200580,False,False
4321200600,False,False
4321200970,False,False
4322200105,False,False
4322300010,False,False
4322300140,False,False
4322300340,False,False
4322500055,False,False
4324200060,False,False
4324500180,False,False
4325000125,False,False
4325700085,False,False
4326000190,False,False
4326000220,False,False
4327100045,False,False
4327600010,False,False
4330600301,False,False
4330600350,False,False
4330600435,False,False
4331000130,False,False
4331000190,False,False
4331000265,False,False
4331000400,False,False
4331000595,False,False
4331400090,False,False
4335000030,False,False
4335000145,False,False
4336000050,False,False
4337000070,False,False
4337000160,False,False
4337000335,False,False
4337600005,False,False
4337600205,False,False
4338800170,False,False
4338800190,False,False
4338800370,False,False
4338800720,False,False
4340000010,False,False
4340610080,False,False
4343800080,False,False
4345000050,False,False
4345000090,False,False
4345000170,False,False
4345000210,False,False
4345000490,False,False
4345000510,False,False
4345300050,False,False
4345300180,False,False
4346300010,False,False
4348800030,False,False
4348800080,False,False
4351300978,False,False
4353700200,False,False
4356200120,False,False
4356200210,False,False
4358700135,False,False
4358700141,False,False
4358700186,False,False
4358700188,False,False
4359100050,False,False
4359700080,False,False
4363700365,False,False
4364200015,False,False
4364700105,False,False
4364700165,False,False
4364700585,False,False
4364700595,False,False
4364700600,False,False
4364700805,False,False
4364700875,False,False
4364700885,False,False
4364700945,False,False
4364700990,False,False
4365200055,False,False
4365200186,False,False
4365200425,False,False
4365200445,False,False
4365200505,False,False
4365200520,False,False
4365200555,False,False
4365200620,False,False
4365200860,False,False
4365200865,False,False
4365700450,False,False
4366700140,False,False
4370700065,False,False
4375700055,False,False
4375700065,False,False
4376700030,False,False
4376700430,False,False
4377000100,False,False
4379400220,False,False
4379400260,False,False
4379400490,False,False
4379400560,False,False
4379400580,False,False
4379600030,False,False
4383500030,False,False
4384000020,False,False
4385700185,False,False
4385700250,False,False
4385700285,False,False
4385700425,False,False
4385700660,False,False
4385700735,False,False
4385700765,False,False
4385701440,False,False
4388000120,False,False
4388000140,False,False
4388000460,False,False
4388600030,False,False
4389200610,False,False
4389200753,False,False
4389200761,False,False
4389200796,False,False
4389200876,False,False
4389200955,False,False
4389201021,False,False
4389201064,False,False
4389201075,False,False
4389201241,False,False
4389201250,False,False
4391600065,False,False
4392200165,False,False
4396000530,False,False
4397000020,False,False
4397000100,False,False
4397000500,False,False
4397010140,False,False
4397010300,False,False
4397010350,False,False
4397010480,False,False
4397650080,False,False
4397650160,False,False
4399200075,False,False
4399200085,False,False
4399200100,False,False
4399200245,False,False
4399210110,False,False
4399210130,False,False
4400200060,False,False
4400800061,False,False
4400900030,False,False
4401150070,False,False
4401200010,False,False
4401200130,False,False
4401200350,False,False
4401200460,False,False
4402700070,False,False
4402700125,False,False
4402700230,False,False
4402700593,False,False
4403200255,False,False
4403600240,False,False
4403600270,False,False
4406000560,False,False
4406000620,False,False
4408100095,False,False
4410600100,False,False
4415600040,False,False
4420600015,False,False
4423100095,False,False
4426600125,False,False
4427100095,False,False
4427100145,False,False
4432600075,False,False
4435000145,False,False
4435000490,False,False
4435000705,False,False
4435600330,False,False
4438000075,False,False
4438000165,False,False
4438400020,False,False
4438400050,False,False
4440400125,False,False
4440400155,False,False
4440900040,False,False
4441300075,False,False
4441300170,False,False
4441300240,False,False
4441300325,False,False
4441300416,False,False
4441300440,False,False
4442800008,False,False
4442800012,False,False
4442800040,False,False
4442800162,False,False
4442800166,False,False
4443800030,False,False
4443800110,False,False
4443800130,False,False
4443800375,False,False
4443800385,False,False
4443800415,False,False
4443800505,False,False
4443800545,False,False
4443800555,False,False
4443800765,False,False
4443800810,False,False
4443800940,False,False
4443801160,False,False
4443801285,False,False
4443801340,False,False
4443801590,False,False
4447300165,False,False
4449800315,False,False
4449800345,False,False
4449800480,False,False
4449800595,False,False
4449800681,False,False
4450700010,False,False
4450700030,False,False
4452300130,False,False
4454800060,False,False
4457300005,False,False
4457300135,False,False
4457300630,False,False
4458300190,False,False
4459800070,False,False
4459800075,False,False
4459800100,False,False
4468400211,False,False
4468400214,False,False
4472000040,False,False
4472000050,False,False
4473400045,False,False
4473400155,False,False
4473400195,False,False
4475000120,False,False
4475000170,False,False
4475000180,False,False
4475800065,False,False
4477000270,False,False
5001700040,False,False
5003600080,False,False
5003600120,False,False
5003600240,False,False
5006000035,False,False
5007500120,False,False
5009600010,False,False
5009600070,False,False
5013500110,False,False
5013500400,False,False
5014000085,False,False
5014000100,False,False
5014000120,False,False
5014000215,False,False
5014000225,False,False
5014600180,False,False
5014600210,False,False
5014600240,False,False
5014600440,False,False
5015000190,False,False
5015000346,False,False
5015000700,False,False
5015001045,False,False
5015001215,False,False
5015001452,False,False
5015001680,False,False
5016001060,False,False
5016001285,False,False
5016001325,False,False
5016001535,False,False
5016001619,False,False
5016002240,False,False
5016003146,False,False
5016003230,False,False
5017000470,False,False
5017000575,False,False
5018200110,False,False
5018200155,False,False
5021900050,False,False
5021900265,False,False
5021900635,False,False
5021900779,False,False
5021900945,False,False
5026900160,False,False
5026900235,False,False
5027800190,False,False
5028600360,False,False
5028600550,False,False
5028602020,False,False
5029000120,False,False
5029450160,False,False
5029450290,False,False
5029450850,False,False
5029451010,False,False
5029451080,False,False
5029451230,False,False
5029460180,False,False
5031300011,False,False
5035300090,False,False
5035300572,False,False
5035300650,False,False
5035300750,False,False
5035300834,False,False
5035300850,False,False
5035300871,False,False
5036300431,False,False
5036300575,False,False
5037300130,False,False
5039300305,False,False
5040800015,False,False
5042300095,False,False
5045700090,False,False
5045700250,False,False
5045700330,False,False
5045700470,False,False
5049800005,False,False
5051800130,False,False
5053300015,False,False
5054800110,False,False
5056500210,False,False
5056500260,False,False
5057100080,False,False
5057100090,False,False
5057100110,False,False
5062300280,False,False
5066400483,False,False
5066400564,False,False
5067400032,False,False
5067400162,False,False
5070000100,False,False
5070000120,False,False
5071400104,False,False
5071400485,False,False
5071500140,False,False
5071700020,False,False
5072100095,False,False
5072200040,False,False
5072300100,False,False
5072300210,False,False
5072400100,False,False
5072420040,False,False
5075400035,False,False
5076700115,False,False
5076700145,False,False
5076900010,False,False
5078400035,False,False
5078400090,False,False
5078400160,False,False
5078400190,False,False
5078400210,False,False
5078400215,False,False
5083000375,False,False
5087900040,False,False
5088500170,False,False
5088500210,False,False
5088500310,False,False
5089700260,False,False
5089700300,False,False
5089700720,False,False
5089700750,False,False
5093300280,False,False
5093300325,False,False
5093301285,False,False
5095400040,False,False
5095400460,False,False
5095400630,False,False
5095400760,False,False
5095401070,False,False
5095401360,False,False
5095600310,False,False
5095600360,False,False
5100400241,False,False
5100400244,False,False
5100400315,False,False
5100401315,False,False
5100401411,False,False
5100401429,False,False
5100401441,False,False
5100401516,False,False
5100402310,False,False
5100402606,False,False
5100402644,False,False
5100402668,False,False
5100402767,False,False
5100402782,False,False
5100403321,False,False
5100403405,False,False
5100403636,False,False
5100403754,False,False
5100403806,False,False
5100403876,False,False
5100403882,False,False
5100403947,False,False
5100403952,False,False
5100404030,False,False
5100404761,False,False
5101400461,False,False
5101400561,False,False
5101400838,False,False
5101400862,False,False
5101400871,False,False
5101400934,False,False
5101401816,False,False
5101402276,False,False
5101402296,False,False
5101402312,False,False
5101402428,False,False
5101402435,False,False
5101402472,False,False
5101402482,False,False
5101402488,False,False
5101402618,False,False
5101403915,False,False
5101404144,False,False
5101404170,False,False
5101404351,False,False
5101404444,False,False
5101404482,False,False
5101404491,False,False
5101404563,False,False
5101404608,False,False
5101404898,False,False
5101405067,False,False
5101405124,False,False
5101405274,False,False
5101405276,False,False
5101405331,False,False
5101405335,False,False
5101405338,False,False
5101405465,False,False
5101405604,False,False
5101406384,False,False
5101406489,False,False
5101406522,False,False
5101406536,False,False
5101407250,False,False
5101407305,False,False
5101407350,False,False
5101407370,False,False
5101407790,False,False
5101408593,False,False
5101408599,False,False
5101408835,False,False
5101408889,False,False
5102400025,False,False
5102400035,False,False
5102400105,False,False
5103300020,False,False
5103300090,False,False
5103900045,False,False
5104200420,False,False
5104220120,False,False
5104450440,False,False
5104450690,False,False
5104450720,False,False
5104450990,False,False
5104470070,False,False
5104500020,False,False
5104510010,False,False
5104510060,False,False
5104510120,False,False
5104510130,False,False
5104510190,False,False
5104510240,False,False
5104510270,False,False
5104510340,False,False
5104510490,False,False
5104510540,False,False
5104510720,False,False
5104510860,False,False
5104511050,False,False
5104511530,False,False
5104511590,False,False
5104511600,False,False
5104511630,False,False
5104511730,False,False
5104512060,False,False
5104512070,False,False
5104512180,False,False
5104520150,False,False
5104520400,False,False
5104520550,False,False
5104520620,False,False
5104520640,False,False
5104520810,False,False
5104530220,False,False
5104530430,False,False
5104530560,False,False
5104530680,False,False
5104530770,False,False
5104530810,False,False
5104531290,False,False
5104531580,False,False
5104531640,False,False
5104531700,False,False
5104531820,False,False
5104540240,False,False
5104540330,False,False
5104540360,False,False
5104540500,False,False
5104540610,False,False
5104650020,False,False
5111400081,False,False
5111400086,False,False
5112800190,False,False
5112800210,False,False
5112800233,False,False
5112800291,False,False
5113000420,False,False
5113200310,False,False
5113260040,False,False
5113260170,False,False
5113260430,False,False
5113400113,False,False
5113400168,False,False
5113400264,False,False
5113400431,False,False
5113400535,False,False
5115000100,False,False
5115000160,False,False
5116000170,False,False
5116000250,False,False
5116060030,False,False
5119400075,False,False
5122400025,False,False
5125400305,False,False
5125400385,False,False
5126210280,False,False
5126210360,False,False
5126300510,False,False
5126300650,False,False
5126300770,False,False
5126300960,False,False
5126310110,False,False
5126310400,False,False
5126310470,False,False
5126400150,False,False
5126400230,False,False
5126900100,False,False
5126900200,False,False
5126900310,False,False
5126900405,False,False
5126950340,False,False
5127000420,False,False
5127000430,False,False
5127000670,False,False
5127001170,False,False
5127001320,False,False
5127100100,False,False
5127100190,False,False
5127100210,False,False
5128000010,False,False
5129000006,False,False
5130000090,False,False
5132000140,False,False
5135000050,False,False
5135000160,False,False
5137000170,False,False
5137200140,False,False
5137300130,False,False
5137800130,False,False
5141000510,False,False
5141000685,False,False
5141000720,False,False
5145000130,False,False
5145000190,False,False
5145100080,False,False
5145100180,False,False
5145100300,False,False
5145100310,False,False
5146000070,False,False
5147600095,False,False
5147600105,False,False
5149300100,False,False
5149300200,False,False
5149300400,False,False
5149800040,False,False
5151200215,False,False
5151200290,False,False
5151600040,False,False
5151600120,False,False
5151600195,False,False
5151600300,False,False
5151600360,False,False
5151600390,False,False
5151600480,False,False
5151600530,False,False
5151800015,False,False
5151900110,False,False
5152000030,False,False
5152100110,False,False
5152700120,False,False
5152800030,False,False
5152920070,False,False
5152920170,False,False
5152960080,False,False
5152960330,False,False
5152960350,False,False
5152960710,False,False
5152980070,False,False
5153200030,False,False
5153200100,False,False
5153200150,False,False
5153200356,False,False
5153200486,False,False
5153200506,False,False
5153200651,False,False
5153200666,False,False
5153900080,False,False
5153900150,False,False
5154200015,False,False
5154700060,False,False
5160700035,False,False
5162100650,False,False
5162100660,False,False
5163700085,False,False
5166700055,False,False
5167000140,False,False
5169700022,False,False
5169700132,False,False
5175800060,False,False
5191100180,False,False
5196420290,False,False
5198600005,False,False
5198600010,False,False
5200100105,False,False
5201810060,False,False
5201810110,False,False
5202500030,False,False
5205000160,False,False
5205000250,False,False
5207200160,False,False
5210200077,False,False
5210200107,False,False
5210200131,False,False
5210200410,False,False
5212000020,False,False
5214500660,False,False
5214510060,False,False
5215200010,False,False
5216200090,False,False
5229300027,False,False
5229300085,False,False
5230000020,False,False
5230300280,False,False
5238800020,False,False
5244800125,False,False
5244800895,False,False
5244800915,False,False
5244801255,False,False
5244801275,False,False
5244801550,False,False
5245400030,False,False
5248800440,False,False
5248800625,False,False
5249800010,False,False
5249800345,False,False
5249800729,False,False
5249801440,False,False
5249801720,False,False
5249801785,False,False
5249802085,False,False
5249802424,False,False
5249802520,False,False
5249802660,False,False
5249803010,False,False
5249803036,False,False
5249803645,False,False
5249803745,False,False
5249803885,False,False
5249804560,False,False
5249804825,False,False
5249805090,False,False
5250300035,False,False
5252000170,False,False
5252000200,False,False
5253300243,False,False
5253300320,False,False
5253300387,False,False
5253300397,False,False
5255000110,False,False
5255300150,False,False
5255690100,False,False
5255690160,False,False
5255700160,False,False
5255710010,False,False
5255710160,False,False
5259800090,False,False
5259800440,False,False
5266300140,False,False
5267000180,False,False
5269200050,False,False
5272200005,False,False
5272200035,False,False
5272200040,False,False
5272200045,False,False
5276200020,False,False
5279100625,False,False
5279100680,False,False
5282200015,False,False
5288200070,False,False
5288200072,False,False
5288200225,False,False
5288200260,False,False
5297200089,False,False
5300200050,False,False
5300200085,False,False
5306100240,False,False
5307100060,False,False
5307100280,False,False
5309100140,False,False
5309100295,False,False
5309100450,False,False
5309100515,False,False
5309101050,False,False
5309101200,False,False
5309101395,False,False
5312100040,False,False
5312100060,False,False
5315100394,False,False
5315100476,False,False
5315100667,False,False
5315100805,False,False
5315100806,False,False
5315101716,False,False
5315101728,False,False
5316100106,False,False
5316100255,False,False
5316100780,False,False
5316100820,False,False
5316100920,False,False
5316100980,False,False
5317100294,False,False
5317100325,False,False
5317100530,False,False
5318100200,False,False
5318100504,False,False
5318100645,False,False
5318100840,False,False
5318100965,False,False
5318101040,False,False
5318101075,False,False
5318101185,False,False
5318101565,False,False
5318101695,False,False
5332200375,False,False
5332200515,False,False
5332200530,False,False
5332200550,False,False
5335700030,False,False
5335700110,False,False
5341600030,False,False
5347200060,False,False
5347200070,False,False
5347200165,False,False
5347200179,False,False
5347200220,False,False
5350200425,False,False
5350200870,False,False
5350201180,False,False
5351200265,False,False
5351200280,False,False
5358300100,False,False
5360200052,False,False
5360200054,False,False
5363200100,False,False
5363200180,False,False
5363200200,False,False
5364200381,False,False
5364200620,False,False
5364200649,False,False
5364200695,False,False
5365200040,False,False
5366200030,False,False
5366200205,False,False
5366200210,False,False
5366200330,False,False
5366200460,False,False
5370200170,False,False
5379800446,False,False
5379800500,False,False
5379801600,False,False
5379801920,False,False
5379801972,False,False
5379802090,False,False
5379802181,False,False
5379802816,False,False
5379802871,False,False
5379803372,False,False
5379804150,False,False
5379804393,False,False
5379804470,False,False
5379804537,False,False
5379804690,False,False
5379804730,False,False
5379805120,False,False
5379805260,False,False
5379805460,False,False
5379805475,False,False
5379805495,False,False
5379805885,False,False
5379805910,False,False
5379806155,False,False
5379806180,False,False
5379806185,False,False
5379806590,False,False
5381000048,False,False
5381000072,False,False
5381000082,False,False
5381000352,False,False
5381000411,False,False
5381000477,False,False
5381600110,False,False
5393600507,False,False
5393600562,False,False
5393601050,False,False
5393601690,False,False
5398600075,False,False
5402100045,False,False
5406500430,False,False
5409000110,False,False
5409800120,False,False
5409800140,False,False
5411600020,False,False
5411600180,False,False
5412100240,False,False
5412100550,False,False
5412100920,False,False
5412101150,False,False
5412200180,False,False
5412200270,False,False
5412300130,False,False
5412310080,False,False
5412310170,False,False
5414100040,False,False
5415000240,False,False
5415350480,False,False
5416100020,False,False
5416100110,False,False
5416100160,False,False
5416100190,False,False
5416300230,False,False
5416300240,False,False
5416500090,False,False
5416500520,False,False
5416500660,False,False
5416500980,False,False
5416510060,False,False
5416510110,False,False
5416510140,False,False
5416510200,False,False
5416510490,False,False
5416510530,False,False
5416510710,False,False
5416510830,False,False
5416510920,False,False
5416510990,False,False
5417600130,False,False
5418200245,False,False
5418200295,False,False
5418500650,False,False
5418500800,False,False
5418500970,False,False
5418650080,False,False
5419000050,False,False
5419800090,False,False
5419800330,False,False
5419801120,False,False
5420300240,False,False
5420300270,False,False
5420800010,False,False
5420800090,False,False
5422420120,False,False
5422420140,False,False
5422420470,False,False
5422430320,False,False
5422500110,False,False
5422500220,False,False
5422560380,False,False
5422560470,False,False
5422560810,False,False
5422560830,False,False
5422560850,False,False
5422560860,False,False
5422560900,False,False
5422560930,False,False
5422570260,False,False
5422570760,False,False
5422950020,False,False
5422950040,False,False
5422950080,False,False
5422950170,False,False
5423010350,False,False
5423030300,False,False
5423030380,False,False
5423040140,False,False
5423600040,False,False
5423600100,False,False
5424100030,False,False
5425700150,False,False
5425700205,False,False
5427100150,False,False
5428000070,False,False
5430300106,False,False
5430300171,False,False
5437200080,False,False
5437400100,False,False
5437600010,False,False
5437800020,False,False
5437810320,False,False
5437810360,False,False
5437820020,False,False
5437820080,False,False
5437820310,False,False
5438000060,False,False
5438000080,False,False
5438000160,False,False
5438000280,False,False
5442300807,False,False
5448300150,False,False
5450300020,False,False
5450300195,False,False
5450500010,False,False
5450900060,False,False
5450900140,False,False
5451100220,False,False
5451200110,False,False
5451200280,False,False
5451200370,False,False
5451200520,False,False
5451200530,False,False
5451200600,False,False
5451220150,False,False
5451220200,False,False
5451300105,False,False
5452301785,False,False
5452301800,False,False
5452302195,False,False
5452800310,False,False
5452800495,False,False
5452800735,False,False
5452800800,False,False
5453700060,False,False
5453700140,False,False
5454000010,False,False
5456000135,False,False
5456000280,False,False
5457300696,False,False
5457300703,False,False
5457800740,False,False
5457800930,False,False
5457801833,False,False
5458300580,False,False
5458300685,False,False
5458800125,False,False
5458800330,False,False
5458800415,False,False
5458800425,False,False
5459000240,False,False
5459000305,False,False
5459300040,False,False
5459500100,False,False
5459500125,False,False
5459500145,False,False
5460500040,False,False
5460600110,False,False
5460900120,False,False
5461300150,False,False
5462100240,False,False
5466000030,False,False
5466300130,False,False
5466310730,False,False
5466350160,False,False
5466380050,False,False
5466400530,False,False
5466420030,False,False
5466700450,False,False
5467900070,False,False
5467910020,False,False
5467910140,False,False
5468000180,False,False
5468700105,False,False
5468730030,False,False
5468730110,False,False
5468750040,False,False
5468750060,False,False
5468760050,False,False
5468770180,False,False
5468770250,False,False
5468780020,False,False
5469000100,False,False
5469000140,False,False
5469300270,False,False
5469300330,False,False
5469500020,False,False
5469500180,False,False
5469500640,False,False
5469501200,False,False
5469501530,False,False
5469501830,False,False
5469501940,False,False
5469502060,False,False
5469502170,False,False
5469502380,False,False
5469502460,False,False
5469502660,False,False
5469502780,False,False
5469502860,False,False
5469503280,False,False
5469650040,False,False
5469700052,False,False
5469700060,False,False
5469700570,False,False
5470100090,False,False
5470100270,False,False
5476200123,False,False
5476200160,False,False
5476800201,False,False
5480900010,False,False
5482700100,False,False
5482700115,False,False
5486800070,False,False
5487300020,False,False
5489200435,False,False
5490210320,False,False
5490210510,False,False
5490220030,False,False
5490700100,False,False
5491200210,False,False
5492200090,False,False
5493100366,False,False
5493110020,False,False
5495200040,False,False
5499200060,False,False
5499700045,False,False
5500100120,False,False
5500200010,False,False
5502700005,False,False
5505700020,False,False
5505700030,False,False
5505700055,False,False
5506500070,False,False
5511600245,False,False
5515600087,False,False
5518800010,False,False
5522600205,False,False
5525400300,False,False
5525400420,False,False
5525400430,False,False
5525400530,False,False
5528600005,False,False
5530000030,False,False
5530000050,False,False
5535600110,False,False
5535600150,False,False
5535600520,False,False
5535600640,False,False
5536100005,False,False
5536100020,False,False
5536500200,False,False
5537200043,False,False
5538300225,False,False
5538300460,False,False
5540000010,False,False
5540800100,False,False
5540800130,False,False
5541300135,False,False
5547500070,False,False
5547700190,False,False
5547700270,False,False
5550300175,False,False
5550300205,False,False
5556300076,False,False
5556300098,False,False
5556300102,False,False
5556300109,False,False
5556300116,False,False
5556800150,False,False
5556800260,False,False
5556900080,False,False
5557320030,False,False
5557500270,False,False
5557700210,False,False
5557800010,False,False
5559200051,False,False
5559200065,False,False
5559200170,False,False
5559900080,False,False
5560000070,False,False
5560000540,False,False
5560000640,False,False
5560000650,False,False
5560000710,False,False
5560001130,False,False
5561000010,False,False
5561000190,False,False
5561000330,False,False
5561000420,False,False
5561000430,False,False
5561000920,False,False
5561100431,False,False
5561200310,False,False
5561200980,False,False
5561300480,False,False
5561300730,False,False
5561300980,False,False
5561301150,False,False
5561301220,False,False
5561301280,False,False
5561400140,False,False
5561400220,False,False
5561400440,False,False
5561400740,False,False
5561401110,False,False
5561401220,False,False
5561700340,False,False
5561710110,False,False
5562100325,False,False
5566100170,False,False
5566100205,False,False
5569620050,False,False
5569620410,False,False
5569700075,False,False
5583200345,False,False
5583200810,False,False
5587000010,False,False
5589300145,False,False
5589300205,False,False
5589300210,False,False
5589300361,False,False
5589300495,False,False
5589300715,False,False
5589900400,False,False
5589900761,False,False
5591700290,False,False
5592050080,False,False
5592200010,False,False
5592900015,False,False
5592900020,False,False
5592900105,False,False
5592900230,False,False
5592900285,False,False
5595900090,False,False
5595900210,False,False
5595900280,False,False
5595900316,False,False
5602000105,False,False
5602000275,False,False
5603800110,False,False
5605000215,False,False
5605000430,False,False
5605000590,False,False
5605000595,False,False
5606000233,False,False
5606000255,False,False
5608000010,False,False
5608000080,False,False
5608000190,False,False
5608000700,False,False
5608000840,False,False
5608000860,False,False
5608010050,False,False
5608010420,False,False
5608010980,False,False
5608030020,False,False
5609000311,False,False
5611000090,False,False
5611500100,False,False
5611500140,False,False
5611500170,False,False
5612100065,False,False
5615100330,False,False
5621100115,False,False
5628300015,False,False
5628400080,False,False
5631500191,False,False
5631500213,False,False
5631500254,False,False
5631500292,False,False
5631500369,False,False
5631500400,False,False
5631500505,False,False
5631500594,False,False
5631500866,False,False
5631500868,False,False
5631500905,False,False
5631500941,False,False
5631500992,False,False
5631501073,False,False
5631501161,False,False
5631501202,False,False
5631501323,False,False
5632500110,False,False
5634500036,False,False
5634500170,False,False
5634500179,False,False
5634500182,False,False
5634500201,False,False
5634500251,False,False
5634500392,False,False
5634500415,False,False
5635100080,False,False
5635100090,False,False
5636000210,False,False
5636000400,False,False
5636010560,False,False
5637200150,False,False
5637200200,False,False
5637200450,False,False
5637500082,False,False
5637500094,False,False
5637500180,False,False
5637500250,False,False
5641300220,False,False
5643600351,False,False
5647000060,False,False
5647900120,False,False
5647900650,False,False
5647900930,False,False
5648600010,False,False
5648600190,False,False
5649000150,False,False
5649300120,False,False
5649300160,False,False
5649600225,False,False
5649600266,False,False
5649600435,False,False
5649600464,False,False
5651010150,False,False
5651010300,False,False
5651010320,False,False
5651500140,False,False
5652600069,False,False
5652600185,False,False
5652600427,False,False
5652600556,False,False
5652601075,False,False
5652601140,False,False
5652601155,False,False
5652601330,False,False
5652601425,False,False
5662100110,False,False
5667100025,False,False
5667100045,False,False
5668500045,False,False
5672000020,False,False
5676000004,False,False
5676000008,False,False
5679501310,False,False
5680000260,False,False
5680000750,False,False
5680001095,False,False
5683000033,False,False
5683500030,False,False
5683500085,False,False
5693500270,False,False
5693500760,False,False
5693500846,False,False
5693501028,False,False
5694000706,False,False
5694000710,False,False
5694000768,False,False
5694001061,False,False
5694500105,False,False
5694500200,False,False
5694500386,False,False
5694500497,False,False
5694500840,False,False
5695000142,False,False
5695000270,False,False
5699000070,False,False
5700000120,False,False
5700000180,False,False
5700000340,False,False
5700000446,False,False
5700000465,False,False
5700000515,False,False
5700000600,False,False
5700000905,False,False
5700000975,False,False
5700001045,False,False
5700001055,False,False
5700001640,False,False
5700001895,False,False
5700001920,False,False
5700002020,False,False
5700002025,False,False
5700002285,False,False
5700002325,False,False
5700002460,False,False
5700003221,False,False
5700003810,False,False
5700004028,False,False
5700004040,False,False
5700004485,False,False
5700004525,False,False
5701700011,False,False
5701800030,False,False
5702330120,False,False
5702380500,False,False
5702380730,False,False
5702380770,False,False
5702380780,False,False
5702450250,False,False
5702450260,False,False
5702500050,False,False
5703500130,False,False
5705500075,False,False
5706000070,False,False
5706200020,False,False
5706200280,False,False
5706200360,False,False
5706201140,False,False
5706201360,False,False
5706201470,False,False
5706201930,False,False
5706202070,False,False
5706500140,False,False
5706500385,False,False
5706600150,False,False
5706600170,False,False
5708500208,False,False
5708500270,False,False
5708500315,False,False
5709200030,False,False
5710000005,False,False
5710500010,False,False
5710500060,False,False
5710500230,False,False
5710600620,False,False
5710610430,False,False
5710610520,False,False
5710610670,False,False
5710610790,False,False
5710610800,False,False
5711200170,False,False
5726500130,False,False
5727000010,False,False
5727500006,False,False
5727500019,False,False
5727500301,False,False
5727500561,False,False
5729000070,False,False
5729000080,False,False
5729200030,False,False
5739600427,False,False
5742600090,False,False
5742600115,False,False
5745600040,False,False
6003001760,False,False
6003001999,False,False
6003500743,False,False
6003500995,False,False
6003501400,False,False
6003501535,False,False
6004510240,False,False
6012500100,False,False
6012500170,False,False
6018500015,False,False
6018500120,False,False
6021500025,False,False
6021500245,False,False
6021500320,False,False
6021500970,False,False
6021501320,False,False
6021501420,False,False
6021501535,False,False
6021501635,False,False
6021501685,False,False
6021501780,False,False
6021502300,False,False
6021502310,False,False
6021502470,False,False
6021502750,False,False
6021502830,False,False
6021503451,False,False
6021503570,False,False
6021503655,False,False
6021503698,False,False
6021503705,False,False
6021503706,False,False
6021503707,False,False
6021503708,False,False
6021503830,False,False
6021503840,False,False
6021503885,False,False
6028000090,False,False
6031400013,False,False
6031400071,False,False
6031400092,False,False
6031400094,False,False
6042000090,False,False
6043400006,False,False
6046400465,False,False
6046400755,False,False
6046401030,False,False
6046401105,False,False
6046401300,False,False
6052400575,False,False
6052400625,False,False
6052401631,False,False
6054650070,False,False
6054650510,False,False
6055000010,False,False
6055000310,False,False
6056100114,False,False
6056100150,False,False
6056100160,False,False
6056100165,False,False
6056100293,False,False
6056100370,False,False
6056100380,False,False
6056100383,False,False
6056110150,False,False
6056110200,False,False
6056110430,False,False
6056111063,False,False
6056111067,False,False
6056111350,False,False
6056111430,False,False
6057700120,False,False
6058600220,False,False
6058600385,False,False
6061500100,False,False
6061500130,False,False
6064800060,False,False
6064800470,False,False
6064800550,False,False
6064800710,False,False
6064800730,False,False
6065300330,False,False
6065300370,False,False
6067900060,False,False
6067900640,False,False
6067910030,False,False
6067910130,False,False
6070500055,False,False
6070800050,False,False
6071000265,False,False
6071000310,False,False
6071200195,False,False
6071200375,False,False
6071200455,False,False
6071200545,False,False
6071300030,False,False
6071300090,False,False
6071300180,False,False
6071300500,False,False
6071300550,False,False
6071400360,False,False
6071400710,False,False
6071600270,False,False
6071600370,False,False
6071700160,False,False
6071800100,False,False
6071800310,False,False
6071800410,False,False
6071900070,False,False
6072000380,False,False
6072000440,False,False
6072100140,False,False
6072100490,False,False
6072100790,False,False
6072400470,False,False
6072400820,False,False
6072500050,False,False
6072600200,False,False
6072650250,False,False
6072650290,False,False
6072700110,False,False
6072760210,False,False
6072760360,False,False
6072760390,False,False
6072760670,False,False
6072800170,False,False
6072800205,False,False
6072800246,False,False
6073200010,False,False
6073200020,False,False
6073200075,False,False
6073230230,False,False
6073300040,False,False
6073300530,False,False
6073300750,False,False
6073300790,False,False
6073500160,False,False
6073500190,False,False
6075000050,False,False
6076500160,False,False
6076500220,False,False
6076500364,False,False
6082400083,False,False
6082400152,False,False
6082400191,False,False
6082400260,False,False
6083000037,False,False
6083000050,False,False
6083000083,False,False
6084200060,False,False
6084200080,False,False
6084600660,False,False
6084601060,False,False
6085000130,False,False
6087100070,False,False
6093000065,False,False
6093900280,False,False
6096500105,False,False
6099400030,False,False
6099400140,False,False
6099400293,False,False
6111400020,False,False
6112300140,False,False
6113400047,False,False
6114400028,False,False
6114400136,False,False
6114400142,False,False
6116500028,False,False
6116500075,False,False
6116500290,False,False
6116500300,False,False
6116500341,False,False
6117500025,False,False
6117500160,False,False
6117500320,False,False
6117500785,False,False
6117500980,False,False
6117501015,False,False
6117501176,False,False
6117501250,False,False
6117501820,False,False
6117502220,False,False
6117502727,False,False
6117900010,False,False
6117900120,False,False
6118600045,False,False
6119200085,False,False
6119700030,False,False
6119700150,False,False
6121000090,False,False
6121000110,False,False
6121800050,False,False
6121800060,False,False
6121800065,False,False
6123000070,False,False
6123000090,False,False
6123000225,False,False
6123600090,False,False
6123600285,False,False
6126500060,False,False
6126600950,False,False
6126601380,False,False
6127000480,False,False
6127010320,False,False
6127010670,False,False
6127010800,False,False
6127010890,False,False
6127011000,False,False
6127600036,False,False
6127600110,False,False
6130500060,False,False
6130500070,False,False
6130500120,False,False
6131600060,False,False
6131600075,False,False
6131600255,False,False
6131600285,False,False
6132600165,False,False
6132600221,False,False
6132600315,False,False
6132600380,False,False
6133100120,False,False
6133100125,False,False
6134500070,False,False
6136900045,False,False
6137500310,False,False
6137610190,False,False
6137610540,False,False
6137610620,False,False
6138000095,False,False
6139100056,False,False
6139100086,False,False
6139100101,False,False
6139800390,False,False
6139800640,False,False
6140100022,False,False
6140100028,False,False
6140100095,False,False
6140100875,False,False
6140600049,False,False
6141100038,False,False
6141100065,False,False
6141100320,False,False
6141100380,False,False
6141100395,False,False
6141100445,False,False
6141100750,False,False
6141600065,False,False
6141600140,False,False
6141600179,False,False
6142100090,False,False
6143600555,False,False
6143600580,False,False
6145600040,False,False
6145600041,False,False
6145600285,False,False
6145600410,False,False
6145600557,False,False
6145600780,False,False
6145600855,False,False
6145600865,False,False
6145600900,False,False
6145600955,False,False
6145601312,False,False
6145601510,False,False
6145601599,False,False
6145601715,False,False
6145601725,False,False
6145601819,False,False
6145601890,False,False
6145602125,False,False
6145602355,False,False
6146600185,False,False
6146600420,False,False
6146600595,False,False
6147600040,False,False
6147650170,False,False
6147650280,False,False
6147650430,False,False
6149700191,False,False
6149700197,False,False
6149700315,False,False
6149700350,False,False
6149700380,False,False
6150200005,False,False
6150200040,False,False
6150200060,False,False
6150200280,False,False
6150200330,False,False
6150200375,False,False
6150200435,False,False
6150700005,False,False
6150700169,False,False
6150700180,False,False
6150700394,False,False
6151800135,False,False
6151800225,False,False
6151800300,False,False
6151800330,False,False
6151800606,False,False
6151800624,False,False
6152900402,False,False
6154500030,False,False
6154900065,False,False
6154900070,False,False
6154900095,False,False
6159400060,False,False
6161000015,False,False
6163900032,False,False
6163900073,False,False
6163900301,False,False
6163900411,False,False
6163900501,False,False
6163900628,False,False
6163901033,False,False
6163901061,False,False
6163901261,False,False
6163901271,False,False
6163901283,False,False
6163901352,False,False
6163901381,False,False
6163901382,False,False
6163901383,False,False
6163901433,False,False
6163901751,False,False
6163901772,False,False
6163901913,False,False
6169900545,False,False
6169901006,False,False
6169901085,False,False
6169901095,False,False
6169901185,False,False
6169901197,False,False
6170900190,False,False
6178930340,False,False
6179900090,False,False
6181400470,False,False
6181420200,False,False
6181430280,False,False
6181430800,False,False
6181500100,False,False
6181500120,False,False
6181700250,False,False
6181700625,False,False
6187100360,False,False
6187500080,False,False
6187700175,False,False
6187700501,False,False
6189200050,False,False
6189200260,False,False
6189200345,False,False
6190000035,False,False
6190500340,False,False
6190500380,False,False
6190700284,False,False
6190701110,False,False
6190701112,False,False
6190701483,False,False
6190701484,False,False
6192400400,False,False
6192410280,False,False
6192410480,False,False
6192410550,False,False
6192410760,False,False
6197200021,False,False
6197800045,False,False
6197800101,False,False
6198400218,False,False
6199000141,False,False
6203000160,False,False
6204000040,False,False
6204050040,False,False
6204050080,False,False
6204050160,False,False
6204200170,False,False
6204200340,False,False
6204200470,False,False
6204200560,False,False
6204200590,False,False
6204400130,False,False
6204400170,False,False
6204400270,False,False
6204410150,False,False
6204410200,False,False
6204410330,False,False
6204420070,False,False
6204420180,False,False
6205500030,False,False
6205500280,False,False
6205500580,False,False
6206100030,False,False
6206100075,False,False
6206100130,False,False
6300000212,False,False
6300000213,False,False
6300000226,False,False
6300000287,False,False
6300000335,False,False
6300000364,False,False
6300000368,False,False
6300000400,False,False
6300000550,False,False
6300000693,False,False
6300500081,False,False
6300500105,False,False
6300500183,False,False
6300500275,False,False
6300500475,False,False
6300500476,False,False
6300500477,False,False
6300500505,False,False
6300500515,False,False
6300500545,False,False
6300500875,False,False
6301800020,False,False
6303400150,False,False
6303400460,False,False
6303400475,False,False
6303400520,False,False
6303400981,False,False
6303401050,False,False
6303401150,False,False
6303401365,False,False
6303401395,False,False
6305900300,False,False
6305900350,False,False
6306100080,False,False
6306100190,False,False
6306800020,False,False
6306800050,False,False
6306810110,False,False
6308000010,False,False
6308000020,False,False
6321000045,False,False
6324000115,False,False
6326000130,False,False
6329000050,False,False
6329000070,False,False
6329000185,False,False
6329000190,False,False
6329000380,False,False
6329000385,False,False
6329000705,False,False
6332000130,False,False
6332940020,False,False
6338000014,False,False
6338000032,False,False
6338000493,False,False
6338000592,False,False
6341000020,False,False
6341000221,False,False
6344000060,False,False
6352600350,False,False
6352600650,False,False
6352600680,False,False
6354000050,False,False
6362900007,False,False
6362900080,False,False
6362900145,False,False
6362900171,False,False
6362900172,False,False
6370000005,False,False
6370000070,False,False
6371000020,False,False
6371000100,False,False
6371000148,False,False
6371500040,False,False
6371500120,False,False
6372000060,False,False
6372000101,False,False
6372000190,False,False
6372000297,False,False
6373000130,False,False
6373000187,False,False
6377200010,False,False
6378500125,False,False
6378500230,False,False
6379500159,False,False
6379500216,False,False
6379500227,False,False
6379500640,False,False
6380500135,False,False
6380500151,False,False
6381500035,False,False
6381500065,False,False
6381500090,False,False
6381500110,False,False
6381500170,False,False
6381500265,False,False
6381500505,False,False
6381500690,False,False
6381500700,False,False
6381501965,False,False
6381502155,False,False
6382000080,False,False
6382500020,False,False
6382500076,False,False
6382500079,False,False
6382500084,False,False
6383000150,False,False
6383000790,False,False
6383000820,False,False
6383000825,False,False
6383500295,False,False
6383900090,False,False
6384500035,False,False
6384500535,False,False
6384500581,False,False
6384500590,False,False
6385000025,False,False
6385100100,False,False
6385260160,False,False
6385900090,False,False
6385910260,False,False
6386200100,False,False
6386300120,False,False
6386550040,False,False
6386600130,False,False
6386600170,False,False
6386700110,False,False
6386700300,False,False
6388910040,False,False
6388910160,False,False
6388910280,False,False
6388910360,False,False
6388920410,False,False
6388920460,False,False
6388930170,False,False
6388930390,False,False
6388930420,False,False
6388930570,False,False
6389970010,False,False
6392001005,False,False
6392001670,False,False
6392001810,False,False
6392002550,False,False
6392003490,False,False
6392003810,False,False
6399600115,False,False
6400700189,False,False
6400700220,False,False
6400700230,False,False
6400700264,False,False
6400700389,False,False
6401700010,False,False
6402300070,False,False
6402700100,False,False
6402700110,False,False
6402710070,False,False
6402710120,False,False
6403310060,False,False
6403500290,False,False
6403500570,False,False
6403510090,False,False
6403510130,False,False
6403510410,False,False
6411600026,False,False
6411600043,False,False
6411600045,False,False
6411600069,False,False
6411600370,False,False
6411600411,False,False
6412100092,False,False
6412600005,False,False
6413100090,False,False
6413100122,False,False
6413100242,False,False
6413100270,False,False
6413600123,False,False
6413600151,False,False
6413600192,False,False
6413600275,False,False
6413600276,False,False
6414100111,False,False
6414100133,False,False
6414100192,False,False
6414100231,False,False
6414100482,False,False
6414100560,False,False
6414100671,False,False
6414100721,False,False
6414100732,False,False
6414600051,False,False
6414600070,False,False
6414600232,False,False
6414600260,False,False
6414600262,False,False
6414600321,False,False
6415100122,False,False
6415100297,False,False
6415100331,False,False
6415100350,False,False
6421000330,False,False
6421100342,False,False
6421100502,False,False
6421100592,False,False
6430000070,False,False
6430000275,False,False
6430000280,False,False
6430000945,False,False
6430500010,False,False
6430500186,False,False
6430500191,False,False
6430500233,False,False
6430500238,False,False
6430500291,False,False
6430500293,False,False
6431000015,False,False
6431000196,False,False
6431000206,False,False
6431000270,False,False
6431000749,False,False
6431500122,False,False
6431500140,False,False
6431500280,False,False
6433000050,False,False
6437400101,False,False
6445800015,False,False
6445800120,False,False
6446200050,False,False
6446200175,False,False
6446200190,False,False
6447300345,False,False
6447300365,False,False
6448000010,False,False
6448000090,False,False
6448600060,False,False
6450300605,False,False
6450300673,False,False
6450300840,False,False
6450301220,False,False
6450301310,False,False
6450301530,False,False
6450301690,False,False
6450302175,False,False
6450302545,False,False
6450302546,False,False
6450302900,False,False
6450303235,False,False
6450303820,False,False
6450303950,False,False
6450304260,False,False
6450304600,False,False
6450304630,False,False
6453300055,False,False
6453300306,False,False
6456200020,False,False
6600000050,False,False
6600000217,False,False
6600000330,False,False
6600060140,False,False
6600060150,False,False
6600060160,False,False
6600220080,False,False
6600220150,False,False
6600220300,False,False
6600220380,False,False
6600220490,False,False
6600250050,False,False
6600350140,False,False
6600400370,False,False
6600410290,False,False
6600490220,False,False
6600490250,False,False
6600490300,False,False
6600700030,False,False
6600790210,False,False
6601200020,False,False
6601200250,False,False
6603000030,False,False
6607000126,False,False
6608500260,False,False
6610000320,False,False
6610000591,False,False
6613000015,False,False
6613000375,False,False
6613000585,False,False
6613000715,False,False
6613000930,False,False
6613000935,False,False
6616000010,False,False
6619900120,False,False
6619910230,False,False
6619910240,False,False
6619910260,False,False
6620400025,False,False
6620400205,False,False
6620400400,False,False
6620400631,False,False
6623400050,False,False
6623400090,False,False
6623400135,False,False
6623400187,False,False
6623400193,False,False
6623400217,False,False
6623400246,False,False
6623400356,False,False
6624010170,False,False
6624300110,False,False
6626300095,False,False
6632300040,False,False
6632300122,False,False
6632300161,False,False
6632300212,False,False
6632300477,False,False
6632300478,False,False
6632300567,False,False
6632900084,False,False
6632900340,False,False
6632900405,False,False
6632900574,False,False
6633900050,False,False
6635000110,False,False
6638900115,False,False
6638900405,False,False
6638900461,False,False
6638900550,False,False
6639900012,False,False
6639900176,False,False
6639900219,False,False
6639900242,False,False
6641020050,False,False
6641020160,False,False
6641040100,False,False
6645900010,False,False
6645950070,False,False
6646200090,False,False
6646200420,False,False
6646200710,False,False
6647200060,False,False
6648000050,False,False
6648100010,False,False
6648150040,False,False
6648150150,False,False
6648500580,False,False
6648701420,False,False
6648760100,False,False
6648760150,False,False
6648770240,False,False
6648900005,False,False
6649250410,False,False
6649500040,False,False
6649500060,False,False
6649900090,False,False
6649900301,False,False
6654700250,False,False
6661200050,False,False
6661200080,False,False
6661200260,False,False
6661200320,False,False
6662000070,False,False
6662400105,False,False
6662410020,False,False
6662410070,False,False
6662410250,False,False
6664000030,False,False
6664000130,False,False
6664500090,False,False
6664900260,False,False
6664900470,False,False
6665800030,False,False
6665800060,False,False
6666830120,False,False
6666830170,False,False
6666830230,False,False
6666830250,False,False
6666830320,False,False
6666830430,False,False
6666860170,False,False
6667400090,False,False
6668900005,False,False
6668900010,False,False
6668900020,False,False
6668900155,False,False
6669000070,False,False
6669010120,False,False
6669010290,False,False
6669020290,False,False
6669020490,False,False
6669020640,False,False
6669070080,False,False
6669070220,False,False
6669080010,False,False
6669080120,False,False
6669100070,False,False
6669150530,False,False
6669150790,False,False
6669200200,False,False
6669240130,False,False
6669240230,False,False
6669250100,False,False
6671900130,False,False
6672500040,False,False
6672700120,False,False
6672920050,False,False
6672920150,False,False
6675500082,False,False
6675500133,False,False
6678900140,False,False
6678900150,False,False
6679000130,False,False
6679000170,False,False
6679000370,False,False
6679000390,False,False
6679000560,False,False
6679000720,False,False
6681500080,False,False
6681500150,False,False
6681500205,False,False
6683000295,False,False
6684500040,False,False
6690500070,False,False
6690500320,False,False
6696800030,False,False
6699000610,False,False
6699000710,False,False
6699000740,False,False
6699000810,False,False
6699001200,False,False
6699300210,False,False
6699300330,False,False
6699930260,False,False
6699930360,False,False
6699930440,False,False
6699930530,False,False
6699930550,False,False
6699940140,False,False
6699940250,False,False
6700390100,False,False
6700390210,False,False
6700390230,False,False
6700400110,False,False
6703100070,False,False
6703100135,False,False
6703100140,False,False
6703700025,False,False
6705120100,False,False
6705120280,False,False
6705600020,False,False
6705800040,False,False
6705850020,False,False
6705850140,False,False
6705870040,False,False
6705870080,False,False
6705870120,False,False
6705900070,False,False
6708200040,False,False
6710100131,False,False
6713700205,False,False
6716700240,False,False
6719600030,False,False
6728700075,False,False
6730700260,False,False
6730700385,False,False
6738700005,False,False
6738700205,False,False
6738700275,False,False
6738700320,False,False
6738700335,False,False
6743700015,False,False
6743700060,False,False
6743700090,False,False
6743700317,False,False
6743700335,False,False
6744700181,False,False
6744700285,False,False
6744700302,False,False
6744700343,False,False
6744700424,False,False
6744700427,False,False
6745700150,False,False
6745700190,False,False
6746700565,False,False
6746700605,False,False
6746700615,False,False
6749700002,False,False
6749700006,False,False
6749700031,False,False
6749700063,False,False
6749700110,False,False
6751100125,False,False
6751100205,False,False
6751300065,False,False
6751300130,False,False
6751300255,False,False
6751300375,False,False
6751300385,False,False
6751500185,False,False
6751500285,False,False
6752000330,False,False
6752300120,False,False
6752500090,False,False
6752600050,False,False
6752600130,False,False
6752600320,False,False
6752601110,False,False
6758700050,False,False
6762700020,False,False
6762700340,False,False
6762700376,False,False
6769200040,False,False
6772200055,False,False
6777800150,False,False
6777800160,False,False
6781200013,False,False
6788200295,False,False
6788200360,False,False
6788200596,False,False
6788200605,False,False
6788200931,False,False
6788201015,False,False
6788201240,False,False
6788201781,False,False
6788203060,False,False
6790200110,False,False
6790200180,False,False
6790600790,False,False
6790830060,False,False
6790830090,False,False
6790900110,False,False
6791000050,False,False
6791000280,False,False
6791050100,False,False
6791050450,False,False
6791100280,False,False
6791200120,False,False
6791400070,False,False
6791400800,False,False
6792200066,False,False
6793300010,False,False
6793300220,False,False
6795100330,False,False
6795100563,False,False
6798100610,False,False
6798100652,False,False
6798100662,False,False
6798100690,False,False
6799300130,False,False
6799300150,False,False
6799300270,False,False
6802200110,False,False
6802200190,False,False
6802200230,False,False
6802200280,False,False
6802210090,False,False
6802210210,False,False
6802210330,False,False
6802210450,False,False
6804600240,False,False
6804600260,False,False
6804600550,False,False
6804600720,False,False
6804600990,False,False
6806100040,False,False
6806100340,False,False
6806100420,False,False
6806300750,False,False
6806300920,False,False
6806300980,False,False
6811000220,False,False
6813600415,False,False
6813600605,False,False
6814600150,False,False
6814600355,False,False
6815100095,False,False
6815100370,False,False
6815100380,False,False
6816300060,False,False
6817750110,False,False
6817750140,False,False
6817750340,False,False
6817750440,False,False
6817750510,False,False
6817800220,False,False
6817800510,False,False
6817800730,False,False
6817800840,False,False
6817800910,False,False
6817801020,False,False
6817801030,False,False
6817801040,False,False
6817801150,False,False
6817801410,False,False
6817801430,False,False
6817850050,False,False
6818400110,False,False
6819100040,False,False
6819100122,False,False
6819100310,False,False
6819100330,False,False
6819100345,False,False
6819100352,False,False
6820100010,False,False
6820100035,False,False
6821100090,False,False
6821100246,False,False
6821101275,False,False
6821101285,False,False
6821101731,False,False
6821101732,False,False
6821101762,False,False
6821101765,False,False
6821101827,False,False
6821101837,False,False
6821101870,False,False
6821102100,False,False
6821102170,False,False
6821102317,False,False
6821102340,False,False
6821102346,False,False
6821102350,False,False
6821102352,False,False
6821102367,False,False
6821102385,False,False
6821600065,False,False
6821600145,False,False
6821600265,False,False
6821600300,False,False
6821600390,False,False
6822100030,False,False
6822100050,False,False
6822100155,False,False
6822100780,False,False
6823100225,False,False
6824100005,False,False
6824100007,False,False
6824100029,False,False
6825100015,False,False
6829900080,False,False
6837700005,False,False
6837700170,False,False
6837700175,False,False
6838000520,False,False
6838700060,False,False
6838800140,False,False
6840700036,False,False
6840700165,False,False
6840701135,False,False
6840701150,False,False
6840701225,False,False
6840701610,False,False
6843000080,False,False
6843300090,False,False
6843310120,False,False
6843600040,False,False
6844700415,False,False
6844700510,False,False
6844700575,False,False
6844700810,False,False
6844700975,False,False
6844702290,False,False
6844702630,False,False
6844703135,False,False
6844703410,False,False
6848200018,False,False
6848200221,False,False
6848200325,False,False
6848200475,False,False
6852700097,False,False
6852700246,False,False
6852700279,False,False
6852700412,False,False
6852700477,False,False
6855100010,False,False
6855700080,False,False
6855700115,False,False
6861700156,False,False
6865200831,False,False
6865200981,False,False
6868200060,False,False
6870000150,False,False
6870300060,False,False
6870300090,False,False
6873000120,False,False
6873000150,False,False
6873000190,False,False
6874200960,False,False
6880200030,False,False
6880210020,False,False
6882200140,False,False
6882510020,False,False
6882510060,False,False
6882520050,False,False
6884800180,False,False
6884800210,False,False
6884800262,False,False
6885900415,False,False
6888900060,False,False
6889000060,False,False
6891100330,False,False
6891100590,False,False
6891800250,False,False
6892510200,False,False
6893300110,False,False
6893300290,False,False
6893300295,False,False
6893300350,False,False
6895300050,False,False
6896300375,False,False
6896300380,False,False
6899990230,False,False
6902000100,False,False
6905200050,False,False
6905200215,False,False
6908200006,False,False
6908200021,False,False
6908200080,False,False
6908200155,False,False
6908200250,False,False
6908200650,False,False
6909200007,False,False
6909200037,False,False
6909200335,False,False
6909200355,False,False
6909200401,False,False
6909200575,False,False
6909700205,False,False
6909700437,False,False
6911700066,False,False
6914700165,False,False
6917700195,False,False
6917700305,False,False
6917700356,False,False
6917700650,False,False
6917700665,False,False
6918100170,False,False
6918700130,False,False
6918700320,False,False
6918700370,False,False
6918710340,False,False
6918720100,False,False
6918730130,False,False
6918730230,False,False
6926700225,False,False
6926700660,False,False
6928000590,False,False
6928000605,False,False
6928000620,False,False
6929600945,False,False
6929602390,False,False
6929602605,False,False
6929602721,False,False
6929603207,False,False
6929603769,False,False
6929604005,False,False
6933600456,False,False
6933600540,False,False
6977000040,False,False
6977000080,False,False
6979900080,False,False
6979900330,False,False
6979900360,False,False
6979900370,False,False
6979900390,False,False
6979910120,False,False
6979920090,False,False
6979940050,False,False
6979970140,False,False
6979970150,False,False
6980500030,False,False
7000100775,False,False
7000100850,False,False
7003200120,False,False
7004200060,False,False
7010700110,False,False
7010700210,False,False
7010700245,False,False
7010700292,False,False
7010700550,False,False
7010700580,False,False
7010700660,False,False
7010700810,False,False
7010700860,False,False
7010700905,False,False
7010700936,False,False
7010700976,False,False
7011200160,False,False
7011200260,False,False
7011200515,False,False
7011200830,False,False
7011201016,False,False
7011201245,False,False
7011201306,False,False
7011201325,False,False
7011201445,False,False
7011201470,False,False
7011201476,False,False
7011201482,False,False
7011201550,False,False
7012200215,False,False
7013200280,False,False
7015200136,False,False
7015200335,False,False
7015200615,False,False
7015200900,False,False
7016100570,False,False
7016200030,False,False
7016300050,False,False
7016310030,False,False
7017200055,False,False
7017200110,False,False
7017200120,False,False
7018000560,False,False
7100000035,False,False
7100000110,False,False
7100000120,False,False
7101100055,False,False
7104100050,False,False
7104100065,False,False
7104100110,False,False
7105600085,False,False
7116000225,False,False
7116000425,False,False
7116500125,False,False
7116500920,False,False
7116500925,False,False
7120000210,False,False
7123400045,False,False
7128300060,False,False
7128300855,False,False
7129300400,False,False
7129300500,False,False
7129300935,False,False
7129301001,False,False
7129301445,False,False
7129301578,False,False
7129301851,False,False
7129302185,False,False
7129302235,False,False
7129302555,False,False
7129302615,False,False
7129302685,False,False
7129302806,False,False
7129303045,False,False
7129303070,False,False
7129303180,False,False
7129303970,False,False
7129304085,False,False
7129304200,False,False
7129304225,False,False
7129304540,False,False
7129800036,False,False
7129800063,False,False
7130300170,False,False
7130300690,False,False
7130300785,False,False
7131300025,False,False
7131300032,False,False
7131300035,False,False
7131300047,False,False
7131300063,False,False
7132300042,False,False
7132300540,False,False
7133300044,False,False
7135300026,False,False
7135300275,False,False
7135500120,False,False
7135520260,False,False
7135520300,False,False
7135520650,False,False
7135520780,False,False
7135520810,False,False
7135521680,False,False
7137300040,False,False
7137800085,False,False
7137800310,False,False
7137900320,False,False
7137900410,False,False
7137900490,False,False
7137910360,False,False
7137950350,False,False
7137950460,False,False
7137950720,False,False
7137960110,False,False
7137970210,False,False
7137970340,False,False
7138000170,False,False
7138200150,False,False
7139800020,False,False
7140200250,False,False
7140200330,False,False
7140200380,False,False
7140200450,False,False
7140600020,False,False
7140600055,False,False
7140600190,False,False
7140600225,False,False
7140700300,False,False
7140800100,False,False
7146400040,False,False
7147400045,False,False
7147600070,False,False
7147600225,False,False
7147800015,False,False
7148000315,False,False
7148200040,False,False
7148700050,False,False
7148700160,False,False
7149400450,False,False
7149410060,False,False
7151700190,False,False
7151700360,False,False
7153400010,False,False
7154200070,False,False
7156200005,False,False
7159200040,False,False
7165700110,False,False
7167000020,False,False
7167000040,False,False
7167000060,False,False
7168100015,False,False
7169200221,False,False
7169500020,False,False
7169500200,False,False
7170200080,False,False
7170200085,False,False
7171200445,False,False
7172200080,False,False
7172200125,False,False
7173700524,False,False
7174800094,False,False
7174800760,False,False
7175300045,False,False
7177300575,False,False
7177300735,False,False
7183000060,False,False
7183000070,False,False
7183000120,False,False
7186800105,False,False
7186800120,False,False
7189800095,False,False
7192200040,False,False
7192800145,False,False
7197300105,False,False
7197350050,False,False
7197350070,False,False
7199000290,False,False
7199100020,False,False
7199310170,False,False
7199310290,False,False
7199320570,False,False
7199320600,False,False
7199330010,False,False
7199330130,False,False
7199330480,False,False
7199340310,False,False
7199340480,False,False
7199340620,False,False
7199340650,False,False
7199350340,False,False
7199350600,False,False
7199360090,False,False
7199360100,False,False
7199360320,False,False
7200001259,False,False
7200001608,False,False
7200001756,False,False
7201800090,False,False
7201800280,False,False
7201900370,False,False
7202260040,False,False
7202260210,False,False
7202260300,False,False
7202260330,False,False
7202260780,False,False
7202261060,False,False
7202261260,False,False
7202270440,False,False
7202270570,False,False
7202270830,False,False
7202270930,False,False
7202280390,False,False
7202280580,False,False
7202290140,False,False
7202290160,False,False
7202290180,False,False
7202290240,False,False
7202290320,False,False
7202290650,False,False
7202300040,False,False
7202300110,False,False
7202300480,False,False
7202310010,False,False
7202330160,False,False
7202330170,False,False
7202330190,False,False
7202330280,False,False
7202330330,False,False
7202330370,False,False
7202330410,False,False
7202330470,False,False
7202330530,False,False
7202330790,False,False
7202330920,False,False
7202331050,False,False
7202331160,False,False
7202331220,False,False
7202331420,False,False
7202331500,False,False
7202340190,False,False
7202340370,False,False
7202340390,False,False
7202340400,False,False
7202340450,False,False
7202340530,False,False
7202340820,False,False
7202340860,False,False
7202340960,False,False
7202341110,False,False
7202350010,False,False
7202350060,False,False
7202350310,False,False
7202350480,False,False
7202360010,False,False
7202360170,False,False
7202360350,False,False
7202360430,False,False
7202360600,False,False
7202380340,False,False
7202430060,False,False
7202430110,False,False
7202470100,False,False
7203000465,False,False
7203000640,False,False
7203100550,False,False
7203100660,False,False
7203100850,False,False
7203101260,False,False
7203101290,False,False
7203101580,False,False
7203101590,False,False
7203101610,False,False
7203101970,False,False
7203102050,False,False
7203102080,False,False
7203110240,False,False
7203140110,False,False
7203140180,False,False
7203140220,False,False
7203140270,False,False
7203140360,False,False
7203140420,False,False
7203160190,False,False
7203180070,False,False
7203180370,False,False
7203220030,False,False
7203220310,False,False
7203220360,False,False
7203220370,False,False
7203220410,False,False
7203230010,False,False
7203600040,False,False
7203600530,False,False
7203600560,False,False
7203600750,False,False
7203601405,False,False
7205000080,False,False
7205400180,False,False
7205500120,False,False
7205510230,False,False
7205510370,False,False
7205800040,False,False
7205850030,False,False
7205930050,False,False
7206900075,False,False
7207900030,False,False
7207900050,False,False
7207900080,False,False
7211300050,False,False
7211350130,False,False
7211400506,False,False
7211400525,False,False
7211400535,False,False
7211400576,False,False
7211400615,False,False
7211400760,False,False
7211400850,False,False
7211401485,False,False
7211401610,False,False
7211401975,False,False
7211402105,False,False
7211402115,False,False
7211402305,False,False
7212650200,False,False
7212650240,False,False
7212650510,False,False
7212650650,False,False
7212650850,False,False
7212650950,False,False
7212651100,False,False
7212651210,False,False
7212651440,False,False
7212651950,False,False
7212652180,False,False
7212660540,False,False
7212660900,False,False
7212660960,False,False
7212680020,False,False
7212680460,False,False
7212680850,False,False
7212680860,False,False
7214400095,False,False
7214700160,False,False
7214700580,False,False
7214700830,False,False
7214710210,False,False
7214710300,False,False
7214711260,False,False
7214711270,False,False
7214720400,False,False
7214720510,False,False
7214780020,False,False
7214780050,False,False
7214790110,False,False
7214800190,False,False
7214800240,False,False
7214800430,False,False
7214810050,False,False
7214810150,False,False
7214810550,False,False
7214820030,False,False
7214820200,False,False
7215400280,False,False
7215410320,False,False
7215410430,False,False
7215420160,False,False
7215420370,False,False
7215420590,False,False
7215720070,False,False
7215720160,False,False
7215720250,False,False
7215720410,False,False
7215720420,False,False
7215720680,False,False
7215721330,False,False
7215721350,False,False
7215721570,False,False
7215730070,False,False
7215730090,False,False
7215730120,False,False
7215730200,False,False
7215730310,False,False
7215730410,False,False
7215730430,False,False
7215730580,False,False
7215730590,False,False
7215730730,False,False
7215730930,False,False
7215900020,False,False
7217400389,False,False
7217400650,False,False
7217400895,False,False
7221400320,False,False
7221400495,False,False
7222000090,False,False
7222000209,False,False
7222000244,False,False
7222000393,False,False
7224000450,False,False
7224000545,False,False
7224000950,False,False
7224000980,False,False
7224500090,False,False
7224500375,False,False
7225000090,False,False
7225000140,False,False
7225000215,False,False
7226000110,False,False
7226500100,False,False
7227500020,False,False
7227500450,False,False
7227500740,False,False
7227500830,False,False
7227500865,False,False
7227501369,False,False
7227501645,False,False
7227501745,False,False
7227501765,False,False
7227502075,False,False
7227502155,False,False
7227502507,False,False
7227800025,False,False
7227800040,False,False
7227800055,False,False
7227800065,False,False
7227800110,False,False
7227800180,False,False
7227800660,False,False
7227801580,False,False
7227801630,False,False
7227801955,False,False
7227802030,False,False
7228500094,False,False
7228500560,False,False
7228500610,False,False
7228501065,False,False
7228501580,False,False
7228501805,False,False
7228501910,False,False
7228502150,False,False
7229000025,False,False
7229100180,False,False
7229210060,False,False
7229700105,False,False
7229700165,False,False
7229800066,False,False
7229800175,False,False
7229800430,False,False
7229900285,False,False
7229900885,False,False
7229900925,False,False
7229900975,False,False
7230000265,False,False
7230000350,False,False
7230100120,False,False
7230200310,False,False
7230200340,False,False
7230200585,False,False
7230300100,False,False
7230300610,False,False
7230400400,False,False
7230400430,False,False
7230900120,False,False
7231300125,False,False
7231501610,False,False
7231600098,False,False
7234600098,False,False
7234600798,False,False
7234600820,False,False
7234600832,False,False
7234600903,False,False
7234601025,False,False
7234601140,False,False
7234601142,False,False
7234601162,False,False
7234601166,False,False
7234601440,False,False
7234601445,False,False
7234601525,False,False
7234601541,False,False
7234601544,False,False
7236100015,False,False
7236100025,False,False
7236300065,False,False
7237300090,False,False
7237300290,False,False
7237300330,False,False
7237300610,False,False
7237301010,False,False
7237450030,False,False
7237450080,False,False
7237450100,False,False
7237450110,False,False
7237450130,False,False
7237450190,False,False
7237450550,False,False
7237450600,False,False
7237500360,False,False
7237500390,False,False
7237500530,False,False
7237500590,False,False
7237500650,False,False
7237501190,False,False
7237501370,False,False
7237501380,False,False
7237550020,False,False
7237550100,False,False
7237550110,False,False
7237550310,False,False
7237590010,False,False
7237600130,False,False
7238000240,False,False
7238000330,False,False
7242800020,False,False
7242800040,False,False
7243500015,False,False
7243500025,False,False
7247000035,False,False
7254000050,False,False
7254000100,False,False
7254200040,False,False
7258200055,False,False
7258200060,False,False
7272000260,False,False
7272000980,False,False
7272001610,False,False
7276100020,False,False
7276100145,False,False
7276100165,False,False
7276100282,False,False
7277100055,False,False
7277100395,False,False
7277100640,False,False
7278100515,False,False
7278100690,False,False
7278700069,False,False
7278700070,False,False
7278700100,False,False
7279300070,False,False
7280300042,False,False
7280300080,False,False
7280300196,False,False
7281300010,False,False
7282300125,False,False
7282900025,False,False
7283900012,False,False
7283900153,False,False
7283900185,False,False
7283900521,False,False
7284900030,False,False
7284900098,False,False
7284900405,False,False
7284900460,False,False
7287100035,False,False
7287100135,False,False
7287100177,False,False
7287700059,False,False
7291700065,False,False
7298020140,False,False
7298020240,False,False
7298030210,False,False
7298040310,False,False
7298040500,False,False
7298050110,False,False
7298900010,False,False
7299500200,False,False
7299600130,False,False
7299600140,False,False
7299600180,False,False
7299600700,False,False
7299600920,False,False
7299600950,False,False
7299601410,False,False
7299601460,False,False
7299601630,False,False
7299601790,False,False
7299601870,False,False
7299810040,False,False
7300000550,False,False
7300000650,False,False
7300200290,False,False
7300200550,False,False
7300400060,False,False
7300400200,False,False
7300400580,False,False
7300410060,False,False
7300410300,False,False
7300700050,False,False
7300700056,False,False
7301300150,False,False
7301300215,False,False
7302000120,False,False
7302000210,False,False
7302000500,False,False
7302000610,False,False
7302900090,False,False
7304300420,False,False
7304300430,False,False
7304300470,False,False
7304300570,False,False
7304300720,False,False
7304301005,False,False
7304301085,False,False
7304301231,False,False
7304301300,False,False
7305300045,False,False
7305300090,False,False
7305300370,False,False
7305300470,False,False
7305300500,False,False
7305300695,False,False
7305300760,False,False
7308600040,False,False
7308600050,False,False
7308900100,False,False
7308900445,False,False
7309100070,False,False
7312000240,False,False
7312100010,False,False
7312200040,False,False
7312200120,False,False
7312400030,False,False
7312400075,False,False
7312400080,False,False
7312900060,False,False
7319900345,False,False
7322910030,False,False
7324900016,False,False
7325600160,False,False
7326200030,False,False
7326200110,False,False
7327500200,False,False
7327902612,False,False
7331900270,False,False
7331900290,False,False
7334401040,False,False
7334401450,False,False
7334500090,False,False
7334500120,False,False
7334500800,False,False
7334501130,False,False
7334501240,False,False
7334501250,False,False
7334501300,False,False
7334501440,False,False
7334600030,False,False
7334600170,False,False
7334600730,False,False
7335400020,False,False
7335400065,False,False
7335400215,False,False
7335400500,False,False
7338000270,False,False
7338000730,False,False
7338000850,False,False
7338000950,False,False
7338001190,False,False
7338200170,False,False
7338200240,False,False
7338220120,False,False
7338220160,False,False
7338220200,False,False
7338220280,False,False
7338220370,False,False
7338400945,False,False
7338401230,False,False
7338401759,False,False
7338402160,False,False
7338402690,False,False
7338402850,False,False
7340500270,False,False
7340600068,False,False
7340600735,False,False
7340600827,False,False
7340601063,False,False
7345000120,False,False
7345000340,False,False
7345200400,False,False
7345600755,False,False
7347600210,False,False
7347600490,False,False
7348200195,False,False
7349400100,False,False
7349400420,False,False
7349400610,False,False
7349620030,False,False
7349650230,False,False
7349650330,False,False
7349650490,False,False
7349800780,False,False
7351000160,False,False
7351200295,False,False
7352200100,False,False
7352200450,False,False
7355700171,False,False
7363600185,False,False
7365600070,False,False
7366100080,False,False
7369600080,False,False
7370600045,False,False
7370600050,False,False
7374200030,False,False
7374600060,False,False
7375300100,False,False
7379700051,False,False
7384500110,False,False
7385310040,False,False
7387500185,False,False
7387500235,False,False
7387500335,False,False
7390400069,False,False
7394400080,False,False
7397300170,False,False
7397300220,False,False
7399000230,False,False
7399000350,False,False
7399000580,False,False
7399100040,False,False
7399100210,False,False
7399200240,False,False
7399200510,False,False
7399200770,False,False
7399300120,False,False
7399300510,False,False
7399300780,False,False
7399300850,False,False
7399300860,False,False
7399301050,False,False
7399301100,False,False
7399800110,False,False
7401000040,False,False
7405700015,False,False
7409700215,False,False
7410200431,False,False
7414200010,False,False
7417100133,False,False
7417700185,False,False
7417700664,False,False
7418000020,False,False
7418000130,False,False
7418700040,False,False
7418700050,False,False
7419500200,False,False
7419700015,False,False
7420100040,False,False
7420200050,False,False
7424100050,False,False
7424110130,False,False
7424600020,False,False
7424700045,False,False
7424700145,False,False
7427800080,False,False
7429000130,False,False
7429000240,False,False
7430200100,False,False
7430500110,False,False
7430500301,False,False
7430500415,False,False
7431500341,False,False
7434500127,False,False
7435500085,False,False
7436050170,False,False
7436200040,False,False
7436300170,False,False
7436300180,False,False
7436400020,False,False
7436500060,False,False
7436500270,False,False
7436600090,False,False
7436700090,False,False
7436900045,False,False
7436900060,False,False
7437100210,False,False
7437100340,False,False
7437100570,False,False
7437100770,False,False
7437101030,False,False
7443000514,False,False
7443000640,False,False
7443000652,False,False
7443000985,False,False
7443001470,False,False
7445000115,False,False
7446500010,False,False
7452500045,False,False
7452500190,False,False
7452500285,False,False
7452500340,False,False
7452500365,False,False
7452500530,False,False
7452500565,False,False
7452500730,False,False
7452500770,False,False
7452500815,False,False
7453000070,False,False
7454000030,False,False
7454000110,False,False
7454000145,False,False
7454000295,False,False
7454000315,False,False
7454000470,False,False
7454000555,False,False
7454000585,False,False
7454000605,False,False
7454000875,False,False
7454001075,False,False
7454001090,False,False
7454001120,False,False
7454001125,False,False
7454001200,False,False
7454001210,False,False
7454001280,False,False
7454001405,False,False
7457000005,False,False
7457400250,False,False
7460000015,False,False
7460000040,False,False
7461400360,False,False
7461400400,False,False
7461420060,False,False
7461420210,False,False
7461420230,False,False
7462900015,False,False
7465900060,False,False
7465900205,False,False
7466900220,False,False
7466900320,False,False
7468900235,False,False
7468900245,False,False
7490000040,False,False
7491010060,False,False
7501000080,False,False
7501000130,False,False
7501000340,False,False
7502700060,False,False
7502800030,False,False
7502800050,False,False
7502800100,False,False
7503000020,False,False
7503000050,False,False
7504000230,False,False
7504000290,False,False
7504000510,False,False
7504001080,False,False
7504001320,False,False
7504001340,False,False
7504001430,False,False
7504001440,False,False
7504010480,False,False
7504010560,False,False
7504010570,False,False
7504010760,False,False
7504010780,False,False
7504020610,False,False
7504020670,False,False
7504020810,False,False
7504020960,False,False
7504020970,False,False
7504021490,False,False
7504030090,False,False
7504060020,False,False
7504100110,False,False
7504100360,False,False
7504100910,False,False
7504101040,False,False
7504101230,False,False
7504110030,False,False
7504110110,False,False
7504110780,False,False
7504180070,False,False
7504180130,False,False
7504200120,False,False
7504200250,False,False
7504400120,False,False
7504400400,False,False
7504400620,False,False
7504400710,False,False
7504400750,False,False
7504400850,False,False
7504460090,False,False
7504460200,False,False
7507500015,False,False
7508200080,False,False
7508700085,False,False
7510700030,False,False
7511200190,False,False
7511200350,False,False
7511210310,False,False
7511800070,False,False
7515000035,False,False
7515000143,False,False
7517500085,False,False
7517500310,False,False
7517500610,False,False
7518500301,False,False
7518500855,False,False
7518500985,False,False
7518501140,False,False
7518501390,False,False
7518501822,False,False
7518502030,False,False
7518502210,False,False
7518502490,False,False
7518502960,False,False
7518503200,False,False
7518503220,False,False
7518503335,False,False
7518503490,False,False
7518503830,False,False
7518504775,False,False
7518505040,False,False
7518505070,False,False
7518505345,False,False
7518505375,False,False
7518505610,False,False
7518505851,False,False
7518505990,False,False
7518506595,False,False
7518506717,False,False
7518507055,False,False
7518507580,False,False
7518507685,False,False
7519000085,False,False
7519000225,False,False
7519000335,False,False
7519000471,False,False
7519000570,False,False
7519000585,False,False
7519000665,False,False
7519001068,False,False
7519001275,False,False
7519001321,False,False
7519001825,False,False
7520000020,False,False
7520000330,False,False
7520000440,False,False
7520000520,False,False
7520000695,False,False
7520400040,False,False
7522500070,False,False
7522600030,False,False
7522700110,False,False
7523700210,False,False
7523700245,False,False
7523700305,False,False
7523900300,False,False
7524000030,False,False
7524000280,False,False
7524200330,False,False
7524400250,False,False
7524600120,False,False
7524950210,False,False
7524950540,False,False
7524950710,False,False
7524950730,False,False
7524950870,False,False
7524950900,False,False
7525000080,False,False
7525050150,False,False
7525100060,False,False
7525100530,False,False
7525211410,False,False
7525211520,False,False
7525300240,False,False
7525300260,False,False
7525410060,False,False
7525410120,False,False
7525410190,False,False
7525420150,False,False
7525530100,False,False
7525530590,False,False
7525950110,False,False
7525950180,False,False
7526400100,False,False
7526800040,False,False
7526800100,False,False
7527000020,False,False
7527000090,False,False
7527200110,False,False
7527200360,False,False
7529500030,False,False
7533800170,False,False
7533800295,False,False
7533800325,False,False
7537300210,False,False
7539900040,False,False
7544800195,False,False
7547300050,False,False
7547300120,False,False
7548300326,False,False
7548300441,False,False
7548300751,False,False
7548301041,False,False
7548301050,False,False
7548301056,False,False
7548800050,False,False
7549800045,False,False
7549801140,False,False
7549801385,False,False
7549801395,False,False
7549801565,False,False
7549802030,False,False
7549802600,False,False
7550800015,False,False
7550800736,False,False
7550800915,False,False
7550800916,False,False
7550800945,False,False
7550801206,False,False
7550801207,False,False
7550801220,False,False
7551300060,False,False
7555200230,False,False
7555210100,False,False
7555210340,False,False
7555220150,False,False
7558750120,False,False
7558750190,False,False
7558800240,False,False
7558800570,False,False
7558800620,False,False
7559600430,False,False
7560000050,False,False
7560000070,False,False
7562100065,False,False
7567600030,False,False
7567600045,False,False
7568700135,False,False
7568700215,False,False
7568700260,False,False
7568700480,False,False
7568700525,False,False
7568700740,False,False
7569450090,False,False
7569450480,False,False
7570050070,False,False
7570050450,False,False
7570060290,False,False
7571200110,False,False
7574000100,False,False
7574200210,False,False
7574910220,False,False
7574910420,False,False
7574910450,False,False
7574910490,False,False
7574910780,False,False
7574910860,False,False
7575500040,False,False
7575500080,False,False
7575500150,False,False
7575610170,False,False
7575610250,False,False
7575620120,False,False
7575620640,False,False
7575700015,False,False
7576700131,False,False
7577700070,False,False
7577700136,False,False
7577700185,False,False
7577700440,False,False
7577700521,False,False
7578200025,False,False
7579200600,False,False
7579200715,False,False
7579200765,False,False
7579200767,False,False
7582700100,False,False
7588700007,False,False
7588700080,False,False
7588700204,False,False
7589200153,False,False
7589200165,False,False
7589200191,False,False
7589200193,False,False
7589700106,False,False
7603100095,False,False
7604400114,False,False
7604410030,False,False
7605800050,False,False
7605800090,False,False
7606200275,False,False
7609700065,False,False
7611200086,False,False
7611200125,False,False
7611200136,False,False
7613700270,False,False
7613700521,False,False
7613700660,False,False
7613700860,False,False
7613700950,False,False
7614100020,False,False
7614100080,False,False
7616800350,False,False
7617500075,False,False
7618700112,False,False
7624700050,False,False
7625700012,False,False
7625700020,False,False
7625700305,False,False
7625700935,False,False
7625701045,False,False
7625701175,False,False
7625701386,False,False
7625701795,False,False
7625701830,False,False
7625701891,False,False
7625702155,False,False
7625702263,False,False
7625702264,False,False
7625702277,False,False
7625702350,False,False
7625702400,False,False
7625702431,False,False
7625702444,False,False
7625702451,False,False
7625702505,False,False
7625702615,False,False
7625702901,False,False
7625702967,False,False
7625703007,False,False
7625703065,False,False
7625703260,False,False
7625703354,False,False
7625703357,False,False
7625703405,False,False
7625703637,False,False
7625703885,False,False
7625703900,False,False
7625704005,False,False
7625704317,False,False
7625704340,False,False
7625704500,False,False
7625704510,False,False
7626200235,False,False
7626200280,False,False
7626200305,False,False
7631200085,False,False
7631200292,False,False
7631200310,False,False
7631800025,False,False
7632400400,False,False
7633400110,False,False
7635800180,False,False
7635800313,False,False
7635800600,False,False
7635801032,False,False
7635801311,False,False
7635801321,False,False
7635801350,False,False
7639900025,False,False
7640400106,False,False
7640400190,False,False
7642200095,False,False
7645900055,False,False
7645900165,False,False
7645900355,False,False
7646900360,False,False
7649400170,False,False
7649900175,False,False
7655900031,False,False
7655900062,False,False
7655900187,False,False
7657000085,False,False
7657000165,False,False
7657000210,False,False
7657000225,False,False
7657000540,False,False
7657600025,False,False
7657600195,False,False
7658600081,False,False
7658600082,False,False
7658600150,False,False
7660100085,False,False
7660100238,False,False
7660100309,False,False
7660100336,False,False
7660600131,False,False
7661600206,False,False
7663700030,False,False
7663700150,False,False
7663700261,False,False
7663700401,False,False
7663700531,False,False
7663700610,False,False
7663700654,False,False
7663700663,False,False
7663700759,False,False
7663700772,False,False
7663700792,False,False
7663700968,False,False
7677300010,False,False
7680400050,False,False
7680400140,False,False
7682200320,False,False
7683800010,False,False
7683800192,False,False
7683800200,False,False
7683800205,False,False
7683800212,False,False
7683900200,False,False
7686202065,False,False
7686202275,False,False
7686203180,False,False
7686203195,False,False
7686203275,False,False
7686203385,False,False
7686203620,False,False
7686204750,False,False
7686205020,False,False
7686205370,False,False
7689600215,False,False
7689600330,False,False
7689600360,False,False
7689600630,False,False
7689600650,False,False
7691800020,False,False
7691800130,False,False
7694200090,False,False
7694200340,False,False
7694200350,False,False
7694200430,False,False
7694600143,False,False
7694600201,False,False
7694600253,False,False
7694800070,False,False
7694800180,False,False
7694800270,False,False
7695450010,False,False
7695470120,False,False
7695470200,False,False
7695500240,False,False
7696300180,False,False
7696600020,False,False
7696610240,False,False
7696630080,False,False
7696630170,False,False
7697000020,False,False
7697000150,False,False
7697800040,False,False
7697800170,False,False
7697850360,False,False
7697860130,False,False
7697870350,False,False
7697870530,False,False
7697870600,False,False
7697870700,False,False
7697920060,False,False
7697920150,False,False
7697920160,False,False
7697920450,False,False
7701930010,False,False
7701930050,False,False
7701930180,False,False
7701950060,False,False
7701960130,False,False
7701960250,False,False
7701960720,False,False
7701960990,False,False
7701961030,False,False
7701961220,False,False
7701990380,False,False
7702010030,False,False
7702010050,False,False
7702020030,False,False
7702080110,False,False
7702080150,False,False
7702600160,False,False
7702600949,False,False
7708180040,False,False
7708200180,False,False
7708200400,False,False
7708200600,False,False
7708200670,False,False
7708200880,False,False
7708210040,False,False
7708210070,False,False
7708300140,False,False
7708300150,False,False
7710100083,False,False
7714000340,False,False
7715600050,False,False
7715800390,False,False
7715800570,False,False
7715800710,False,False
7715801030,False,False
7715801040,False,False
7715801090,False,False
7731100066,False,False
7732000045,False,False
7732100150,False,False
7732400280,False,False
7732400360,False,False
7732400490,False,False
7732410220,False,False
7732410370,False,False
7732410380,False,False
7732410390,False,False
7732410420,False,False
7732500700,False,False
7732501000,False,False
7732650120,False,False
7738500185,False,False
7739100015,False,False
7740100015,False,False
7740100260,False,False
7740500070,False,False
7744500020,False,False
7745000090,False,False
7745500015,False,False
7748000020,False,False
7748000025,False,False
7749500160,False,False
7749500250,False,False
7749500370,False,False
7749500970,False,False
7750500275,False,False
7751800070,False,False
7751800080,False,False
7751800115,False,False
7752000065,False,False
7752000090,False,False
7752200100,False,False
7752700110,False,False
7754900280,False,False
7760400350,False,False
7760400420,False,False
7760400470,False,False
7760400480,False,False
7760400880,False,False
7760400900,False,False
7760600110,False,False
7763400035,False,False
7764200030,False,False
7767000060,False,False
7767400060,False,False
7768700300,False,False
7768800160,False,False
7768800270,False,False
7768800280,False,False
7771300035,False,False
7771300085,False,False
7771300125,False,False
7771300155,False,False
7772000010,False,False
7772400160,False,False
7772800020,False,False
7772850060,False,False
7774200236,False,False
7779200075,False,False
7779200105,False,False
7779200275,False,False
7781600025,False,False
7781600100,False,False
7784000110,False,False
7784400060,False,False
7784400070,False,False
7784400185,False,False
7785000010,False,False
7785000130,False,False
7785000230,False,False
7785000260,False,False
7785350010,False,False
7785350490,False,False
7787100210,False,False
7787100390,False,False
7787110370,False,False
7787110510,False,False
7787110680,False,False
7787120260,False,False
7787120500,False,False
7787400105,False,False
7787890050,False,False
7787920080,False,False
7787920160,False,False
7787920180,False,False
7787920230,False,False
7787920250,False,False
7788000100,False,False
7788400065,False,False
7788400170,False,False
7789000235,False,False
7789000260,False,False
7789200070,False,False
7789900030,False,False
7792000140,False,False
7795400046,False,False
7795810110,False,False
7796100050,False,False
7796450190,False,False
7796450200,False,False
7796600070,False,False
7796600085,False,False
7800800160,False,False
7802900224,False,False
7802900500,False,False
7802900504,False,False
7804700020,False,False
7805450040,False,False
7805450560,False,False
7805450750,False,False
7805450810,False,False
7805450870,False,False
7805460030,False,False
7805460310,False,False
7805460760,False,False
7805600070,False,False
7806210070,False,False
7806210190,False,False
7806210250,False,False
7806210380,False,False
7806210400,False,False
7806300030,False,False
7806450050,False,False
7806450190,False,False
7806500290,False,False
7809200005,False,False
7809200035,False,False
7811000020,False,False
7811100100,False,False
7811100230,False,False
7811200310,False,False
7811210200,False,False
7811210320,False,False
7812500180,False,False
7812800155,False,False
7812800215,False,False
7812800310,False,False
7812800515,False,False
7812800565,False,False
7812800681,False,False
7812800775,False,False
7812800855,False,False
7812800865,False,False
7812800995,False,False
7812801115,False,False
7812801590,False,False
7812801700,False,False
7812801925,False,False
7813200115,False,False
7813500040,False,False
7818700410,False,False
7818900060,False,False
7820000038,False,False
7821200375,False,False
7821200390,False,False
7830800339,False,False
7830800473,False,False
7831800110,False,False
7831800411,False,False
7831800460,False,False
7831800495,False,False
7831800505,False,False
7832800015,False,False
7834800225,False,False
7839300185,False,False
7841300285,False,False
7841300505,False,False
7841300535,False,False
7843500070,False,False
7843500080,False,False
7844200040,False,False
7844200120,False,False
7844200415,False,False
7844200425,False,False
7846200070,False,False
7846700310,False,False
7849200315,False,False
7849200945,False,False
7849201020,False,False
7849201061,False,False
7849201100,False,False
7849201600,False,False
7849202220,False,False
7849202231,False,False
7849202296,False,False
7849202299,False,False
7849202585,False,False
7851200040,False,False
7851980260,False,False
7851990120,False,False
7851990230,False,False
7851990240,False,False
7852000010,False,False
7852000110,False,False
7852000340,False,False
7852000500,False,False
7852010290,False,False
7852010510,False,False
7852010670,False,False
7852010840,False,False
7852010940,False,False
7852011070,False,False
7852020080,False,False
7852020340,False,False
7852020580,False,False
7852020590,False,False
7852020640,False,False
7852020660,False,False
7852020720,False,False
7852020760,False,False
7852020790,False,False
7852020800,False,False
7852030240,False,False
7852030310,False,False
7852030330,False,False
7852030790,False,False
7852040110,False,False
7852040210,False,False
7852060370,False,False
7852060490,False,False
7852070060,False,False
7852070090,False,False
7852090280,False,False
7852090390,False,False
7852090570,False,False
7852090680,False,False
7852090750,False,False
7852090820,False,False
7852100110,False,False
7852100150,False,False
7852110070,False,False
7852110380,False,False
7852110740,False,False
7852120030,False,False
7852120050,False,False
7852120120,False,False
7852120180,False,False
7852130080,False,False
7852130100,False,False
7852130410,False,False
7852130430,False,False
7852130460,False,False
7852130550,False,False
7852130640,False,False
7852130720,False,False
7852130800,False,False
7852140040,False,False
7852140100,False,False
7852140170,False,False
7852150140,False,False
7852150200,False,False
7852150220,False,False
7852150530,False,False
7852160170,False,False
7852160250,False,False
7852160310,False,False
7852170140,False,False
7852170370,False,False
7852170570,False,False
7852180260,False,False
7852180430,False,False
7852180530,False,False
7852180560,False,False
7852180650,False,False
7852190050,False,False
7852190320,False,False
7852190410,False,False
7852190580,False,False
7852190630,False,False
7853210050,False,False
7853210140,False,False
7853210180,False,False
7853210210,False,False
7853220120,False,False
7853220210,False,False
7853220330,False,False
7853220390,False,False
7853220470,False,False
7853220610,False,False
7853220670,False,False
7853220690,False,False
7853220740,False,False
7853220910,False,False
7853220970,False,False
7853221010,False,False
7853230270,False,False
7853230460,False,False
7853230590,False,False
7853230720,False,False
7853240040,False,False
7853240100,False,False
7853240310,False,False
7853240560,False,False
7853240660,False,False
7853250070,False,False
7853250080,False,False
7853250090,False,False
7853250160,False,False
7853270200,False,False
7853270520,False,False
7853270630,False,False
7853270710,False,False
7853270740,False,False
7853270830,False,False
7853270940,False,False
7853280250,False,False
7853280490,False,False
7853280570,False,False
7853280610,False,False
7853280620,False,False
7853290030,False,False
7853290090,False,False
7853300020,False,False
7853300290,False,False
7853300650,False,False
7853300970,False,False
7853301130,False,False
7853301220,False,False
7853301390,False,False
7853301400,False,False
7853301520,False,False
7853301560,False,False
7853301570,False,False
7853301930,False,False
7853302110,False,False
7853302130,False,False
7853302140,False,False
7853302180,False,False
7853302190,False,False
7853302370,False,False
7853302520,False,False
7853310380,False,False
7853310450,False,False
7853310590,False,False
7853310720,False,False
7853320030,False,False
7853320250,False,False
7853320280,False,False
7853320470,False,False
7853320550,False,False
7853320950,False,False
7853321090,False,False
7853321110,False,False
7853321150,False,False
7853321180,False,False
7853321260,False,False
7853340430,False,False
7853340490,False,False
7853340610,False,False
7853340660,False,False
7853340860,False,False
7853340960,False,False
7853350090,False,False
7853350170,False,False
7853360250,False,False
7853360300,False,False
7853360470,False,False
7853360720,False,False
7853360820,False,False
7853360850,False,False
7853361120,False,False
7853361230,False,False
7853361310,False,False
7853361370,False,False
7853361410,False,False
7853370020,False,False
7853370250,False,False
7853370260,False,False
7853370440,False,False
7853370620,False,False
7853380480,False,False
7853380570,False,False
7853390260,False,False
7853400220,False,False
7853400250,False,False
7853400260,False,False
7853410170,False,False
7853420100,False,False
7853420450,False,False
7853420480,False,False
7853430180,False,False
7853430660,False,False
7853430690,False,False
7853440050,False,False
7854800090,False,False
7855000325,False,False
7855000460,False,False
7855200120,False,False
7855300200,False,False
7855300460,False,False
7855400330,False,False
7855400630,False,False
7855600730,False,False
7855600820,False,False
7855800730,False,False
7855801090,False,False
7855801610,False,False
7855801670,False,False
7856000110,False,False
7856400240,False,False
7856400300,False,False
7856400410,False,False
7856410020,False,False
7856410030,False,False
7856410411,False,False
7856410430,False,False
7856560320,False,False
7856560380,False,False
7856560480,False,False
7856570150,False,False
7856570190,False,False
7856600900,False,False
7856601040,False,False
7856601110,False,False
7856610160,False,False
7856610200,False,False
7856610490,False,False
7856620050,False,False
7856620910,False,False
7856640170,False,False
7856640180,False,False
7856640460,False,False
7856640560,False,False
7856700920,False,False
7856700990,False,False
7857000716,False,False
7857000861,False,False
7857000900,False,False
7857001560,False,False
7857003046,False,False
7857003318,False,False
7857003465,False,False
7857003505,False,False
7857003851,False,False
7857003953,False,False
7857004225,False,False
7859910110,False,False
7859960250,False,False
7861000021,False,False
7861300140,False,False
7864500140,False,False
7866000158,False,False
7866500035,False,False
7867500021,False,False
7871500280,False,False
7871500345,False,False
7871500440,False,False
7871500485,False,False
7875200005,False,False
7875400050,False,False
7877400245,False,False
7878400022,False,False
7878400043,False,False
7878400135,False,False
7879600070,False,False
7880000060,False,False
7880010060,False,False
7880010150,False,False
7882600332,False,False
7882900120,False,False
7883600700,False,False
7883601155,False,False
7883602650,False,False
7883603390,False,False
7883603425,False,False
7883603648,False,False
7883603945,False,False
7883604095,False,False
7883605695,False,False
7883605900,False,False
7883605985,False,False
7883606725,False,False
7883607520,False,False
7883608693,False,False
7885100005,False,False
7885800160,False,False
7885800290,False,False
7885800740,False,False
7885800900,False,False
7885801460,False,False
7887200390,False,False
7888000390,False,False
7888000400,False,False
7888100090,False,False
7888200140,False,False
7888300340,False,False
7888400560,False,False
7889000125,False,False
7889000160,False,False
7889100020,False,False
7889600080,False,False
7889600230,False,False
7889600285,False,False
7889600685,False,False
7889601165,False,False
7889601270,False,False
7889601300,False,False
7889601870,False,False
7891600165,False,False
7891600245,False,False
7891600260,False,False
7891600590,False,False
7893200486,False,False
7893200900,False,False
7893202340,False,False
7893203450,False,False
7893203480,False,False
7893203565,False,False
7893203770,False,False
7893205080,False,False
7893205525,False,False
7893206095,False,False
7893206305,False,False
7893207510,False,False
7893207665,False,False
7893800250,False,False
7893800335,False,False
7893800534,False,False
7893801760,False,False
7893801862,False,False
7893802670,False,False
7893802800,False,False
7893804340,False,False
7893804790,False,False
7893805650,False,False
7893808220,False,False
7895500070,False,False
7895500290,False,False
7895500550,False,False
7896300070,False,False
7896300592,False,False
7899800045,False,False
7899800120,False,False
7899800450,False,False
7899800730,False,False
7899800791,False,False
7899800851,False,False
7899800860,False,False
7899800863,False,False
7899800864,False,False
7899800905,False,False
7902200015,False,False
7904700032,False,False
7904700128,False,False
7904700134,False,False
7904700146,False,False
7905200130,False,False
7905200230,False,False
7905200310,False,False
7905200315,False,False
7905200381,False,False
7905200386,False,False
7905370390,False,False
7905370440,False,False
7905380080,False,False
7905380380,False,False
7905390220,False,False
7905400040,False,False
7905400160,False,False
7920100025,False,False
7920100045,False,False
7922710320,False,False
7922710690,False,False
7922750150,False,False
7922800160,False,False
7922800400,False,False
7922900030,False,False
7922900040,False,False
7922900250,False,False
7922900380,False,False
7922900460,False,False
7923000360,False,False
7923100400,False,False
7923100410,False,False
7923250090,False,False
7923300115,False,False
7923300230,False,False
7923300285,False,False
7923500090,False,False
7923600250,False,False
7923600330,False,False
7923700020,False,False
7923700330,False,False
7925100271,False,False
7931000053,False,False
7931000066,False,False
7932000041,False,False
7932000078,False,False
7932600140,False,False
7933250050,False,False
7933510080,False,False
7934000090,False,False
7934000145,False,False
7935000125,False,False
7935000280,False,False
7935000450,False,False
7936000403,False,False
7936000429,False,False
7936000463,False,False
7936000562,False,False
7936500109,False,False
7936500172,False,False
7936500190,False,False
7936500221,False,False
7936800150,False,False
7937600087,False,False
7937600262,False,False
7937600395,False,False
7937600830,False,False
7937900040,False,False
7937900220,False,False
7937900280,False,False
7939000090,False,False
7940700050,False,False
7940700190,False,False
7940700260,False,False
7941130110,False,False
7941130140,False,False
7941500170,False,False
7941600220,False,False
7941600390,False,False
7942100310,False,False
7942200050,False,False
7942300070,False,False
7942600006,False,False
7942600910,False,False
7942600975,False,False
7942601435,False,False
7942601475,False,False
7942601810,False,False
7942602080,False,False
7950300005,False,False
7950300440,False,False
7950300775,False,False
7950302121,False,False
7950302150,False,False
7950302210,False,False
7950302255,False,False
7950303290,False,False
7950303530,False,False
7950304045,False,False
7950304065,False,False
7950700110,False,False
7952800010,False,False
7954300220,False,False
7954300330,False,False
7954300460,False,False
7954300620,False,False
7954300740,False,False
7955000210,False,False
7955030010,False,False
7955030060,False,False
7955040080,False,False
7955040160,False,False
7955050170,False,False
7955050250,False,False
7955060010,False,False
7955080300,False,False
7956200220,False,False
7957600075,False,False
7960100030,False,False
7960100120,False,False
7960100220,False,False
7960100260,False,False
7960900060,False,False
7961500010,False,False
7963900100,False,False
7964410100,False,False
7967000060,False,False
7967000130,False,False
7967000200,False,False
7967000270,False,False
7967200060,False,False
7967200290,False,False
7967600069,False,False
7967700530,False,False
7967950040,False,False
7968200090,False,False
7968460110,False,False
7968460230,False,False
7968460240,False,False
7968460270,False,False
7970800100,False,False
7971300020,False,False
7972000010,False,False
7972000200,False,False
7972600430,False,False
7972600670,False,False
7972600676,False,False
7972600765,False,False
7972600860,False,False
7972600910,False,False
7972601030,False,False
7972601100,False,False
7972601235,False,False
7972601445,False,False
7972601680,False,False
7972601710,False,False
7972601885,False,False
7972601890,False,False
7972601900,False,False
7972601950,False,False
7972602080,False,False
7972602510,False,False
7972603385,False,False
7972603931,False,False
7972603950,False,False
7972604001,False,False
7972604215,False,False
7972604345,False,False
7972604355,False,False
7972604425,False,False
7973202225,False,False
7974200456,False,False
7974200457,False,False
7974200510,False,False
7974200776,False,False
7974200777,False,False
7974200822,False,False
7974200902,False,False
7974200948,False,False
7974700112,False,False
7974700150,False,False
7977200055,False,False
7977200590,False,False
7977200720,False,False
7977200945,False,False
7977200995,False,False
7977201065,False,False
7977201240,False,False
7977201709,False,False
7977201865,False,False
7977201910,False,False
7979900006,False,False
7979900145,False,False
7979900215,False,False
7979900225,False,False
7979900430,False,False
7979900440,False,False
7979900552,False,False
7979900680,False,False
7980900011,False,False
7981900110,False,False
7982600030,False,False
7983000200,False,False
7983100150,False,False
7984400005,False,False
7985000010,False,False
7985100190,False,False
7985400089,False,False
7985400133,False,False
7986400180,False,False
7986400305,False,False
7986400360,False,False
7986400945,False,False
7986401205,False,False
7986401275,False,False
7986401305,False,False
7987400285,False,False
7987400356,False,False
7987400475,False,False
7987401010,False,False
7996700220,False,False
7997200130,False,False
7999950020,False,False
8000200090,False,False
8001100030,False,False
8001210170,False,False
8001400300,False,False
8001400340,False,False
8001450060,False,False
8001470480,False,False
8001470560,False,False
8001600130,False,False
8001600150,False,False
8005100025,False,False
8005100360,False,False
8005100540,False,False
8005100571,False,False
8010100040,False,False
8010100135,False,False
8010100220,False,False
8011100005,False,False
8011100047,False,False
8011100050,False,False
8011100095,False,False
8011100125,False,False
8016200530,False,False
8016250080,False,False
8016250140,False,False
8016300030,False,False
8016300250,False,False
8018000020,False,False
8018600640,False,False
8018600765,False,False
8018600870,False,False
8018600880,False,False
8018600980,False,False
8019200030,False,False
8019200360,False,False
8019200823,False,False
8019200845,False,False
8019200925,False,False
8019201061,False,False
8019700010,False,False
8021700030,False,False
8021700495,False,False
8021700725,False,False
8021701115,False,False
8022900005,False,False
8024200350,False,False
8024200674,False,False
8024200677,False,False
8024200683,False,False
8024200684,False,False
8024200685,False,False
8024200855,False,False
8024201210,False,False
8024201270,False,False
8024201370,False,False
8024201503,False,False
8024201525,False,False
8024201795,False,False
8024201870,False,False
8024202170,False,False
8024202350,False,False
8024202380,False,False
8025700590,False,False
8026700105,False,False
8029200135,False,False
8029500180,False,False
8029500450,False,False
8029510010,False,False
8029510030,False,False
8029520240,False,False
8029520250,False,False
8029550020,False,False
8029550160,False,False
8029550180,False,False
8029600400,False,False
8029650040,False,False
8029770190,False,False
8029770410,False,False
8030500010,False,False
8031700186,False,False
8032700010,False,False
8032700075,False,False
8032700110,False,False
8032700175,False,False
8035350010,False,False
8035350090,False,False
8035350260,False,False
8035350320,False,False
8035600290,False,False
8035600590,False,False
8035650500,False,False
8039900180,False,False
8039900360,False,False
8041100010,False,False
8045000180,False,False
8045000340,False,False
8056000075,False,False
8062900030,False,False
8062900070,False,False
8067000020,False,False
8068000305,False,False
8068000585,False,False
8068000730,False,False
8069000216,False,False
8071000050,False,False
8072000035,False,False
8073000480,False,False
8073000491,False,False
8073000495,False,False
8073000550,False,False
8073000585,False,False
8073900070,False,False
8074200080,False,False
8074200160,False,False
8074200185,False,False
8074400035,False,False
8074400150,False,False
8075400100,False,False
8075400530,False,False
8075400570,False,False
8077100031,False,False
8077200360,False,False
8077200470,False,False
8077210230,False,False
8077210350,False,False
8078050040,False,False
8078050120,False,False
8078050140,False,False
8078100120,False,False
8078100140,False,False
8078350030,False,False
8078350090,False,False
8078350100,False,False
8078350220,False,False
8078350520,False,False
8078360080,False,False
8078370010,False,False
8078380090,False,False
8078380230,False,False
8078400020,False,False
8078410210,False,False
8078410280,False,False
8078420230,False,False
8078430030,False,False
8078430130,False,False
8078430360,False,False
8078440050,False,False
8078450340,False,False
8078460070,False,False
8078460320,False,False
8078460520,False,False
8078460550,False,False
8078460810,False,False
8078490090,False,False
8078490330,False,False
8078490390,False,False
8078520090,False,False
8078520280,False,False
8078550320,False,False
8078550610,False,False
8078570390,False,False
8078570410,False,False
8078570460,False,False
8078600330,False,False
8079000190,False,False
8079010190,False,False
8079010220,False,False
8079010230,False,False
8079010310,False,False
8079030390,False,False
8079040140,False,False
8079040330,False,False
8079050010,False,False
8079100140,False,False
8079100210,False,False
8079100370,False,False
8079100640,False,False
8079100700,False,False
8080400045,False,False
8081020330,False,False
8081020370,False,False
8081020380,False,False
8081030090,False,False
8081650330,False,False
8081650400,False,False
8081900011,False,False
8081900101,False,False
8081900195,False,False
8082400011,False,False
8082400076,False,False
8082400100,False,False
8083350070,False,False
8083400066,False,False
8084400010,False,False
8084900160,False,False
8084900195,False,False
8085400055,False,False
8085400355,False,False
8085400376,False,False
8085400401,False,False
8085400410,False,False
8086000201,False,False
8087800400,False,False
8087800480,False,False
8088600080,False,False
8089500180,False,False
8089510150,False,False
8089510170,False,False
8091400200,False,False
8091401030,False,False
8091410080,False,False
8091410390,False,False
8091410530,False,False
8091411040,False,False
8091411120,False,False
8091670020,False,False
8091670070,False,False
8091670190,False,False
8091670200,False,False
8091670730,False,False
8092000330,False,False
8092500150,False,False
8092500720,False,False
8092501240,False,False
8092501400,False,False
8092700220,False,False
8092700230,False,False
8093600065,False,False
8093800200,False,False
8096600050,False,False
8096600100,False,False
8096800110,False,False
8096800260,False,False
8096800270,False,False
8096800500,False,False
8097000170,False,False
8097000190,False,False
8097000250,False,False
8097000380,False,False
8098400135,False,False
8099600160,False,False
8099800340,False,False
8099800590,False,False
8099900040,False,False
8099900260,False,False
8099900490,False,False
8100000060,False,False
8100000080,False,False
8100000110,False,False
8100400110,False,False
8100400170,False,False
8100900115,False,False
8101900100,False,False
8103000110,False,False
8106100085,False,False
8106300840,False,False
8106300970,False,False
8108600442,False,False
8108600464,False,False
8109800110,False,False
8113100150,False,False
8113100850,False,False
8113101000,False,False
8113101070,False,False
8113101233,False,False
8113101582,False,False
8113600004,False,False
8114000020,False,False
8118600080,False,False
8121100147,False,False
8121100155,False,False
8121100255,False,False
8121100265,False,False
8121100325,False,False
8121100395,False,False
8121100415,False,False
8121100600,False,False
8121100715,False,False
8121101380,False,False
8121200530,False,False
8121200620,False,False
8121200700,False,False
8121200810,False,False
8121200820,False,False
8121200970,False,False
8121500060,False,False
8121610110,False,False
8122100130,False,False
8122100235,False,False
8122100265,False,False
8122100290,False,False
8122100355,False,False
8122100392,False,False
8122100595,False,False
8122100650,False,False
8122100835,False,False
8122100905,False,False
8122101115,False,False
8122101146,False,False
8122600020,False,False
8122600145,False,False
8122600165,False,False
8122600195,False,False
8122600245,False,False
8123450300,False,False
8123450450,False,False
8123710070,False,False
8125200273,False,False
8125200480,False,False
8125200481,False,False
8125200483,False,False
8126300360,False,False
8126300610,False,False
8127700132,False,False
8127700210,False,False
8127700390,False,False
8127700410,False,False
8127700445,False,False
8127700720,False,False
8127700820,False,False
8127700845,False,False
8129700085,False,False
8129700255,False,False
8129700644,False,False
8129700743,False,False
8129700985,False,False
8132700150,False,False
8132700185,False,False
8133300050,False,False
8133700020,False,False
8137500400,False,False
8137500730,False,False
8138870060,False,False
8138870530,False,False
8141200027,False,False
8141200080,False,False
8141300030,False,False
8141310030,False,False
8141310040,False,False
8141310080,False,False
8141310180,False,False
8142000060,False,False
8143000280,False,False
8143000490,False,False
8143000600,False,False
8143100500,False,False
8143600015,False,False
8146100270,False,False
8146100325,False,False
8146100370,False,False
8146100410,False,False
8146100580,False,False
8146200150,False,False
8146300015,False,False
8146300020,False,False
8146300025,False,False
8146300180,False,False
8146300205,False,False
8148600020,False,False
8148600055,False,False
8149600265,False,False
8150100240,False,False
8150600065,False,False
8150600195,False,False
8150600250,False,False
8151600142,False,False
8151600470,False,False
8151600610,False,False
8151600663,False,False
8151600701,False,False
8151600900,False,False
8151601090,False,False
8154100020,False,False
8155000040,False,False
8155500020,False,False
8155750010,False,False
8155760040,False,False
8155800050,False,False
8155820080,False,False
8155830020,False,False
8155830060,False,False
8155850010,False,False
8156600155,False,False
8156600210,False,False
8159300040,False,False
8159300050,False,False
8159610030,False,False
8159610060,False,False
8159610150,False,False
8159620260,False,False
8161000210,False,False
8161010060,False,False
8161020060,False,False
8161600135,False,False
8163000020,False,False
8163300320,False,False
8165100035,False,False
8165500110,False,False
8165500780,False,False
8165500830,False,False
8165501510,False,False
8165501540,False,False
8165501620,False,False
8165501640,False,False
8550001515,False,False
8556800090,False,False
8556800100,False,False
8558600085,False,False
8559300020,False,False
8559300120,False,False
8559900140,False,False
8562000010,False,False
8562400025,False,False
8562500200,False,False
8562500380,False,False
8562500690,False,False
8562501040,False,False
8562600190,False,False
8562600260,False,False
8562600500,False,False
8562700090,False,False
8562700300,False,False
8562700410,False,False
8562710520,False,False
8562710550,False,False
8562720230,False,False
8562720390,False,False
8562720420,False,False
8562740290,False,False
8562740400,False,False
8562740480,False,False
8562740520,False,False
8562740530,False,False
8562750220,False,False
8562750250,False,False
8562750320,False,False
8562750550,False,False
8562750660,False,False
8562770050,False,False
8562770110,False,False
8562770250,False,False
8562770320,False,False
8562770350,False,False
8562770430,False,False
8562780110,False,False
8562780180,False,False
8562780190,False,False
8562780200,False,False
8562780290,False,False
8562780430,False,False
8562780490,False,False
8562780530,False,False
8562780800,False,False
8562790080,False,False
8562790310,False,False
8562790580,False,False
8562790710,False,False
8562790730,False,False
8562790760,False,False
8562790940,False,False
8562790950,False,False
8562790980,False,False
8562791010,False,False
8562800250,False,False
8562850150,False,False
8562890280,False,False
8562890370,False,False
8562890430,False,False
8562890560,False,False
8562890590,False,False
8562890700,False,False
8562890910,False,False
8562891240,False,False
8562900180,False,False
8562900310,False,False
8562900430,False,False
8562900520,False,False
8562900590,False,False
8562900710,False,False
8562901010,False,False
8562901350,False,False
8562901830,False,False
8562901910,False,False
8563000110,False,False
8563000130,False,False
8563000250,False,False
8563000300,False,False
8563000470,False,False
8563000520,False,False
8563000770,False,False
8563001070,False,False
8563001130,False,False
8563010300,False,False
8563010420,False,False
8563010540,False,False
8563020170,False,False
8563020380,False,False
8563030280,False,False
8563030330,False,False
8563030500,False,False
8563050350,False,False
8563070030,False,False
8563080270,False,False
8563500020,False,False
8564600080,False,False
8564700240,False,False
8564850200,False,False
8564850300,False,False
8564860130,False,False
8564860270,False,False
8564860280,False,False
8564950300,False,False
8564950390,False,False
8565000030,False,False
8565900160,False,False
8566100160,False,False
8567300110,False,False
8567300140,False,False
8567300150,False,False
8567300270,False,False
8567450060,False,False
8567450080,False,False
8567450180,False,False
8567450220,False,False
8568000070,False,False
8568010310,False,False
8568030030,False,False
8570900023,False,False
8570900038,False,False
8570900162,False,False
8570900328,False,False
8576400050,False,False
8576400110,False,False
8581200030,False,False
8581200160,False,False
8581200240,False,False
8581200350,False,False
8581400015,False,False
8581400450,False,False
8582010290,False,False
8582400015,False,False
8585400135,False,False
8587400050,False,False
8589100090,False,False
8594400060,False,False
8594400350,False,False
8594400370,False,False
8598900157,False,False
8604900245,False,False
8605900060,False,False
8608900205,False,False
8615800325,False,False
8615800500,False,False
8617000020,False,False
8631600025,False,False
8632100010,False,False
8635700025,False,False
8635750950,False,False
8635751120,False,False
8635760330,False,False
8635760490,False,False
8637100370,False,False
8638500020,False,False
8641500345,False,False
8642600170,False,False
8643000185,False,False
8643000210,False,False
8643000225,False,False
8643200035,False,False
8643200060,False,False
8643200061,False,False
8644000060,False,False
8644210110,False,False
8644220070,False,False
8644300200,False,False
8644400040,False,False
8644400060,False,False
8644400180,False,False
8644500010,False,False
8645500160,False,False
8645500270,False,False
8645500360,False,False
8645500370,False,False
8645500900,False,False
8645501091,False,False
8645510230,False,False
8645511350,False,False
8645511500,False,False
8645530010,False,False
8645530060,False,False
8645540290,False,False
8645540320,False,False
8645900080,False,False
8647600020,False,False
8647800040,False,False
8648100030,False,False
8648100130,False,False
8648100200,False,False
8648200030,False,False
8648210050,False,False
8648210140,False,False
8648220150,False,False
8648220260,False,False
8648220270,False,False
8648900010,False,False
8648900040,False,False
8648900110,False,False
8649401270,False,False
8649900160,False,False
8649900440,False,False
8649900480,False,False
8650000070,False,False
8650000250,False,False
8650100120,False,False
8650300190,False,False
8650700090,False,False
8651100110,False,False
8651100140,False,False
8651200040,False,False
8651200080,False,False
8651400230,False,False
8651400580,False,False
8651400680,False,False
8651400730,False,False
8651400750,False,False
8651401680,False,False
8651401720,False,False
8651401960,False,False
8651402660,False,False
8651402700,False,False
8651402750,False,False
8651402910,False,False
8651402920,False,False
8651410120,False,False
8651410190,False,False
8651410240,False,False
8651410740,False,False
8651410950,False,False
8651411070,False,False
8651411260,False,False
8651411420,False,False
8651411460,False,False
8651430210,False,False
8651430560,False,False
8651430780,False,False
8651430870,False,False
8651440250,False,False
8651440740,False,False
8651440780,False,False
8651441210,False,False
8651441290,False,False
8651441520,False,False
8651441620,False,False
8651442060,False,False
8651442440,False,False
8651442510,False,False
8651442810,False,False
8651442880,False,False
8651443190,False,False
8651443360,False,False
8651443420,False,False
8651443480,False,False
8651480090,False,False
8651480550,False,False
8651500710,False,False
8651500850,False,False
8651510020,False,False
8651510380,False,False
8651510420,False,False
8651510610,False,False
8651511030,False,False
8651511060,False,False
8651511220,False,False
8651511250,False,False
8651520160,False,False
8651520240,False,False
8651520400,False,False
8651520420,False,False
8651580310,False,False
8651580660,False,False
8651600110,False,False
8651610240,False,False
8651610580,False,False
8651610660,False,False
8651610680,False,False
8651610890,False,False
8651611060,False,False
8651611110,False,False
8651611130,False,False
8651611170,False,False
8651611230,False,False
8651611260,False,False
8651611590,False,False
8651611640,False,False
8651611690,False,False
8651710430,False,False
8651720020,False,False
8651720060,False,False
8653600050,False,False
8653600100,False,False
8653900070,False,False
8653900150,False,False
8655000070,False,False
8655900100,False,False
8655900162,False,False
8656300080,False,False
8656300385,False,False
8658300260,False,False
8658300315,False,False
8658300340,False,False
8658300455,False,False
8658300480,False,False
8658300510,False,False
8658301060,False,False
8658301535,False,False
8658303265,False,False
8661000033,False,False
8661000089,False,False
8661000148,False,False
8662500130,False,False
8662500350,False,False
8663100050,False,False
8663200450,False,False
8663240180,False,False
8663260030,False,False
8663280080,False,False
8663280160,False,False
8663310050,False,False
8663370060,False,False
8665000040,False,False
8665050060,False,False
8665050080,False,False
8665050220,False,False
8665050450,False,False
8665050490,False,False
8665050770,False,False
8665200020,False,False
8665900070,False,False
8665900168,False,False
8665900206,False,False
8665900295,False,False
8665900331,False,False
8665900336,False,False
8669150700,False,False
8669160010,False,False
8669160170,False,False
8669160270,False,False
8669160460,False,False
8669180150,False,False
8669180390,False,False
8669400100,False,False
8670000060,False,False
8670900140,False,False
8672200110,False,False
8673400020,False,False
8673400052,False,False
8673400086,False,False
8673400141,False,False
8677300550,False,False
8677300720,False,False
8678500020,False,False
8678500060,False,False
8679200100,False,False
8679400130,False,False
8679600100,False,False
8680100030,False,False
8680300010,False,False
8680500220,False,False
8681660060,False,False
8682210650,False,False
8682220150,False,False
8682230400,False,False
8682230550,False,False
8682230590,False,False
8682230610,False,False
8682230760,False,False
8682230950,False,False
8682231170,False,False
8682231210,False,False
8682231330,False,False
8682250090,False,False
8682250350,False,False
8682260480,False,False
8682260610,False,False
8682260850,False,False
8682260870,False,False
8682261010,False,False
8682261070,False,False
8682261140,False,False
8682261190,False,False
8682261250,False,False
8682262230,False,False
8682262240,False,False
8682262260,False,False
8682262380,False,False
8682262400,False,False
8682262720,False,False
8682280170,False,False
8682280260,False,False
8682280270,False,False
8682280970,False,False
8682281070,False,False
8682281080,False,False
8682281170,False,False
8682281200,False,False
8682281220,False,False
8682281480,False,False
8682281510,False,False
8682281600,False,False
8682281960,False,False
8682282070,False,False
8682282180,False,False
8682282210,False,False
8682290100,False,False
8682290410,False,False
8682290660,False,False
8682290670,False,False
8682291390,False,False
8682291510,False,False
8682291630,False,False
8682291680,False,False
8682291720,False,False
8682291730,False,False
8682291840,False,False
8682291940,False,False
8682291970,False,False
8682292090,False,False
8682292190,False,False
8682300010,False,False
8682300640,False,False
8682300890,False,False
8682301050,False,False
8682301600,False,False
8682301910,False,False
8682302030,False,False
8682310310,False,False
8682310430,False,False
8682310460,False,False
8682310470,False,False
8682320090,False,False
8682320160,False,False
8682320320,False,False
8682320600,False,False
8682320640,False,False
8682320900,False,False
8685500020,False,False
8685500145,False,False
8687800010,False,False
8687800065,False,False
8687800150,False,False
8690600050,False,False
8690800130,False,False
8691300060,False,False
8691300260,False,False
8691300380,False,False
8691300420,False,False
8691300500,False,False
8691300860,False,False
8691300900,False,False
8691310380,False,False
8691310420,False,False
8691310840,False,False
8691330060,False,False
8691330130,False,False
8691330260,False,False
8691330330,False,False
8691330500,False,False
8691330910,False,False
8691350130,False,False
8691350200,False,False
8691360200,False,False
8691360380,False,False
8691360490,False,False
8691370290,False,False
8691370330,False,False
8691370400,False,False
8691370500,False,False
8691390280,False,False
8691390460,False,False
8691390530,False,False
8691390770,False,False
8691390860,False,False
8691391090,False,False
8691400600,False,False
8691410100,False,False
8691410310,False,False
8691440100,False,False
8691440220,False,False
8691440330,False,False
8691440410,False,False
8691440440,False,False
8691450120,False,False
8691500990,False,False
8691510150,False,False
8691510170,False,False
8691510290,False,False
8691510310,False,False
8692800025,False,False
8698100115,False,False
8698100170,False,False
8698600055,False,False
8698600080,False,False
8699100160,False,False
8699100240,False,False
8699100321,False,False
8699800060,False,False
8699800070,False,False
8700100010,False,False
8700100100,False,False
8700110020,False,False
8700120270,False,False
8700120520,False,False
8700500020,False,False
8701600030,False,False
8701600510,False,False
8712100020,False,False
8712100320,False,False
8712100435,False,False
8712100530,False,False
8712100575,False,False
8712100605,False,False
8712100760,False,False
8712100790,False,False
8714600145,False,False
8718500095,False,False
8718500260,False,False
8718500275,False,False
8718500495,False,False
8718500555,False,False
8718500560,False,False
8722100030,False,False
8722100570,False,False
8722100810,False,False
8722100825,False,False
8722101100,False,False
8722101360,False,False
8722101370,False,False
8724300030,False,False
8725950020,False,False
8725950170,False,False
8725950220,False,False
8725950360,False,False
8728100775,False,False
8730000210,False,False
8730000250,False,False
8730000260,False,False
8730600050,False,False
8731000010,False,False
8731730590,False,False
8731800210,False,False
8731800300,False,False
8731801190,False,False
8731900200,False,False
8731900340,False,False
8731900640,False,False
8731901610,False,False
8731901810,False,False
8731901910,False,False
8731901940,False,False
8731902340,False,False
8731950080,False,False
8731950910,False,False
8731951130,False,False
8731951370,False,False
8731951670,False,False
8731960050,False,False
8731960540,False,False
8731980040,False,False
8731980440,False,False
8731980880,False,False
8731981410,False,False
8731981500,False,False
8731981640,False,False
8731981680,False,False
8731982050,False,False
8731982250,False,False
8731982470,False,False
8731982550,False,False
8731982630,False,False
8731982840,False,False
8731983200,False,False
8731983340,False,False
8731990090,False,False
8731990440,False,False
8731990700,False,False
8732000410,False,False
8732020440,False,False
8732020720,False,False
8732020770,False,False
8732030080,False,False
8732040180,False,False
8732040580,False,False
8732040810,False,False
8732040820,False,False
8732130140,False,False
8732130580,False,False
8732130680,False,False
8732130940,False,False
8732131200,False,False
8732160050,False,False
8732160240,False,False
8732190070,False,False
8732190170,False,False
8732190200,False,False
8732190380,False,False
8732190460,False,False
8732190990,False,False
8732300430,False,False
8732800090,False,False
8732900300,False,False
8733000045,False,False
8798000100,False,False
8802400411,False,False
8802400415,False,False
8802400416,False,False
8802400644,False,False
8802400896,False,False
8805400010,False,False
8805900065,False,False
8805900080,False,False
8805900430,False,False
8805900570,False,False
8806900040,False,False
8807300570,False,False
8807600140,False,False
8807600340,False,False
8807810050,False,False
8807810660,False,False
8807810890,False,False
8807900233,False,False
8807900236,False,False
8813400165,False,False
8813400245,False,False
8813400345,False,False
8813400405,False,False
8815400410,False,False
8816400885,False,False
8818400155,False,False
8818400340,False,False
8818400490,False,False
8818900060,False,False
8818900155,False,False
8818900250,False,False
8818900300,False,False
8819900055,False,False
8819900270,False,False
8819900449,False,False
8820900029,False,False
8820900299,False,False
8820900670,False,False
8820901670,False,False
8820902200,False,False
8820902540,False,False
8820902700,False,False
8820903080,False,False
8820903370,False,False
8820903380,False,False
8820903555,False,False
8821900155,False,False
8822900115,False,False
8822900122,False,False
8822901024,False,False
8822901175,False,False
8822901200,False,False
8822901301,False,False
8823900290,False,False
8823901445,False,False
8823902005,False,False
8824900020,False,False
8824900050,False,False
8824900120,False,False
8825900020,False,False
8825900070,False,False
8825900095,False,False
8825900245,False,False
8825900310,False,False
8825900410,False,False
8825900465,False,False
8825900855,False,False
8827900560,False,False
8827900690,False,False
8827901060,False,False
8827901415,False,False
8827901450,False,False
8832900120,False,False
8832900155,False,False
8832900360,False,False
8832900550,False,False
8832900780,False,False
8833510190,False,False
8835200230,False,False
8835200610,False,False
8835200790,False,False
8835200800,False,False
8835210480,False,False
8835220090,False,False
8835220210,False,False
8835350230,False,False
8835400290,False,False
8835400775,False,False
8835700010,False,False
8835700250,False,False
8835700330,False,False
8835800350,False,False
8835800450,False,False
8835800480,False,False
8835900010,False,False
8835900015,False,False
8835900086,False,False
8835900220,False,False
8838900167,False,False
8847400115,False,False
8848400020,False,False
8849300320,False,False
8849700040,False,False
8850000018,False,False
8850000285,False,False
8850000509,False,False
8850000517,False,False
8851500050,False,False
8854000370,False,False
8854000410,False,False
8854100130,False,False
8854100220,False,False
8856000545,False,False
8856003525,False,False
8856004328,False,False
8856004400,False,False
8856004415,False,False
8856004730,False,False
8856004786,False,False
8856500120,False,False
8856500220,False,False
8856700130,False,False
8856700190,False,False
8856890020,False,False
8856890200,False,False
8856890330,False,False
8856900310,False,False
8856920070,False,False
8856920110,False,False
8856920250,False,False
8856920260,False,False
8856920550,False,False
8856940060,False,False
8856950070,False,False
8856950240,False,False
8856960050,False,False
8856960540,False,False
8856970440,False,False
8856970570,False,False
8857100060,False,False
8857310010,False,False
8857320030,False,False
8857320070,False,False
8857320120,False,False
8857600220,False,False
8857600360,False,False
8857600540,False,False
8857600780,False,False
8857600820,False,False
8857600960,False,False
8857640040,False,False
8857640170,False,False
8857640210,False,False
8857640410,False,False
8857640420,False,False
8857640710,False,False
8857640860,False,False
8858100020,False,False
8859000045,False,False
8860200010,False,False
8860300220,False,False
8860300300,False,False
8860310120,False,False
8860500150,False,False
8861000060,False,False
8861000095,False,False
8861000210,False,False
8861000235,False,False
8861500015,False,False
8861500065,False,False
8861500080,False,False
8861700030,False,False
8861700110,False,False
8862500280,False,False
8864000250,False,False
8864000425,False,False
8864000440,False,False
8864000735,False,False
8880600070,False,False
8886000005,False,False
8886000021,False,False
8887001140,False,False
8887001192,False,False
8887001215,False,False
8887001600,False,False
8887001640,False,False
8888000055,False,False
8892900210,False,False
8894000040,False,False
8894200150,False,False
8895800090,False,False
8898700120,False,False
8898700680,False,False
8898700820,False,False
8898701340,False,False
8899000190,False,False
8899100230,False,False
8899200110,False,False
8899210090,False,False
8899210610,False,False
8899210680,False,False
8900000100,False,False
8900000110,False,False
8901000143,False,False
8901000445,False,False
8901000491,False,False
8901000543,False,False
8901000585,False,False
8901000835,False,False
8901000911,False,False
8901001090,False,False
8901001170,False,False
8901001185,False,False
8901001290,False,False
8901500178,False,False
8902000050,False,False
8902000068,False,False
8902000175,False,False
8902000201,False,False
8902000407,False,False
8906200070,False,False
8910500150,False,False
8910500237,False,False
8910500238,False,False
8910500675,False,False
8911000030,False,False
8911000425,False,False
8914100080,False,False
8914200060,False,False
8914200220,False,False
8917100020,False,False
8917100180,False,False
8917100206,False,False
8920100041,False,False
8920100066,False,False
8923100125,False,False
8923600185,False,False
8924100111,False,False
8924100305,False,False
8924100308,False,False
8924100370,False,False
8924100430,False,False
8924600020,False,False
8925100255,False,False
8925100390,False,False
8925100440,False,False
8927600070,False,False
8928100025,False,False
8929000030,False,False
8929000040,False,False
8929000050,False,False
8929000060,False,False
8929000090,False,False
8929000130,False,False
8929000170,False,False
8929000280,False,False
8929000330,False,False
8929000350,False,False
8929000360,False,False
8929000380,False,False
8931100095,False,False
8934100125,False,False
8937500020,False,False
8937500040,False,False
8937600080,False,False
8941500010,False,False
8941800100,False,False
8943600020,False,False
8943600430,False,False
8943600870,False,False
8944290160,False,False
8944290200,False,False
8944300010,False,False
8944300110,False,False
8944310330,False,False
8944320100,False,False
8944320280,False,False
8944320420,False,False
8944320470,False,False
8944360080,False,False
8944360170,False,False
8944360290,False,False
8944460030,False,False
8944460170,False,False
8944460190,False,False
8944460290,False,False
8944550050,False,False
8944550100,False,False
8944550140,False,False
8944600200,False,False
8944750480,False,False
8944750730,False,False
8944750850,False,False
8945000260,False,False
8945000910,False,False
8945100050,False,False
8945100320,False,False
8945100530,False,False
8945200750,False,False
8945200860,False,False
8945300040,False,False
8945300110,False,False
8945300290,False,False
8946390040,False,False
8946390150,False,False
8946400100,False,False
8946700140,False,False
8946750020,False,False
8946750030,False,False
8946750140,False,False
8946750170,False,False
8946780110,False,False
8947250060,False,False
8947800080,False,False
8948500025,False,False
8950500250,False,False
8951900065,False,False
8952900204,False,False
8952900245,False,False
8952900260,False,False
8956000100,False,False
8956000120,False,False
8956000350,False,False
8956200560,False,False
8956200760,False,False
8956200770,False,False
8956200960,False,False
8956200990,False,False
8956500020,False,False
8960000030,False,False
8960200280,False,False
8960200630,False,False
8961800035,False,False
8961950050,False,False
8961960160,False,False
8961970190,False,False
8961970510,False,False
8961970560,False,False
8961990090,False,False
8961990160,False,False
8963300005,False,False
8964800025,False,False
8964800050,False,False
8964800225,False,False
8964800330,False,False
8964800370,False,False
8964800390,False,False
8964800755,False,False
8964800860,False,False
8964800930,False,False
8964800975,False,False
8965000050,False,False
8965400010,False,False
8965400210,False,False
8965400390,False,False
8965410150,False,False
8965450190,False,False
8965460090,False,False
8965500020,False,False
8965500030,False,False
8965500820,False,False
8965500880,False,False
8965500900,False,False
8965510190,False,False
8965520100,False,False
8965520190,False,False
9100000040,False,False
9103000360,False,False
9103000365,False,False
9103000715,False,False
9106000050,False,False
9113200020,False,False
9113200180,False,False
9113200290,False,False
9113600210,False,False
9117000170,False,False
9117100040,False,False
9117100130,False,False
9122001225,False,False
9122001230,False,False
9126100346,False,False
9126100487,False,False
9126100550,False,False
9126100608,False,False
9126100765,False,False
9126100813,False,False
9126100814,False,False
9126100861,False,False
9126101090,False,False
9126101121,False,False
9126101511,False,False
9126101645,False,False
9126101740,False,False
9129100040,False,False
9133600075,False,False
9133600120,False,False
9133600130,False,False
9133600135,False,False
9136100056,False,False
9136101271,False,False
9136101335,False,False
9136101776,False,False
9136102680,False,False
9136103026,False,False
9136103027,False,False
9136103130,False,False
9136103136,False,False
9137101353,False,False
9137101696,False,False
9138100261,False,False
9141100070,False,False
9141100073,False,False
9141100210,False,False
9141100255,False,False
9144100007,False,False
9144100035,False,False
9144100126,False,False
9144100158,False,False
9144100206,False,False
9144100298,False,False
9144300060,False,False
9144300110,False,False
9149000180,False,False
9150100020,False,False
9151600055,False,False
9151600106,False,False
9151600541,False,False
9151600695,False,False
9157600060,False,False
9158100040,False,False
9158100075,False,False
9158100090,False,False
9158100116,False,False
9158800090,False,False
9161100075,False,False
9161100460,False,False
9161100730,False,False
9164100035,False,False
9164100040,False,False
9165100130,False,False
9165100230,False,False
9165100260,False,False
9165100330,False,False
9165100375,False,False
9169100175,False,False
9169100185,False,False
9169100214,False,False
9169600096,False,False
9169600209,False,False
9169600275,False,False
9178600055,False,False
9178600360,False,False
9178600560,False,False
9178600810,False,False
9178601000,False,False
9178601630,False,False
9178601660,False,False
9183701085,False,False
9183701345,False,False
9183702220,False,False
9183702251,False,False
9183703376,False,False
9184700535,False,False
9185700285,False,False
9185700414,False,False
9185700485,False,False
9186300060,False,False
9187200045,False,False
9187200095,False,False
9187200228,False,False
9187200245,False,False
9187200285,False,False
9187200345,False,False
9188200505,False,False
9188200570,False,False
9189700045,False,False
9189700255,False,False
9191200490,False,False
9191201250,False,False
9191201385,False,False
9191201790,False,False
9194102188,False,False
9195700040,False,False
9195700380,False,False
9197800010,False,False
9198600035,False,False
9201000030,False,False
9201000120,False,False
9201000460,False,False
9201000480,False,False
9201000610,False,False
9201300050,False,False
9202000080,False,False
9202500150,False,False
9202600060,False,False
9202650040,False,False
9202650100,False,False
9202650210,False,False
9206200110,False,False
9206500250,False,False
9206700060,False,False
9206950100,False,False
9208900037,False,False
9209900270,False,False
9211000110,False,False
9211000170,False,False
9211010220,False,False
9211010230,False,False
9211010300,False,False
9211010330,False,False
9211010440,False,False
9211010840,False,False
9211010900,False,False
9211500010,False,False
9211500150,False,False
9211500230,False,False
9211500730,False,False
9211520020,False,False
9211520150,False,False
9211520410,False,False
9212900180,False,False
9212900260,False,False
9212900300,False,False
9214400120,False,False
9214400135,False,False
9214400396,False,False
9215400075,False,False
9215400105,False,False
9218400050,False,False
9221400335,False,False
9221400600,False,False
9222400605,False,False
9222400935,False,False
9232400055,False,False
9232900050,False,False
9237800100,False,False
9238430140,False,False
9238430190,False,False
9238430300,False,False
9238430430,False,False
9238430660,False,False
9238430680,False,False
9238440020,False,False
9238440130,False,False
9238450150,False,False
9238450160,False,False
9238450210,False,False
9238450330,False,False
9238450430,False,False
9238480020,False,False
9238500040,False,False
9238500190,False,False
9238500410,False,False
9238510220,False,False
9238900060,False,False
9238900390,False,False
9238900850,False,False
9238901020,False,False
9238901420,False,False
9241900115,False,False
9244900248,False,False
9250900104,False,False
9250900124,False,False
9253900210,False,False
9253900271,False,False
9253900354,False,False
9253900417,False,False
9257900010,False,False
9259900010,False,False
9259900025,False,False
9262800002,False,False
9262800057,False,False
9262800171,False,False
9262800294,False,False
9264000010,False,False
9264030040,False,False
9264030470,False,False
9264450550,False,False
9264900350,False,False
9264901040,False,False
9264901490,False,False
9264902050,False,False
9264910100,False,False
9264910280,False,False
9264910300,False,False
9264910900,False,False
9264910920,False,False
9264911150,False,False
9264911210,False,False
9264911550,False,False
9264920270,False,False
9264920620,False,False
9264920870,False,False
9264921020,False,False
9264921030,False,False
9264921140,False,False
9264930770,False,False
9264930980,False,False
9264940130,False,False
9264950410,False,False
9264950420,False,False
9264950600,False,False
9264950660,False,False
9264950940,False,False
9264960340,False,False
9264960480,False,False
9264960560,False,False
9264960850,False,False
9265200060,False,False
9265400210,False,False
9265700005,False,False
9265700045,False,False
9265880040,False,False
9265880170,False,False
9266700190,False,False
9266700256,False,False
9266700295,False,False
9266700845,False,False
9266701085,False,False
9266701115,False,False
9267200226,False,False
9267200345,False,False
9268200050,False,False
9268200300,False,False
9268200348,False,False
9268200380,False,False
9268200550,False,False
9268200585,False,False
9268200600,False,False
9268200641,False,False
9268200658,False,False
9268700040,False,False
9268710140,False,False
9268710220,False,False
9268710390,False,False
9268850030,False,False
9268850040,False,False
9268850130,False,False
9268850140,False,False
9268850290,False,False
9268850360,False,False
9268850480,False,False
9268850860,False,False
9268850940,False,False
9268851020,False,False
9268851320,False,False
9268851380,False,False
9268851670,False,False
9268851680,False,False
9268851800,False,False
9269200120,False,False
9269200540,False,False
9269200831,False,False
9269260100,False,False
9269260240,False,False
9269260420,False,False
9269750010,False,False
9269750220,False,False
9269750460,False,False
9269750690,False,False
9270200160,False,False
9272200090,False,False
9272200810,False,False
9272201250,False,False
9272201704,False,False
9273200115,False,False
9273200140,False,False
9273200145,False,False
9274200028,False,False
9274200314,False,False
9274200316,False,False
9274200320,False,False
9274200324,False,False
9274200365,False,False
9274200620,False,False
9274200735,False,False
9274200850,False,False
9274200990,False,False
9274201006,False,False
9274201730,False,False
9274201807,False,False
9274201809,False,False
9274202165,False,False
9274202270,False,False
9274202620,False,False
9274203036,False,False
9274203190,False,False
9274204100,False,False
9275200080,False,False
9275700005,False,False
9275700016,False,False
9275702350,False,False
9275702405,False,False
9276200220,False,False
9276200455,False,False
9276200635,False,False
9276201140,False,False
9276201190,False,False
9276201895,False,False
9276202130,False,False
9276202160,False,False
9276202190,False,False
9277200065,False,False
9277200111,False,False
9277700075,False,False
9278200095,False,False
9278200131,False,False
9279200280,False,False
9279200910,False,False
9280200030,False,False
9282800075,False,False
9282801030,False,False
9282801450,False,False
9282801950,False,False
9284800844,False,False
9284801165,False,False
9284801435,False,False
9284801845,False,False
9284802045,False,False
9284802215,False,False
9284802825,False,False
9285800020,False,False
9285800055,False,False
9285800180,False,False
9285800345,False,False
9285800590,False,False
9285800735,False,False
9285800755,False,False
9285800790,False,False
9285800801,False,False
9286000110,False,False
9286000240,False,False
9286100150,False,False
9286100300,False,False
9286100320,False,False
9286730020,False,False
9287800135,False,False
9287800375,False,False
9287801150,False,False
9287801455,False,False
9287802380,False,False
9287802410,False,False
9289100170,False,False
9289900065,False,False
9290850060,False,False
9290850330,False,False
9290850740,False,False
9290850760,False,False
9290850800,False,False
9290850810,False,False
9290850950,False,False
9290860140,False,False
9290900160,False,False
9292000380,False,False
9293000170,False,False
9294300600,False,False
9294300615,False,False
9297300045,False,False
9297300055,False,False
9297300395,False,False
9297300480,False,False
9297300500,False,False
9297300590,False,False
9297300740,False,False
9297300750,False,False
9297301015,False,False
9297301050,False,False
9297301055,False,False
9297301190,False,False
9297301505,False,False
9297301535,False,False
9297301580,False,False
9297302031,False,False
9297800090,False,False
9301300270,False,False
9301300751,False,False
9301301145,False,False
9304400010,False,False
9306500200,False,False
9307300100,False,False
9310300160,False,False
9310300175,False,False
9310300185,False,False
9310300215,False,False
9310300300,False,False
9315000010,False,False
9315100030,False,False
9315100210,False,False
9315300230,False,False
9315300260,False,False
9319800050,False,False
9320100090,False,False
9320200050,False,False
9320350130,False,False
9320600020,False,False
9320600090,False,False
9320600170,False,False
9320700090,False,False
9320700400,False,False
9320870040,False,False
9320900610,False,False
9320901250,False,False
9320990090,False,False
9322800210,False,False
9322800230,False,False
9322800260,False,False
9323000010,False,False
9323600060,False,False
9323600280,False,False
9323600380,False,False
9323610110,False,False
9323610180,False,False
9323610260,False,False
9324300030,False,False
9324320030,False,False
9324320040,False,False
9324800025,False,False
9324800110,False,False
9324800180,False,False
9324800220,False,False
9324800455,False,False
9324800650,False,False
9325200110,False,False
9325200120,False,False
9325200160,False,False
9325800005,False,False
9325800110,False,False
9328500630,False,False
9328500680,False,False
9328510100,False,False
9329300040,False,False
9334800140,False,False
9335400005,False,False
9346700150,False,False
9346700270,False,False
9346700280,False,False
9346700320,False,False
9346900170,False,False
9346920070,False,False
9346920260,False,False
9346930100,False,False
9346930250,False,False
9346950050,False,False
9346960050,False,False
9346980140,False,False
9347300010,False,False
9347300160,False,False
9347900020,False,False
9348700020,False,False
9348700450,False,False
9348700480,False,False
9348700490,False,False
9349900105,False,False
9349900110,False,False
9350900550,False,False
9352900200,False,False
9352900222,False,False
9352900695,False,False
9352901085,False,False
9353300090,False,False
9353300140,False,False
9353300220,False,False
9353300600,False,False
9353300820,False,False
9353301070,False,False
9357000215,False,False
9357000230,False,False
9357000635,False,False
9357000650,False,False
9357001010,False,False
9358000550,False,False
9358000552,False,False
9358000650,False,False
9358000780,False,False
9358001403,False,False
9358001566,False,False
9358001590,False,False
9358001732,False,False
9358002375,False,False
9358400080,False,False
9358400150,False,False
9359100500,False,False
9359100750,False,False
9359300220,False,False
9359300250,False,False
9362000040,False,False
9362000080,False,False
9363600457,False,False
9365700385,False,False
9368700031,False,False
9368700223,False,False
9368700341,False,False
9371700085,False,False
9371700125,False,False
9371700132,False,False
9376301111,False,False
9376301112,False,False
9376301520,False,False
9376301591,False,False
9378500050,False,False
9378700190,False,False
9378700200,False,False
9382200025,False,False
9382200121,False,False
9385200041,False,False
9385200042,False,False
9385200055,False,False
9388100015,False,False
9390700095,False,False
9392500100,False,False
9393700065,False,False
9393700110,False,False
9393700140,False,False
9396700024,False,False
9396700028,False,False
9402800005,False,False
9405800040,False,False
9406500310,False,False
9406500350,False,False
9406500480,False,False
9406500530,False,False
9406500540,False,False
9406500600,False,False
9406510130,False,False
9406520290,False,False
9406520550,False,False
9406520580,False,False
9406520830,False,False
9406521150,False,False
9406530160,False,False
9406540050,False,False
9406540130,False,False
9406540150,False,False
9406540190,False,False
9406550050,False,False
9406550060,False,False
9406550100,False,False
9406570290,False,False
9406570350,False,False
9406590250,False,False
9406590280,False,False
9406600050,False,False
9406700180,False,False
9407000600,False,False
9407000920,False,False
9407000990,False,False
9407001330,False,False
9407001500,False,False
9407001610,False,False
9407001700,False,False
9407001770,False,False
9407001830,False,False
9407001860,False,False
9407100300,False,False
9407100310,False,False
9407100500,False,False
9407100800,False,False
9407101180,False,False
9407101380,False,False
9407102245,False,False
9407102360,False,False
9407102460,False,False
9407110680,False,False
9407110700,False,False
9407110710,False,False
9407111220,False,False
9407150100,False,False
9407150350,False,False
9407150360,False,False
9407600070,False,False
9407600250,False,False
9408300180,False,False
9408300380,False,False
9412200080,False,False
9412200260,False,False
9412200330,False,False
9412200660,False,False
9412200730,False,False
9412400185,False,False
9412700550,False,False
9412710440,False,False
9412900055,False,False
9413500350,False,False
9413600010,False,False
9413600100,False,False
9413600350,False,False
9413600380,False,False
9413600420,False,False
9413600670,False,False
9413900035,False,False
9414100030,False,False
9414500230,False,False
9414500480,False,False
9414610010,False,False
9414610020,False,False
9414610070,False,False
9414610320,False,False
9415950020,False,False
9416400020,False,False
9417400215,False,False
9418400240,False,False
9421500010,False,False
9421500070,False,False
9421500130,False,False
9421500150,False,False
9423400140,False,False
9423400193,False,False
9424400110,False,False
9424400200,False,False
9429400060,False,False
9429400170,False,False
9429500045,False,False
9430100020,False,False
9430100360,False,False
9430110030,False,False
9432750070,False,False
9432900040,False,False
9432900070,False,False
9432900180,False,False
9432900380,False,False
9433000060,False,False
9433000390,False,False
9433000460,False,False
9433000470,False,False
9433000480,False,False
9435300030,False,False
9435300051,False,False
9438300035,False,False
9441300030,False,False
9445300045,False,False
9448300061,False,False
9448300115,False,False
9455200205,False,False
9455200445,False,False
9455200570,False,False
9455200596,False,False
9455200790,False,False
9459200110,False,False
9459200120,False,False
9465200181,False,False
9465200405,False,False
9465900500,False,False
9465910070,False,False
9465910150,False,False
9465910190,False,False
9465910310,False,False
9465910320,False,False
9465910380,False,False
9468200109,False,False
9468200125,False,False
9468200175,False,False
9471200065,False,False
9471200115,False,False
9471200200,False,False
9471200265,False,False
9472200060,False,False
9473200105,False,False
9475200030,False,False
9475710060,False,False
9475710170,False,False
9475960050,False,False
9476010120,False,False
9476200020,False,False
9476200035,False,False
9476200150,False,False
9476200290,False,False
9476200350,False,False
9476200485,False,False
9476200545,False,False
9476200580,False,False
9476200650,False,False
9476200710,False,False
9477000060,False,False
9477000080,False,False
9477000650,False,False
9477001270,False,False
9477001280,False,False
9477001350,False,False
9477100060,False,False
9477100170,False,False
9477100330,False,False
9477100620,False,False
9477200200,False,False
9477200460,False,False
9477200560,False,False
9477201040,False,False
9477201150,False,False
9477201530,False,False
9477201620,False,False
9477500060,False,False
9477580030,False,False
9477580110,False,False
9477710160,False,False
9477730080,False,False
9477920120,False,False
9477940390,False,False
9478500180,False,False
9478500570,False,False
9478500590,False,False
9478500640,False,False
9478500770,False,False
9478501020,False,False
9478550110,False,False
9478550430,False,False
9482700075,False,False
9482700440,False,False
9482700455,False,False
9485300010,False,False
9485300190,False,False
9485300560,False,False
9485700136,False,False
9485700150,False,False
9485700175,False,False
9485740340,False,False
9485750110,False,False
9485750240,False,False
9485760050,False,False
9485910100,False,False
9485920120,False,False
9485940290,False,False
9485950040,False,False
9485950060,False,False
9485950310,False,False
9485950340,False,False
9485951030,False,False
9485951170,False,False
9485951510,False,False
9492500010,False,False
9492500090,False,False
9492800020,False,False
9498200046,False,False
9498200091,False,False
9499200220,False,False
9500900060,False,False
9500900135,False,False
9505100035,False,False
9508500075,False,False
9508850120,False,False
9510300130,False,False
9510310030,False,False
9510310280,False,False
9510320150,False,False
9510400100,False,False
9510860560,False,False
9510860750,False,False
9510860840,False,False
9510900070,False,False
9510900270,False,False
9510900610,False,False
9510900630,False,False
9510900710,False,False
9510910050,False,False
9510910250,False,False
9510920050,False,False
9510920070,False,False
9510920120,False,False
9510930350,False,False
9510970010,False,False
9510970050,False,False
9510970310,False,False
9510970520,False,False
9510971070,False,False
9511120050,False,False
9512000140,False,False
9512200090,False,False
9512200140,False,False
9512200420,False,False
9512500380,False,False
9512500460,False,False
9512500610,False,False
9512500680,False,False
9512501370,False,False
9512501450,False,False
9516500100,False,False
9517200030,False,False
9517200480,False,False
9518100059,False,False
9520900210,False,False
9521100029,False,False
9521100031,False,False
9521100106,False,False
9521100214,False,False
9521100280,False,False
9521100301,False,False
9521100465,False,False
9521100585,False,False
9521100586,False,False
9521100795,False,False
9521100866,False,False
9521100867,False,False
9521101015,False,False
9521101055,False,False
9521101065,False,False
9521101221,False,False
9521101315,False,False
9521101455,False,False
9521101520,False,False
9522100485,False,False
9522350090,False,False
9522600120,False,False
9523100026,False,False
9523100459,False,False
9523100712,False,False
9523100730,False,False
9523100731,False,False
9523102040,False,False
9523102420,False,False
9523102580,False,False
9523102660,False,False
9523102750,False,False
9523103000,False,False
9523103590,False,False
9523103990,False,False
9523104345,False,False
9524100050,False,False
9524100196,False,False
9524100207,False,False
9524100322,False,False
9525100040,False,False
9525600030,False,False
9526500090,False,False
9526600090,False,False
9526600140,False,False
9526600210,False,False
9526600250,False,False
9526600260,False,False
9526600710,False,False
9527000040,False,False
9527300200,False,False
9527310110,False,False
9527310180,False,False
9528100963,False,False
9528101032,False,False
9528101061,False,False
9528101214,False,False
9528101224,False,False
9528102060,False,False
9528102870,False,False
9528102996,False,False
9528103443,False,False
9528104108,False,False
9528104286,False,False
9528104345,False,False
9528104985,False,False
9528105305,False,False
9530100555,False,False
9530100921,False,False
9530101290,False,False
9530101385,False,False
9530101535,False,False
9530101670,False,False
9532000010,False,False
9532000170,False,False
9532000500,False,False
9533100080,False,False
9533100145,False,False
9533100285,False,False
9533600185,False,False
9534400010,False,False
9536600105,False,False
9536600810,False,False
9536601045,False,False
9536601331,False,False
9536601852,False,False
9536601996,False,False
9537200037,False,False
9540100025,False,False
9540100060,False,False
9541600060,False,False
9541600110,False,False
9541600255,False,False
9541600280,False,False
9541600295,False,False
9541600490,False,False
9541800010,False,False
9541800065,False,False
9541800075,False,False
9541800190,False,False
9542000030,False,False
9542000075,False,False
9542000275,False,False
9542000340,False,False
9542100005,False,False
9542100085,False,False
9542100165,False,False
9542200220,False,False
9542200610,False,False
9542300320,False,False
9542300430,False,False
9542300530,False,False
9542600070,False,False
9542800050,False,False
9542800290,False,False
9542800610,False,False
9542800700,False,False
9542800820,False,False
9542801120,False,False
9542801410,False,False
9542801990,False,False
9542830050,False,False
9542830210,False,False
9542830350,False,False
9542830430,False,False
9542830440,False,False
9542830540,False,False
9542830600,False,False
9542830690,False,False
9542840060,False,False
9542840120,False,False
9542840340,False,False
9542840450,False,False
9542840570,False,False
9542840630,False,False
9542840730,False,False
9542850320,False,False
9542850580,False,False
9542890010,False,False
9542890100,False,False
9543000205,False,False
9543000896,False,False
9543000945,False,False
9544200277,False,False
9544200422,False,False
9544700500,False,False
9544700730,False,False
9545200180,False,False
9545220100,False,False
9545230140,False,False
9545240070,False,False
9545250010,False,False
9545250110,False,False
9545260100,False,False
9547200340,False,False
9547200460,False,False
9547200790,False,False
9547200835,False,False
9547201850,False,False
9547202245,False,False
9547202265,False,False
9547202380,False,False
9547202890,False,False
9547202950,False,False
9547204930,False,False
9547205225,False,False
9547205260,False,False
9547205380,False,False
9550200155,False,False
9550200265,False,False
9550200310,False,False
9550200470,False,False
9550200650,False,False
9550201495,False,False
9550201550,False,False
9550202010,False,False
9550202140,False,False
9550202730,False,False
9550202870,False,False
9550203690,False,False
9550204450,False,False
9550204515,False,False
9550204590,False,False
9550204620,False,False
9551201155,False,False
9551201240,False,False
9551201250,False,False
9551202025,False,False
9551202130,False,False
9551202875,False,False
9552700140,False,False
9552701000,False,False
9552701030,False,False
9553200052,False,False
9553200125,False,False
9554200105,False,False
9554200200,False,False
9557200090,False,False
9557300040,False,False
9557300190,False,False
9557300560,False,False
9557300570,False,False
9558010090,False,False
9558010300,False,False
9558020460,False,False
9558020600,False,False
9558020610,False,False
9558020840,False,False
9558020890,False,False
9558021010,False,False
9558040230,False,False
9558050020,False,False
9558050170,False,False
9558050230,False,False
9558050450,False,False
9558050780,False,False
9558200025,False,False
9558200045,False,False
9558800025,False,False
9558800030,False,False
9558900010,False,False
9560700010,False,False
9560700055,False,False
9560800040,False,False
9560800290,False,False
9560800310,False,False
9560800390,False,False
9561100080,False,False
9562200090,False,False
9564800145,False,False
9567800140,False,False
9567800435,False,False
9572000080,False,False
9573120260,False,False
9577800005,False,False
9578050120,False,False
9578060230,False,False
9578060370,False,False
9578060420,False,False
9578060660,False,False
9578080040,False,False
9578080130,False,False
9578090050,False,False
9578090180,False,False
9578090240,False,False
9578140360,False,False
9578200030,False,False
9578500180,False,False
9578500690,False,False
9578500790,False,False
9578500820,False,False
9578500920,False,False
9578501030,False,False
9804500420,False,False
9808100100,False,False
9808100150,False,False
9808100185,False,False
9808590310,False,False
9808590460,False,False
9808610410,False,False
9808630120,False,False
9808630260,False,False
9808640040,False,False
9808640090,False,False
9808650060,False,False
9808700025,False,False
9808700370,False,False
9808700405,False,False
9808700650,False,False
9808700762,False,False
9809000010,False,False
9809000020,False,False
9818700215,False,False
9818700320,False,False
9818700645,False,False
9822700190,False,False
9822700255,False,False
9822700285,False,False
9822700295,False,False
9826700930,False,False
9826701201,False,False
9826701345,False,False
9826701490,False,False
9826701735,False,False
9826701765,False,False
9826701794,False,False
9828200147,False,False
9828200187,False,False
9828200525,False,False
9828200545,False,False
9828200605,False,False
9828200746,False,False
9828201202,False,False
9828201361,False,False
9828201745,False,False
9828201885,False,False
9828201920,False,False
9828202030,False,False
9828202215,False,False
9828202325,False,False
9828202545,False,False
9828700005,False,False
9828700200,False,False
9828700685,False,False
9828701085,False,False
9828701488,False,False
9828701507,False,False
9828701565,False,False
9828701608,False,False
9828701690,False,False
9828701739,False,False
9828701741,False,False
9828701745,False,False
9828701747,False,False
9828701871,False,False
9828702095,False,False
9828702156,False,False
9828702245,False,False
9828702251,False,False
9828702262,False,False
9828702265,False,False
9828702266,False,False
9828702336,False,False
9828702339,False,False
9828702389,False,False
9828702513,False,False
9828702518,False,False
9828702519,False,False
9828702588,False,False
9828702649,False,False
9828702667,False,False
9828702771,False,False
9828702812,False,False
9828702851,False,False
9828702890,False,False
9828702895,False,False
9828702902,False,False
9829200250,False,False
9829200325,False,False
9829200495,False,False
9829200566,False,False
9829200580,False,False
9829200590,False,False
9829200855,False,False
9829201020,False,False
9829201058,False,False
9830200230,False,False
9830200380,False,False
9831200159,False,False
9831200172,False,False
9831200186,False,False
9831200221,False,False
9831200500,False,False
9831200520,False,False
9834200030,False,False
9834200305,False,False
9834200365,False,False
9834200411,False,False
9834200440,False,False
9834200555,False,False
9834200885,False,False
9834200925,False,False
9834200950,False,False
9834200975,False,False
9834201100,False,False
9834201145,False,False
9834201215,False,False
9834201366,False,False
9834201367,False,False
9834201375,False,False
9834201470,False,False
9835800320,False,False
9835800750,False,False
9835800840,False,False
9835801000,False,False
9839300125,False,False
9839300285,False,False
9839300545,False,False
9839300775,False,False
9839300875,False,False
9839301055,False,False
9839301165,False,False
9842300485,False,False
9842300540,False,False
9895000040,False,False
9900000190,False,False
