property_id,image_path,price,split
1200019,C:\Users\hiten\Documents\Satellite_Property_Valuation\images\train\1200019.jpg,647500.0,train
1200021,C:\Users\hiten\Documents\Satellite_Property_Valuation\images\train\1200021.jpg,400000.0,train
11300120,C:\Users\hiten\Documents\Satellite_Property_Valuation\images\train\11300120.jpg,635000.0,train
11510310,C:\Users\hiten\Documents\Satellite_Property_Valuation\images\train\11510310.jpg,835000.0,train
11510700,C:\Users\hiten\Documents\Satellite_Property_Valuation\images\train\11510700.jpg,755000.0,train
13001795,C:\Users\hiten\Documents\Satellite_Property_Valuation\images\train\13001795.jpg,319500.0,train
13002460,C:\Users\hiten\Documents\Satellite_Property_Valuation\images\train\13002460.jpg,205000.0,train
16000545,C:\Users\hiten\Documents\Satellite_Property_Valuation\images\train\16000545.jpg,250000.0,train
34000005,C:\Users\hiten\Documents\Satellite_Property_Valuation\images\train\34000005.jpg,343566.0,train
34001304,C:\Users\hiten\Documents\Satellite_Property_Valuation\images\train\34001304.jpg,480000.0,train
100300280,C:\Users\hiten\Documents\Satellite_Property_Valuation\images\train\100300280.jpg,355000.0,train
100500020,C:\Users\hiten\Documents\Satellite_Property_Valuation\images\train\100500020.jpg,250000.0,train
103000116,C:\Users\hiten\Documents\Satellite_Property_Valuation\images\train\103000116.jpg,645000.0,train
104510340,C:\Users\hiten\Documents\Satellite_Property_Valuation\images\train\104510340.jpg,276200.0,train
104530240,C:\Users\hiten\Documents\Satellite_Property_Valuation\images\train\104530240.jpg,225000.0,train
104540840,C:\Users\hiten\Documents\Satellite_Property_Valuation\images\train\104540840.jpg,240000.0,train
104550520,C:\Users\hiten\Documents\Satellite_Property_Valuation\images\train\104550520.jpg,270000.0,train
104550660,C:\Users\hiten\Documents\Satellite_Property_Valuation\images\train\104550660.jpg,275000.0,train
109210460,C:\Users\hiten\Documents\Satellite_Property_Valuation\images\train\109210460.jpg,270000.0,train
114101055,C:\Users\hiten\Documents\Satellite_Property_Valuation\images\train\114101055.jpg,383000.0,train
114101540,C:\Users\hiten\Documents\Satellite_Property_Valuation\images\train\114101540.jpg,415000.0,train
114700150,C:\Users\hiten\Documents\Satellite_Property_Valuation\images\train\114700150.jpg,236000.0,train
120059044,C:\Users\hiten\Documents\Satellite_Property_Valuation\images\train\120059044.jpg,250000.0,train
120069059,C:\Users\hiten\Documents\Satellite_Property_Valuation\images\train\120069059.jpg,550000.0,train
121029034,C:\Users\hiten\Documents\Satellite_Property_Valuation\images\train\121029034.jpg,549000.0,train
121059147,C:\Users\hiten\Documents\Satellite_Property_Valuation\images\train\121059147.jpg,392000.0,train
123059127,C:\Users\hiten\Documents\Satellite_Property_Valuation\images\train\123059127.jpg,625000.0,train
125059178,C:\Users\hiten\Documents\Satellite_Property_Valuation\images\train\125059178.jpg,510000.0,train
126039256,C:\Users\hiten\Documents\Satellite_Property_Valuation\images\train\126039256.jpg,434900.0,train
126039305,C:\Users\hiten\Documents\Satellite_Property_Valuation\images\train\126039305.jpg,345000.0,train
126039394,C:\Users\hiten\Documents\Satellite_Property_Valuation\images\train\126039394.jpg,525000.0,train
126039413,C:\Users\hiten\Documents\Satellite_Property_Valuation\images\train\126039413.jpg,469000.0,train
126039599,C:\Users\hiten\Documents\Satellite_Property_Valuation\images\train\126039599.jpg,475000.0,train
126049167,C:\Users\hiten\Documents\Satellite_Property_Valuation\images\train\126049167.jpg,380000.0,train
126049169,C:\Users\hiten\Documents\Satellite_Property_Valuation\images\train\126049169.jpg,450000.0,train
126059005,C:\Users\hiten\Documents\Satellite_Property_Valuation\images\train\126059005.jpg,547000.0,train
126059018,C:\Users\hiten\Documents\Satellite_Property_Valuation\images\train\126059018.jpg,395000.0,train
126059019,C:\Users\hiten\Documents\Satellite_Property_Valuation\images\train\126059019.jpg,799000.0,train
128500260,C:\Users\hiten\Documents\Satellite_Property_Valuation\images\train\128500260.jpg,262000.0,train
133000127,C:\Users\hiten\Documents\Satellite_Property_Valuation\images\train\133000127.jpg,265000.0,train
136000220,C:\Users\hiten\Documents\Satellite_Property_Valuation\images\train\136000220.jpg,593000.0,train
148000035,C:\Users\hiten\Documents\Satellite_Property_Valuation\images\train\148000035.jpg,544000.0,train
148000450,C:\Users\hiten\Documents\Satellite_Property_Valuation\images\train\148000450.jpg,399000.0,train
161000120,C:\Users\hiten\Documents\Satellite_Property_Valuation\images\train\161000120.jpg,650000.0,train
164000174,C:\Users\hiten\Documents\Satellite_Property_Valuation\images\train\164000174.jpg,300000.0,train
164000237,C:\Users\hiten\Documents\Satellite_Property_Valuation\images\train\164000237.jpg,495000.0,train
164000267,C:\Users\hiten\Documents\Satellite_Property_Valuation\images\train\164000267.jpg,311300.0,train
170000060,C:\Users\hiten\Documents\Satellite_Property_Valuation\images\train\170000060.jpg,1200000.0,train
179000100,C:\Users\hiten\Documents\Satellite_Property_Valuation\images\train\179000100.jpg,174000.0,train
179001425,C:\Users\hiten\Documents\Satellite_Property_Valuation\images\train\179001425.jpg,230000.0,train
182000350,C:\Users\hiten\Documents\Satellite_Property_Valuation\images\train\182000350.jpg,287500.0,train
192300020,C:\Users\hiten\Documents\Satellite_Property_Valuation\images\train\192300020.jpg,525000.0,train
192450180,C:\Users\hiten\Documents\Satellite_Property_Valuation\images\train\192450180.jpg,335000.0,train
192450200,C:\Users\hiten\Documents\Satellite_Property_Valuation\images\train\192450200.jpg,319900.0,train
193300120,C:\Users\hiten\Documents\Satellite_Property_Valuation\images\train\193300120.jpg,192000.0,train
194000145,C:\Users\hiten\Documents\Satellite_Property_Valuation\images\train\194000145.jpg,745000.0,train
200500610,C:\Users\hiten\Documents\Satellite_Property_Valuation\images\train\200500610.jpg,571000.0,train
200510060,C:\Users\hiten\Documents\Satellite_Property_Valuation\images\train\200510060.jpg,605000.0,train
200520120,C:\Users\hiten\Documents\Satellite_Property_Valuation\images\train\200520120.jpg,570000.0,train
200800480,C:\Users\hiten\Documents\Satellite_Property_Valuation\images\train\200800480.jpg,552321.0,train
203100460,C:\Users\hiten\Documents\Satellite_Property_Valuation\images\train\203100460.jpg,400000.0,train
203101370,C:\Users\hiten\Documents\Satellite_Property_Valuation\images\train\203101370.jpg,170000.0,train
203400090,C:\Users\hiten\Documents\Satellite_Property_Valuation\images\train\203400090.jpg,740000.0,train
203900690,C:\Users\hiten\Documents\Satellite_Property_Valuation\images\train\203900690.jpg,395000.0,train
204000175,C:\Users\hiten\Documents\Satellite_Property_Valuation\images\train\204000175.jpg,381000.0,train
205000010,C:\Users\hiten\Documents\Satellite_Property_Valuation\images\train\205000010.jpg,620000.0,train
205000410,C:\Users\hiten\Documents\Satellite_Property_Valuation\images\train\205000410.jpg,630000.0,train
205000520,C:\Users\hiten\Documents\Satellite_Property_Valuation\images\train\205000520.jpg,737500.0,train
207700180,C:\Users\hiten\Documents\Satellite_Property_Valuation\images\train\207700180.jpg,555000.0,train
216500040,C:\Users\hiten\Documents\Satellite_Property_Valuation\images\train\216500040.jpg,259000.0,train
222069057,C:\Users\hiten\Documents\Satellite_Property_Valuation\images\train\222069057.jpg,665000.0,train
223039254,C:\Users\hiten\Documents\Satellite_Property_Valuation\images\train\223039254.jpg,329950.0,train
224069094,C:\Users\hiten\Documents\Satellite_Property_Valuation\images\train\224069094.jpg,530000.0,train
226039214,C:\Users\hiten\Documents\Satellite_Property_Valuation\images\train\226039214.jpg,465250.0,train
226059106,C:\Users\hiten\Documents\Satellite_Property_Valuation\images\train\226059106.jpg,489500.0,train
226059120,C:\Users\hiten\Documents\Satellite_Property_Valuation\images\train\226059120.jpg,615000.0,train
240000031,C:\Users\hiten\Documents\Satellite_Property_Valuation\images\train\240000031.jpg,322000.0,train
240000058,C:\Users\hiten\Documents\Satellite_Property_Valuation\images\train\240000058.jpg,469000.0,train
243000335,C:\Users\hiten\Documents\Satellite_Property_Valuation\images\train\243000335.jpg,305000.0,train
249000205,C:\Users\hiten\Documents\Satellite_Property_Valuation\images\train\249000205.jpg,1537000.0,train
251300110,C:\Users\hiten\Documents\Satellite_Property_Valuation\images\train\251300110.jpg,225000.0,train
251300260,C:\Users\hiten\Documents\Satellite_Property_Valuation\images\train\251300260.jpg,255000.0,train
251500080,C:\Users\hiten\Documents\Satellite_Property_Valuation\images\train\251500080.jpg,3204000.0,train
254000735,C:\Users\hiten\Documents\Satellite_Property_Valuation\images\train\254000735.jpg,329000.0,train
255520150,C:\Users\hiten\Documents\Satellite_Property_Valuation\images\train\255520150.jpg,539000.0,train
255550100,C:\Users\hiten\Documents\Satellite_Property_Valuation\images\train\255550100.jpg,326000.0,train
255550150,C:\Users\hiten\Documents\Satellite_Property_Valuation\images\train\255550150.jpg,352000.0,train
255580190,C:\Users\hiten\Documents\Satellite_Property_Valuation\images\train\255580190.jpg,302000.0,train
259000100,C:\Users\hiten\Documents\Satellite_Property_Valuation\images\train\259000100.jpg,430000.0,train
259100110,C:\Users\hiten\Documents\Satellite_Property_Valuation\images\train\259100110.jpg,540000.0,train
259500230,C:\Users\hiten\Documents\Satellite_Property_Valuation\images\train\259500230.jpg,465750.0,train
259500270,C:\Users\hiten\Documents\Satellite_Property_Valuation\images\train\259500270.jpg,478000.0,train
259600280,C:\Users\hiten\Documents\Satellite_Property_Valuation\images\train\259600280.jpg,400000.0,train
259600410,C:\Users\hiten\Documents\Satellite_Property_Valuation\images\train\259600410.jpg,505000.0,train
259800610,C:\Users\hiten\Documents\Satellite_Property_Valuation\images\train\259800610.jpg,575000.0,train
259800680,C:\Users\hiten\Documents\Satellite_Property_Valuation\images\train\259800680.jpg,534000.0,train
259800750,C:\Users\hiten\Documents\Satellite_Property_Valuation\images\train\259800750.jpg,455000.0,train
263000164,C:\Users\hiten\Documents\Satellite_Property_Valuation\images\train\263000164.jpg,425000.0,train
263000291,C:\Users\hiten\Documents\Satellite_Property_Valuation\images\train\263000291.jpg,433500.0,train
263000324,C:\Users\hiten\Documents\Satellite_Property_Valuation\images\train\263000324.jpg,550000.0,train
267000130,C:\Users\hiten\Documents\Satellite_Property_Valuation\images\train\267000130.jpg,613000.0,train
267010020,C:\Users\hiten\Documents\Satellite_Property_Valuation\images\train\267010020.jpg,570000.0,train
269000070,C:\Users\hiten\Documents\Satellite_Property_Valuation\images\train\269000070.jpg,608000.0,train
269000240,C:\Users\hiten\Documents\Satellite_Property_Valuation\images\train\269000240.jpg,1050000.0,train
269000950,C:\Users\hiten\Documents\Satellite_Property_Valuation\images\train\269000950.jpg,990000.0,train
269001360,C:\Users\hiten\Documents\Satellite_Property_Valuation\images\train\269001360.jpg,775000.0,train
284000025,C:\Users\hiten\Documents\Satellite_Property_Valuation\images\train\284000025.jpg,1410000.0,train
284000223,C:\Users\hiten\Documents\Satellite_Property_Valuation\images\train\284000223.jpg,578000.0,train
290000095,C:\Users\hiten\Documents\Satellite_Property_Valuation\images\train\290000095.jpg,675000.0,train
291300280,C:\Users\hiten\Documents\Satellite_Property_Valuation\images\train\291300280.jpg,310000.0,train
291310180,C:\Users\hiten\Documents\Satellite_Property_Valuation\images\train\291310180.jpg,379500.0,train
291310270,C:\Users\hiten\Documents\Satellite_Property_Valuation\images\train\291310270.jpg,375000.0,train
293000068,C:\Users\hiten\Documents\Satellite_Property_Valuation\images\train\293000068.jpg,556000.0,train
293070090,C:\Users\hiten\Documents\Satellite_Property_Valuation\images\train\293070090.jpg,859990.0,train
293720140,C:\Users\hiten\Documents\Satellite_Property_Valuation\images\train\293720140.jpg,449950.0,train
293760050,C:\Users\hiten\Documents\Satellite_Property_Valuation\images\train\293760050.jpg,1050000.0,train
293760310,C:\Users\hiten\Documents\Satellite_Property_Valuation\images\train\293760310.jpg,975000.0,train
293800410,C:\Users\hiten\Documents\Satellite_Property_Valuation\images\train\293800410.jpg,824000.0,train
293800680,C:\Users\hiten\Documents\Satellite_Property_Valuation\images\train\293800680.jpg,949000.0,train
293800870,C:\Users\hiten\Documents\Satellite_Property_Valuation\images\train\293800870.jpg,710800.0,train
293910030,C:\Users\hiten\Documents\Satellite_Property_Valuation\images\train\293910030.jpg,655000.0,train
301402120,C:\Users\hiten\Documents\Satellite_Property_Valuation\images\train\301402120.jpg,240000.0,train
303800020,C:\Users\hiten\Documents\Satellite_Property_Valuation\images\train\303800020.jpg,425000.0,train
304100090,C:\Users\hiten\Documents\Satellite_Property_Valuation\images\train\304100090.jpg,215000.0,train
305010190,C:\Users\hiten\Documents\Satellite_Property_Valuation\images\train\305010190.jpg,680000.0,train
305500140,C:\Users\hiten\Documents\Satellite_Property_Valuation\images\train\305500140.jpg,365000.0,train
312000295,C:\Users\hiten\Documents\Satellite_Property_Valuation\images\train\312000295.jpg,400000.0,train
321030070,C:\Users\hiten\Documents\Satellite_Property_Valuation\images\train\321030070.jpg,375000.0,train
321049090,C:\Users\hiten\Documents\Satellite_Property_Valuation\images\train\321049090.jpg,254000.0,train
321059132,C:\Users\hiten\Documents\Satellite_Property_Valuation\images\train\321059132.jpg,365000.0,train
322069010,C:\Users\hiten\Documents\Satellite_Property_Valuation\images\train\322069010.jpg,435000.0,train
323059146,C:\Users\hiten\Documents\Satellite_Property_Valuation\images\train\323059146.jpg,343000.0,train
323059167,C:\Users\hiten\Documents\Satellite_Property_Valuation\images\train\323059167.jpg,259000.0,train
323059327,C:\Users\hiten\Documents\Satellite_Property_Valuation\images\train\323059327.jpg,1025000.0,train
323069158,C:\Users\hiten\Documents\Satellite_Property_Valuation\images\train\323069158.jpg,620000.0,train
323089005,C:\Users\hiten\Documents\Satellite_Property_Valuation\images\train\323089005.jpg,240000.0,train
323089084,C:\Users\hiten\Documents\Satellite_Property_Valuation\images\train\323089084.jpg,592000.0,train
323089134,C:\Users\hiten\Documents\Satellite_Property_Valuation\images\train\323089134.jpg,350000.0,train
323089159,C:\Users\hiten\Documents\Satellite_Property_Valuation\images\train\323089159.jpg,332000.0,train
324000370,C:\Users\hiten\Documents\Satellite_Property_Valuation\images\train\324000370.jpg,502000.0,train
324059112,C:\Users\hiten\Documents\Satellite_Property_Valuation\images\train\324059112.jpg,675500.0,train
324069112,C:\Users\hiten\Documents\Satellite_Property_Valuation\images\train\324069112.jpg,1325000.0,train
325059086,C:\Users\hiten\Documents\Satellite_Property_Valuation\images\train\325059086.jpg,811000.0,train
325059131,C:\Users\hiten\Documents\Satellite_Property_Valuation\images\train\325059131.jpg,390000.0,train
326049024,C:\Users\hiten\Documents\Satellite_Property_Valuation\images\train\326049024.jpg,603000.0,train
326069027,C:\Users\hiten\Documents\Satellite_Property_Valuation\images\train\326069027.jpg,692500.0,train
328000182,C:\Users\hiten\Documents\Satellite_Property_Valuation\images\train\328000182.jpg,613500.0,train
339200130,C:\Users\hiten\Documents\Satellite_Property_Valuation\images\train\339200130.jpg,693000.0,train
339600070,C:\Users\hiten\Documents\Satellite_Property_Valuation\images\train\339600070.jpg,408000.0,train
339600090,C:\Users\hiten\Documents\Satellite_Property_Valuation\images\train\339600090.jpg,369950.0,train
345700150,C:\Users\hiten\Documents\Satellite_Property_Valuation\images\train\345700150.jpg,310000.0,train
345700180,C:\Users\hiten\Documents\Satellite_Property_Valuation\images\train\345700180.jpg,250000.0,train
349400100,C:\Users\hiten\Documents\Satellite_Property_Valuation\images\train\349400100.jpg,237500.0,train
366000095,C:\Users\hiten\Documents\Satellite_Property_Valuation\images\train\366000095.jpg,890000.0,train
372000040,C:\Users\hiten\Documents\Satellite_Property_Valuation\images\train\372000040.jpg,304000.0,train
1003400155,C:\Users\hiten\Documents\Satellite_Property_Valuation\images\train\1003400155.jpg,233000.0,train
1003400245,C:\Users\hiten\Documents\Satellite_Property_Valuation\images\train\1003400245.jpg,179950.0,train
1003600080,C:\Users\hiten\Documents\Satellite_Property_Valuation\images\train\1003600080.jpg,245000.0,train
1016000080,C:\Users\hiten\Documents\Satellite_Property_Valuation\images\train\1016000080.jpg,345000.0,train
1021049057,C:\Users\hiten\Documents\Satellite_Property_Valuation\images\train\1021049057.jpg,207000.0,train
1022059123,C:\Users\hiten\Documents\Satellite_Property_Valuation\images\train\1022059123.jpg,250000.0,train
1022059161,C:\Users\hiten\Documents\Satellite_Property_Valuation\images\train\1022059161.jpg,454000.0,train
1024069205,C:\Users\hiten\Documents\Satellite_Property_Valuation\images\train\1024069205.jpg,1175000.0,train
1025039145,C:\Users\hiten\Documents\Satellite_Property_Valuation\images\train\1025039145.jpg,775000.0,train
1025069210,C:\Users\hiten\Documents\Satellite_Property_Valuation\images\train\1025069210.jpg,762500.0,train
1036400200,C:\Users\hiten\Documents\Satellite_Property_Valuation\images\train\1036400200.jpg,661000.0,train
1036450170,C:\Users\hiten\Documents\Satellite_Property_Valuation\images\train\1036450170.jpg,660000.0,train
1036450360,C:\Users\hiten\Documents\Satellite_Property_Valuation\images\train\1036450360.jpg,540000.0,train
1041440360,C:\Users\hiten\Documents\Satellite_Property_Valuation\images\train\1041440360.jpg,299999.0,train
1042500013,C:\Users\hiten\Documents\Satellite_Property_Valuation\images\train\1042500013.jpg,219950.0,train
1042700290,C:\Users\hiten\Documents\Satellite_Property_Valuation\images\train\1042700290.jpg,864327.0,train
1048000160,C:\Users\hiten\Documents\Satellite_Property_Valuation\images\train\1048000160.jpg,504200.0,train
1049010050,C:\Users\hiten\Documents\Satellite_Property_Valuation\images\train\1049010050.jpg,386100.0,train
1062100075,C:\Users\hiten\Documents\Satellite_Property_Valuation\images\train\1062100075.jpg,455000.0,train
1066600090,C:\Users\hiten\Documents\Satellite_Property_Valuation\images\train\1066600090.jpg,519000.0,train
1070000110,C:\Users\hiten\Documents\Satellite_Property_Valuation\images\train\1070000110.jpg,1035290.0,train
1070000180,C:\Users\hiten\Documents\Satellite_Property_Valuation\images\train\1070000180.jpg,1107460.0,train
1077100020,C:\Users\hiten\Documents\Satellite_Property_Valuation\images\train\1077100020.jpg,365000.0,train
1079450410,C:\Users\hiten\Documents\Satellite_Property_Valuation\images\train\1079450410.jpg,450000.0,train
1081200070,C:\Users\hiten\Documents\Satellite_Property_Valuation\images\train\1081200070.jpg,405000.0,train
1081330060,C:\Users\hiten\Documents\Satellite_Property_Valuation\images\train\1081330060.jpg,375000.0,train
1081330180,C:\Users\hiten\Documents\Satellite_Property_Valuation\images\train\1081330180.jpg,627000.0,train
1081330210,C:\Users\hiten\Documents\Satellite_Property_Valuation\images\train\1081330210.jpg,410000.0,train
1081800070,C:\Users\hiten\Documents\Satellite_Property_Valuation\images\train\1081800070.jpg,425000.0,train
1085623350,C:\Users\hiten\Documents\Satellite_Property_Valuation\images\train\1085623350.jpg,460940.0,train
1085623640,C:\Users\hiten\Documents\Satellite_Property_Valuation\images\train\1085623640.jpg,428900.0,train
1087900050,C:\Users\hiten\Documents\Satellite_Property_Valuation\images\train\1087900050.jpg,560000.0,train
1088020070,C:\Users\hiten\Documents\Satellite_Property_Valuation\images\train\1088020070.jpg,645000.0,train
1088700100,C:\Users\hiten\Documents\Satellite_Property_Valuation\images\train\1088700100.jpg,905000.0,train
1088810040,C:\Users\hiten\Documents\Satellite_Property_Valuation\images\train\1088810040.jpg,627250.0,train
1099760470,C:\Users\hiten\Documents\Satellite_Property_Valuation\images\train\1099760470.jpg,161700.0,train
1099900020,C:\Users\hiten\Documents\Satellite_Property_Valuation\images\train\1099900020.jpg,368500.0,train
1099900030,C:\Users\hiten\Documents\Satellite_Property_Valuation\images\train\1099900030.jpg,325000.0,train
1102000196,C:\Users\hiten\Documents\Satellite_Property_Valuation\images\train\1102000196.jpg,477000.0,train
1102000270,C:\Users\hiten\Documents\Satellite_Property_Valuation\images\train\1102000270.jpg,1080000.0,train
1102001112,C:\Users\hiten\Documents\Satellite_Property_Valuation\images\train\1102001112.jpg,802500.0,train
1105000229,C:\Users\hiten\Documents\Satellite_Property_Valuation\images\train\1105000229.jpg,285000.0,train
1109000040,C:\Users\hiten\Documents\Satellite_Property_Valuation\images\train\1109000040.jpg,315000.0,train
1109000175,C:\Users\hiten\Documents\Satellite_Property_Valuation\images\train\1109000175.jpg,370000.0,train
1112700060,C:\Users\hiten\Documents\Satellite_Property_Valuation\images\train\1112700060.jpg,399900.0,train
1115600130,C:\Users\hiten\Documents\Satellite_Property_Valuation\images\train\1115600130.jpg,415000.0,train
1115800110,C:\Users\hiten\Documents\Satellite_Property_Valuation\images\train\1115800110.jpg,524000.0,train
1117200170,C:\Users\hiten\Documents\Satellite_Property_Valuation\images\train\1117200170.jpg,715000.0,train
1118000301,C:\Users\hiten\Documents\Satellite_Property_Valuation\images\train\1118000301.jpg,2890000.0,train
1118000320,C:\Users\hiten\Documents\Satellite_Property_Valuation\images\train\1118000320.jpg,3400000.0,train
1118000465,C:\Users\hiten\Documents\Satellite_Property_Valuation\images\train\1118000465.jpg,1810000.0,train
1118001201,C:\Users\hiten\Documents\Satellite_Property_Valuation\images\train\1118001201.jpg,2300000.0,train
1118001835,C:\Users\hiten\Documents\Satellite_Property_Valuation\images\train\1118001835.jpg,1715000.0,train
1118002000,C:\Users\hiten\Documents\Satellite_Property_Valuation\images\train\1118002000.jpg,2466350.0,train
1121000095,C:\Users\hiten\Documents\Satellite_Property_Valuation\images\train\1121000095.jpg,320000.0,train
1121039059,C:\Users\hiten\Documents\Satellite_Property_Valuation\images\train\1121039059.jpg,503000.0,train
1122059037,C:\Users\hiten\Documents\Satellite_Property_Valuation\images\train\1122059037.jpg,380000.0,train
1124000050,C:\Users\hiten\Documents\Satellite_Property_Valuation\images\train\1124000050.jpg,461000.0,train
1125049140,C:\Users\hiten\Documents\Satellite_Property_Valuation\images\train\1125049140.jpg,1250000.0,train
1125069102,C:\Users\hiten\Documents\Satellite_Property_Valuation\images\train\1125069102.jpg,1250000.0,train
1126049095,C:\Users\hiten\Documents\Satellite_Property_Valuation\images\train\1126049095.jpg,450000.0,train
1126059091,C:\Users\hiten\Documents\Satellite_Property_Valuation\images\train\1126059091.jpg,624000.0,train
1126059095,C:\Users\hiten\Documents\Satellite_Property_Valuation\images\train\1126059095.jpg,880000.0,train
1130000005,C:\Users\hiten\Documents\Satellite_Property_Valuation\images\train\1130000005.jpg,1600000.0,train
1133000050,C:\Users\hiten\Documents\Satellite_Property_Valuation\images\train\1133000050.jpg,362000.0,train
1133000671,C:\Users\hiten\Documents\Satellite_Property_Valuation\images\train\1133000671.jpg,315000.0,train
1133000694,C:\Users\hiten\Documents\Satellite_Property_Valuation\images\train\1133000694.jpg,325000.0,train
1136100087,C:\Users\hiten\Documents\Satellite_Property_Valuation\images\train\1136100087.jpg,818000.0,train
1137300340,C:\Users\hiten\Documents\Satellite_Property_Valuation\images\train\1137300340.jpg,674250.0,train
1137300900,C:\Users\hiten\Documents\Satellite_Property_Valuation\images\train\1137300900.jpg,749950.0,train
1137400460,C:\Users\hiten\Documents\Satellite_Property_Valuation\images\train\1137400460.jpg,455000.0,train
1138000070,C:\Users\hiten\Documents\Satellite_Property_Valuation\images\train\1138000070.jpg,370000.0,train
1138000410,C:\Users\hiten\Documents\Satellite_Property_Valuation\images\train\1138000410.jpg,307500.0,train
1138020200,C:\Users\hiten\Documents\Satellite_Property_Valuation\images\train\1138020200.jpg,435000.0,train
1139000069,C:\Users\hiten\Documents\Satellite_Property_Valuation\images\train\1139000069.jpg,320000.0,train
1139000135,C:\Users\hiten\Documents\Satellite_Property_Valuation\images\train\1139000135.jpg,440000.0,train
1140000050,C:\Users\hiten\Documents\Satellite_Property_Valuation\images\train\1140000050.jpg,215000.0,train
1149600120,C:\Users\hiten\Documents\Satellite_Property_Valuation\images\train\1149600120.jpg,695000.0,train
1149900050,C:\Users\hiten\Documents\Satellite_Property_Valuation\images\train\1149900050.jpg,717000.0,train
1150000200,C:\Users\hiten\Documents\Satellite_Property_Valuation\images\train\1150000200.jpg,640000.0,train
1150000400,C:\Users\hiten\Documents\Satellite_Property_Valuation\images\train\1150000400.jpg,700000.0,train
1150001270,C:\Users\hiten\Documents\Satellite_Property_Valuation\images\train\1150001270.jpg,716000.0,train
1151100010,C:\Users\hiten\Documents\Satellite_Property_Valuation\images\train\1151100010.jpg,280000.0,train
1152600220,C:\Users\hiten\Documents\Satellite_Property_Valuation\images\train\1152600220.jpg,831500.0,train
1152700120,C:\Users\hiten\Documents\Satellite_Property_Valuation\images\train\1152700120.jpg,370000.0,train
1158700100,C:\Users\hiten\Documents\Satellite_Property_Valuation\images\train\1158700100.jpg,575000.0,train
1160000300,C:\Users\hiten\Documents\Satellite_Property_Valuation\images\train\1160000300.jpg,453000.0,train
1164000040,C:\Users\hiten\Documents\Satellite_Property_Valuation\images\train\1164000040.jpg,226800.0,train
1175000570,C:\Users\hiten\Documents\Satellite_Property_Valuation\images\train\1175000570.jpg,530000.0,train
1175001125,C:\Users\hiten\Documents\Satellite_Property_Valuation\images\train\1175001125.jpg,550000.0,train
1175001135,C:\Users\hiten\Documents\Satellite_Property_Valuation\images\train\1175001135.jpg,424000.0,train
1176000964,C:\Users\hiten\Documents\Satellite_Property_Valuation\images\train\1176000964.jpg,638000.0,train
1180000885,C:\Users\hiten\Documents\Satellite_Property_Valuation\images\train\1180000885.jpg,340500.0,train
1180002075,C:\Users\hiten\Documents\Satellite_Property_Valuation\images\train\1180002075.jpg,235000.0,train
1180002378,C:\Users\hiten\Documents\Satellite_Property_Valuation\images\train\1180002378.jpg,299000.0,train
1180003090,C:\Users\hiten\Documents\Satellite_Property_Valuation\images\train\1180003090.jpg,190000.0,train
1180005050,C:\Users\hiten\Documents\Satellite_Property_Valuation\images\train\1180005050.jpg,463000.0,train
1180005280,C:\Users\hiten\Documents\Satellite_Property_Valuation\images\train\1180005280.jpg,239950.0,train
1180007005,C:\Users\hiten\Documents\Satellite_Property_Valuation\images\train\1180007005.jpg,265950.0,train
1180500100,C:\Users\hiten\Documents\Satellite_Property_Valuation\images\train\1180500100.jpg,353000.0,train
1189000030,C:\Users\hiten\Documents\Satellite_Property_Valuation\images\train\1189000030.jpg,650000.0,train
1189000130,C:\Users\hiten\Documents\Satellite_Property_Valuation\images\train\1189000130.jpg,493000.0,train
1189000492,C:\Users\hiten\Documents\Satellite_Property_Valuation\images\train\1189000492.jpg,405000.0,train
1193000450,C:\Users\hiten\Documents\Satellite_Property_Valuation\images\train\1193000450.jpg,825000.0,train
1196002395,C:\Users\hiten\Documents\Satellite_Property_Valuation\images\train\1196002395.jpg,545400.0,train
1217000481,C:\Users\hiten\Documents\Satellite_Property_Valuation\images\train\1217000481.jpg,345000.0,train
1218000195,C:\Users\hiten\Documents\Satellite_Property_Valuation\images\train\1218000195.jpg,420000.0,train
1220000367,C:\Users\hiten\Documents\Satellite_Property_Valuation\images\train\1220000367.jpg,320000.0,train
1220000371,C:\Users\hiten\Documents\Satellite_Property_Valuation\images\train\1220000371.jpg,327500.0,train
1222069089,C:\Users\hiten\Documents\Satellite_Property_Valuation\images\train\1222069089.jpg,375000.0,train
1222069133,C:\Users\hiten\Documents\Satellite_Property_Valuation\images\train\1222069133.jpg,415000.0,train
1222069136,C:\Users\hiten\Documents\Satellite_Property_Valuation\images\train\1222069136.jpg,500000.0,train
1223039195,C:\Users\hiten\Documents\Satellite_Property_Valuation\images\train\1223039195.jpg,465000.0,train
1223039290,C:\Users\hiten\Documents\Satellite_Property_Valuation\images\train\1223039290.jpg,403950.0,train
1231000640,C:\Users\hiten\Documents\Satellite_Property_Valuation\images\train\1231000640.jpg,290000.0,train
1231000645,C:\Users\hiten\Documents\Satellite_Property_Valuation\images\train\1231000645.jpg,846000.0,train
1231001130,C:\Users\hiten\Documents\Satellite_Property_Valuation\images\train\1231001130.jpg,572000.0,train
1232001040,C:\Users\hiten\Documents\Satellite_Property_Valuation\images\train\1232001040.jpg,435000.0,train
1232001070,C:\Users\hiten\Documents\Satellite_Property_Valuation\images\train\1232001070.jpg,485000.0,train
1233100351,C:\Users\hiten\Documents\Satellite_Property_Valuation\images\train\1233100351.jpg,305000.0,train
1233100642,C:\Users\hiten\Documents\Satellite_Property_Valuation\images\train\1233100642.jpg,495000.0,train
1233100710,C:\Users\hiten\Documents\Satellite_Property_Valuation\images\train\1233100710.jpg,909950.0,train
1235700042,C:\Users\hiten\Documents\Satellite_Property_Valuation\images\train\1235700042.jpg,537000.0,train
1237500120,C:\Users\hiten\Documents\Satellite_Property_Valuation\images\train\1237500120.jpg,300000.0,train
1237500720,C:\Users\hiten\Documents\Satellite_Property_Valuation\images\train\1237500720.jpg,275000.0,train
1239400650,C:\Users\hiten\Documents\Satellite_Property_Valuation\images\train\1239400650.jpg,1242000.0,train
1240700170,C:\Users\hiten\Documents\Satellite_Property_Valuation\images\train\1240700170.jpg,1017100.0,train
1241500350,C:\Users\hiten\Documents\Satellite_Property_Valuation\images\train\1241500350.jpg,830000.0,train
1245001220,C:\Users\hiten\Documents\Satellite_Property_Valuation\images\train\1245001220.jpg,749000.0,train
1245003220,C:\Users\hiten\Documents\Satellite_Property_Valuation\images\train\1245003220.jpg,1205000.0,train
1245003330,C:\Users\hiten\Documents\Satellite_Property_Valuation\images\train\1245003330.jpg,1260000.0,train
1245003660,C:\Users\hiten\Documents\Satellite_Property_Valuation\images\train\1245003660.jpg,630000.0,train
1245500099,C:\Users\hiten\Documents\Satellite_Property_Valuation\images\train\1245500099.jpg,702000.0,train
1245500250,C:\Users\hiten\Documents\Satellite_Property_Valuation\images\train\1245500250.jpg,555500.0,train
1245500276,C:\Users\hiten\Documents\Satellite_Property_Valuation\images\train\1245500276.jpg,718000.0,train
1245500691,C:\Users\hiten\Documents\Satellite_Property_Valuation\images\train\1245500691.jpg,500000.0,train
1250200414,C:\Users\hiten\Documents\Satellite_Property_Valuation\images\train\1250200414.jpg,365000.0,train
1250200495,C:\Users\hiten\Documents\Satellite_Property_Valuation\images\train\1250200495.jpg,455000.0,train
1250200605,C:\Users\hiten\Documents\Satellite_Property_Valuation\images\train\1250200605.jpg,350000.0,train
1250202255,C:\Users\hiten\Documents\Satellite_Property_Valuation\images\train\1250202255.jpg,647500.0,train
1250202285,C:\Users\hiten\Documents\Satellite_Property_Valuation\images\train\1250202285.jpg,908800.0,train
1250202324,C:\Users\hiten\Documents\Satellite_Property_Valuation\images\train\1250202324.jpg,610000.0,train
1250203135,C:\Users\hiten\Documents\Satellite_Property_Valuation\images\train\1250203135.jpg,725000.0,train
1250203335,C:\Users\hiten\Documents\Satellite_Property_Valuation\images\train\1250203335.jpg,1050000.0,train
1250204835,C:\Users\hiten\Documents\Satellite_Property_Valuation\images\train\1250204835.jpg,1240000.0,train
1253200290,C:\Users\hiten\Documents\Satellite_Property_Valuation\images\train\1253200290.jpg,265000.0,train
1257200290,C:\Users\hiten\Documents\Satellite_Property_Valuation\images\train\1257200290.jpg,910000.0,train
1257201130,C:\Users\hiten\Documents\Satellite_Property_Valuation\images\train\1257201130.jpg,1015000.0,train
1257201530,C:\Users\hiten\Documents\Satellite_Property_Valuation\images\train\1257201530.jpg,620000.0,train
1266200130,C:\Users\hiten\Documents\Satellite_Property_Valuation\images\train\1266200130.jpg,650000.0,train
1270000040,C:\Users\hiten\Documents\Satellite_Property_Valuation\images\train\1270000040.jpg,520000.0,train
1274500060,C:\Users\hiten\Documents\Satellite_Property_Valuation\images\train\1274500060.jpg,204000.0,train
1274500420,C:\Users\hiten\Documents\Satellite_Property_Valuation\images\train\1274500420.jpg,234000.0,train
1282300105,C:\Users\hiten\Documents\Satellite_Property_Valuation\images\train\1282300105.jpg,317000.0,train
1310430130,C:\Users\hiten\Documents\Satellite_Property_Valuation\images\train\1310430130.jpg,459000.0,train
1310900610,C:\Users\hiten\Documents\Satellite_Property_Valuation\images\train\1310900610.jpg,336000.0,train
1310960190,C:\Users\hiten\Documents\Satellite_Property_Valuation\images\train\1310960190.jpg,263000.0,train
1310960220,C:\Users\hiten\Documents\Satellite_Property_Valuation\images\train\1310960220.jpg,280927.0,train
1311030430,C:\Users\hiten\Documents\Satellite_Property_Valuation\images\train\1311030430.jpg,1000000.0,train
1311200120,C:\Users\hiten\Documents\Satellite_Property_Valuation\images\train\1311200120.jpg,225000.0,train
1311800040,C:\Users\hiten\Documents\Satellite_Property_Valuation\images\train\1311800040.jpg,260000.0,train
1311900240,C:\Users\hiten\Documents\Satellite_Property_Valuation\images\train\1311900240.jpg,226500.0,train
1312900180,C:\Users\hiten\Documents\Satellite_Property_Valuation\images\train\1312900180.jpg,225000.0,train
1313000240,C:\Users\hiten\Documents\Satellite_Property_Valuation\images\train\1313000240.jpg,708000.0,train
1313000710,C:\Users\hiten\Documents\Satellite_Property_Valuation\images\train\1313000710.jpg,652000.0,train
1313500070,C:\Users\hiten\Documents\Satellite_Property_Valuation\images\train\1313500070.jpg,249000.0,train
1320069249,C:\Users\hiten\Documents\Satellite_Property_Valuation\images\train\1320069249.jpg,192500.0,train
1320069255,C:\Users\hiten\Documents\Satellite_Property_Valuation\images\train\1320069255.jpg,199000.0,train
1321720140,C:\Users\hiten\Documents\Satellite_Property_Valuation\images\train\1321720140.jpg,370000.0,train
1321720160,C:\Users\hiten\Documents\Satellite_Property_Valuation\images\train\1321720160.jpg,510000.0,train
1321730470,C:\Users\hiten\Documents\Satellite_Property_Valuation\images\train\1321730470.jpg,265000.0,train
1322049150,C:\Users\hiten\Documents\Satellite_Property_Valuation\images\train\1322049150.jpg,85000.0,train
1324300018,C:\Users\hiten\Documents\Satellite_Property_Valuation\images\train\1324300018.jpg,476000.0,train
1325059083,C:\Users\hiten\Documents\Satellite_Property_Valuation\images\train\1325059083.jpg,830000.0,train
1326059070,C:\Users\hiten\Documents\Satellite_Property_Valuation\images\train\1326059070.jpg,390000.0,train
1327600150,C:\Users\hiten\Documents\Satellite_Property_Valuation\images\train\1327600150.jpg,359950.0,train
1328300820,C:\Users\hiten\Documents\Satellite_Property_Valuation\images\train\1328300820.jpg,329000.0,train
1328310440,C:\Users\hiten\Documents\Satellite_Property_Valuation\images\train\1328310440.jpg,356000.0,train
1328330590,C:\Users\hiten\Documents\Satellite_Property_Valuation\images\train\1328330590.jpg,346500.0,train
1328330780,C:\Users\hiten\Documents\Satellite_Property_Valuation\images\train\1328330780.jpg,329950.0,train
1328340120,C:\Users\hiten\Documents\Satellite_Property_Valuation\images\train\1328340120.jpg,315000.0,train
1332000100,C:\Users\hiten\Documents\Satellite_Property_Valuation\images\train\1332000100.jpg,685000.0,train
1332000110,C:\Users\hiten\Documents\Satellite_Property_Valuation\images\train\1332000110.jpg,635000.0,train
1332200100,C:\Users\hiten\Documents\Satellite_Property_Valuation\images\train\1332200100.jpg,393000.0,train
1332200130,C:\Users\hiten\Documents\Satellite_Property_Valuation\images\train\1332200130.jpg,324950.0,train
1333300145,C:\Users\hiten\Documents\Satellite_Property_Valuation\images\train\1333300145.jpg,2225000.0,train
1336800015,C:\Users\hiten\Documents\Satellite_Property_Valuation\images\train\1336800015.jpg,1506000.0,train
1337300070,C:\Users\hiten\Documents\Satellite_Property_Valuation\images\train\1337300070.jpg,1315000.0,train
1337800045,C:\Users\hiten\Documents\Satellite_Property_Valuation\images\train\1337800045.jpg,625000.0,train
1338300555,C:\Users\hiten\Documents\Satellite_Property_Valuation\images\train\1338300555.jpg,1225000.0,train
1338600090,C:\Users\hiten\Documents\Satellite_Property_Valuation\images\train\1338600090.jpg,370000.0,train
1338600175,C:\Users\hiten\Documents\Satellite_Property_Valuation\images\train\1338600175.jpg,940000.0,train
1338800430,C:\Users\hiten\Documents\Satellite_Property_Valuation\images\train\1338800430.jpg,950000.0,train
1338800785,C:\Users\hiten\Documents\Satellite_Property_Valuation\images\train\1338800785.jpg,1234000.0,train
1344300045,C:\Users\hiten\Documents\Satellite_Property_Valuation\images\train\1344300045.jpg,500000.0,train
1346300035,C:\Users\hiten\Documents\Satellite_Property_Valuation\images\train\1346300035.jpg,1990000.0,train
1370801435,C:\Users\hiten\Documents\Satellite_Property_Valuation\images\train\1370801435.jpg,1070000.0,train
1370801440,C:\Users\hiten\Documents\Satellite_Property_Valuation\images\train\1370801440.jpg,1400000.0,train
1370801800,C:\Users\hiten\Documents\Satellite_Property_Valuation\images\train\1370801800.jpg,924000.0,train
1370802335,C:\Users\hiten\Documents\Satellite_Property_Valuation\images\train\1370802335.jpg,1015000.0,train
1370803640,C:\Users\hiten\Documents\Satellite_Property_Valuation\images\train\1370803640.jpg,619790.0,train
1370803820,C:\Users\hiten\Documents\Satellite_Property_Valuation\images\train\1370803820.jpg,629000.0,train
1370803835,C:\Users\hiten\Documents\Satellite_Property_Valuation\images\train\1370803835.jpg,705000.0,train
1370803925,C:\Users\hiten\Documents\Satellite_Property_Valuation\images\train\1370803925.jpg,535000.0,train
1370803940,C:\Users\hiten\Documents\Satellite_Property_Valuation\images\train\1370803940.jpg,485000.0,train
1370804115,C:\Users\hiten\Documents\Satellite_Property_Valuation\images\train\1370804115.jpg,515000.0,train
1370804446,C:\Users\hiten\Documents\Satellite_Property_Valuation\images\train\1370804446.jpg,604000.0,train
1370804461,C:\Users\hiten\Documents\Satellite_Property_Valuation\images\train\1370804461.jpg,565000.0,train
1373800170,C:\Users\hiten\Documents\Satellite_Property_Valuation\images\train\1373800170.jpg,972000.0,train
1376800025,C:\Users\hiten\Documents\Satellite_Property_Valuation\images\train\1376800025.jpg,834500.0,train
1377800277,C:\Users\hiten\Documents\Satellite_Property_Valuation\images\train\1377800277.jpg,696000.0,train
1383800015,C:\Users\hiten\Documents\Satellite_Property_Valuation\images\train\1383800015.jpg,524000.0,train
1387300570,C:\Users\hiten\Documents\Satellite_Property_Valuation\images\train\1387300570.jpg,401000.0,train
1387300760,C:\Users\hiten\Documents\Satellite_Property_Valuation\images\train\1387300760.jpg,385000.0,train
1387301350,C:\Users\hiten\Documents\Satellite_Property_Valuation\images\train\1387301350.jpg,402000.0,train
1388600070,C:\Users\hiten\Documents\Satellite_Property_Valuation\images\train\1388600070.jpg,294400.0,train
1397300055,C:\Users\hiten\Documents\Satellite_Property_Valuation\images\train\1397300055.jpg,268500.0,train
1400300055,C:\Users\hiten\Documents\Satellite_Property_Valuation\images\train\1400300055.jpg,425000.0,train
1402000070,C:\Users\hiten\Documents\Satellite_Property_Valuation\images\train\1402000070.jpg,390000.0,train
1402660150,C:\Users\hiten\Documents\Satellite_Property_Valuation\images\train\1402660150.jpg,412000.0,train
1402700170,C:\Users\hiten\Documents\Satellite_Property_Valuation\images\train\1402700170.jpg,414000.0,train
1402810140,C:\Users\hiten\Documents\Satellite_Property_Valuation\images\train\1402810140.jpg,300000.0,train
1402950100,C:\Users\hiten\Documents\Satellite_Property_Valuation\images\train\1402950100.jpg,305000.0,train
1402950240,C:\Users\hiten\Documents\Satellite_Property_Valuation\images\train\1402950240.jpg,300000.0,train
1402950550,C:\Users\hiten\Documents\Satellite_Property_Valuation\images\train\1402950550.jpg,332000.0,train
1419700270,C:\Users\hiten\Documents\Satellite_Property_Valuation\images\train\1419700270.jpg,503000.0,train
1420700030,C:\Users\hiten\Documents\Satellite_Property_Valuation\images\train\1420700030.jpg,597157.0,train
1421039067,C:\Users\hiten\Documents\Satellite_Property_Valuation\images\train\1421039067.jpg,218000.0,train
1422029117,C:\Users\hiten\Documents\Satellite_Property_Valuation\images\train\1422029117.jpg,319000.0,train
1422059039,C:\Users\hiten\Documents\Satellite_Property_Valuation\images\train\1422059039.jpg,455000.0,train
1422200090,C:\Users\hiten\Documents\Satellite_Property_Valuation\images\train\1422200090.jpg,676500.0,train
1423049019,C:\Users\hiten\Documents\Satellite_Property_Valuation\images\train\1423049019.jpg,220000.0,train
1423069077,C:\Users\hiten\Documents\Satellite_Property_Valuation\images\train\1423069077.jpg,570000.0,train
1423069095,C:\Users\hiten\Documents\Satellite_Property_Valuation\images\train\1423069095.jpg,600000.0,train
1423089118,C:\Users\hiten\Documents\Satellite_Property_Valuation\images\train\1423089118.jpg,494000.0,train
1423089162,C:\Users\hiten\Documents\Satellite_Property_Valuation\images\train\1423089162.jpg,415900.0,train
1423200110,C:\Users\hiten\Documents\Satellite_Property_Valuation\images\train\1423200110.jpg,180000.0,train
1423400005,C:\Users\hiten\Documents\Satellite_Property_Valuation\images\train\1423400005.jpg,249950.0,train
1423400160,C:\Users\hiten\Documents\Satellite_Property_Valuation\images\train\1423400160.jpg,230000.0,train
1423700680,C:\Users\hiten\Documents\Satellite_Property_Valuation\images\train\1423700680.jpg,190000.0,train
1423900080,C:\Users\hiten\Documents\Satellite_Property_Valuation\images\train\1423900080.jpg,260000.0,train
1425039029,C:\Users\hiten\Documents\Satellite_Property_Valuation\images\train\1425039029.jpg,1230000.0,train
1425069071,C:\Users\hiten\Documents\Satellite_Property_Valuation\images\train\1425069071.jpg,875000.0,train
1426049083,C:\Users\hiten\Documents\Satellite_Property_Valuation\images\train\1426049083.jpg,830000.0,train
1427300120,C:\Users\hiten\Documents\Satellite_Property_Valuation\images\train\1427300120.jpg,419000.0,train
1432400095,C:\Users\hiten\Documents\Satellite_Property_Valuation\images\train\1432400095.jpg,175000.0,train
1432700880,C:\Users\hiten\Documents\Satellite_Property_Valuation\images\train\1432700880.jpg,280000.0,train
1432900350,C:\Users\hiten\Documents\Satellite_Property_Valuation\images\train\1432900350.jpg,215000.0,train
1437900350,C:\Users\hiten\Documents\Satellite_Property_Valuation\images\train\1437900350.jpg,387000.0,train
1438000120,C:\Users\hiten\Documents\Satellite_Property_Valuation\images\train\1438000120.jpg,542525.0,train
1438000390,C:\Users\hiten\Documents\Satellite_Property_Valuation\images\train\1438000390.jpg,469995.0,train
1438700040,C:\Users\hiten\Documents\Satellite_Property_Valuation\images\train\1438700040.jpg,1321620.0,train
1441000470,C:\Users\hiten\Documents\Satellite_Property_Valuation\images\train\1441000470.jpg,458000.0,train
1441600020,C:\Users\hiten\Documents\Satellite_Property_Valuation\images\train\1441600020.jpg,960000.0,train
1441800030,C:\Users\hiten\Documents\Satellite_Property_Valuation\images\train\1441800030.jpg,395000.0,train
1442700360,C:\Users\hiten\Documents\Satellite_Property_Valuation\images\train\1442700360.jpg,428000.0,train
1442740140,C:\Users\hiten\Documents\Satellite_Property_Valuation\images\train\1442740140.jpg,370000.0,train
1442800370,C:\Users\hiten\Documents\Satellite_Property_Valuation\images\train\1442800370.jpg,189950.0,train
1442880570,C:\Users\hiten\Documents\Satellite_Property_Valuation\images\train\1442880570.jpg,505657.0,train
1443500120,C:\Users\hiten\Documents\Satellite_Property_Valuation\images\train\1443500120.jpg,310000.0,train
1443500905,C:\Users\hiten\Documents\Satellite_Property_Valuation\images\train\1443500905.jpg,219950.0,train
1445200050,C:\Users\hiten\Documents\Satellite_Property_Valuation\images\train\1445200050.jpg,250000.0,train
1445200110,C:\Users\hiten\Documents\Satellite_Property_Valuation\images\train\1445200110.jpg,275000.0,train
1446400564,C:\Users\hiten\Documents\Satellite_Property_Valuation\images\train\1446400564.jpg,185000.0,train
1446401460,C:\Users\hiten\Documents\Satellite_Property_Valuation\images\train\1446401460.jpg,122000.0,train
1446401550,C:\Users\hiten\Documents\Satellite_Property_Valuation\images\train\1446401550.jpg,225000.0,train
1446403850,C:\Users\hiten\Documents\Satellite_Property_Valuation\images\train\1446403850.jpg,212000.0,train
1446404015,C:\Users\hiten\Documents\Satellite_Property_Valuation\images\train\1446404015.jpg,200000.0,train
1449000260,C:\Users\hiten\Documents\Satellite_Property_Valuation\images\train\1449000260.jpg,493000.0,train
1450100020,C:\Users\hiten\Documents\Satellite_Property_Valuation\images\train\1450100020.jpg,208000.0,train
1454100005,C:\Users\hiten\Documents\Satellite_Property_Valuation\images\train\1454100005.jpg,350000.0,train
1454100010,C:\Users\hiten\Documents\Satellite_Property_Valuation\images\train\1454100010.jpg,338500.0,train
1454100260,C:\Users\hiten\Documents\Satellite_Property_Valuation\images\train\1454100260.jpg,357000.0,train
1455100116,C:\Users\hiten\Documents\Satellite_Property_Valuation\images\train\1455100116.jpg,397500.0,train
1463400047,C:\Users\hiten\Documents\Satellite_Property_Valuation\images\train\1463400047.jpg,335000.0,train
1467400095,C:\Users\hiten\Documents\Satellite_Property_Valuation\images\train\1467400095.jpg,545000.0,train
1471610070,C:\Users\hiten\Documents\Satellite_Property_Valuation\images\train\1471610070.jpg,350000.0,train
1471630350,C:\Users\hiten\Documents\Satellite_Property_Valuation\images\train\1471630350.jpg,372500.0,train
1472800220,C:\Users\hiten\Documents\Satellite_Property_Valuation\images\train\1472800220.jpg,463000.0,train
1473120140,C:\Users\hiten\Documents\Satellite_Property_Valuation\images\train\1473120140.jpg,460000.0,train
1473200150,C:\Users\hiten\Documents\Satellite_Property_Valuation\images\train\1473200150.jpg,315000.0,train
1473200170,C:\Users\hiten\Documents\Satellite_Property_Valuation\images\train\1473200170.jpg,305000.0,train
1483300570,C:\Users\hiten\Documents\Satellite_Property_Valuation\images\train\1483300570.jpg,905000.0,train
1493300115,C:\Users\hiten\Documents\Satellite_Property_Valuation\images\train\1493300115.jpg,415000.0,train
1498302783,C:\Users\hiten\Documents\Satellite_Property_Valuation\images\train\1498302783.jpg,333000.0,train
1498303895,C:\Users\hiten\Documents\Satellite_Property_Valuation\images\train\1498303895.jpg,630000.0,train
1504800097,C:\Users\hiten\Documents\Satellite_Property_Valuation\images\train\1504800097.jpg,513000.0,train
1509500160,C:\Users\hiten\Documents\Satellite_Property_Valuation\images\train\1509500160.jpg,350900.0,train
1513800036,C:\Users\hiten\Documents\Satellite_Property_Valuation\images\train\1513800036.jpg,799000.0,train
1513800080,C:\Users\hiten\Documents\Satellite_Property_Valuation\images\train\1513800080.jpg,598000.0,train
1515920090,C:\Users\hiten\Documents\Satellite_Property_Valuation\images\train\1515920090.jpg,350000.0,train
1518000080,C:\Users\hiten\Documents\Satellite_Property_Valuation\images\train\1518000080.jpg,325000.0,train
1523059239,C:\Users\hiten\Documents\Satellite_Property_Valuation\images\train\1523059239.jpg,475000.0,train
1523069072,C:\Users\hiten\Documents\Satellite_Property_Valuation\images\train\1523069072.jpg,575000.0,train
1523069095,C:\Users\hiten\Documents\Satellite_Property_Valuation\images\train\1523069095.jpg,240000.0,train
1523069197,C:\Users\hiten\Documents\Satellite_Property_Valuation\images\train\1523069197.jpg,379880.0,train
1523089012,C:\Users\hiten\Documents\Satellite_Property_Valuation\images\train\1523089012.jpg,365000.0,train
1523560030,C:\Users\hiten\Documents\Satellite_Property_Valuation\images\train\1523560030.jpg,689000.0,train
1524069044,C:\Users\hiten\Documents\Satellite_Property_Valuation\images\train\1524069044.jpg,1822500.0,train
1524079093,C:\Users\hiten\Documents\Satellite_Property_Valuation\images\train\1524079093.jpg,369500.0,train
1525059074,C:\Users\hiten\Documents\Satellite_Property_Valuation\images\train\1525059074.jpg,850000.0,train
1525059165,C:\Users\hiten\Documents\Satellite_Property_Valuation\images\train\1525059165.jpg,835000.0,train
1525059190,C:\Users\hiten\Documents\Satellite_Property_Valuation\images\train\1525059190.jpg,1040000.0,train
1525059215,C:\Users\hiten\Documents\Satellite_Property_Valuation\images\train\1525059215.jpg,815000.0,train
1525059261,C:\Users\hiten\Documents\Satellite_Property_Valuation\images\train\1525059261.jpg,1900000.0,train
1525069058,C:\Users\hiten\Documents\Satellite_Property_Valuation\images\train\1525069058.jpg,568000.0,train
1525069088,C:\Users\hiten\Documents\Satellite_Property_Valuation\images\train\1525069088.jpg,442500.0,train
1526059051,C:\Users\hiten\Documents\Satellite_Property_Valuation\images\train\1526059051.jpg,995000.0,train
1529300115,C:\Users\hiten\Documents\Satellite_Property_Valuation\images\train\1529300115.jpg,455000.0,train
1530900560,C:\Users\hiten\Documents\Satellite_Property_Valuation\images\train\1530900560.jpg,385000.0,train
1531000030,C:\Users\hiten\Documents\Satellite_Property_Valuation\images\train\1531000030.jpg,720000.0,train
1532300155,C:\Users\hiten\Documents\Satellite_Property_Valuation\images\train\1532300155.jpg,425000.0,train
1541700010,C:\Users\hiten\Documents\Satellite_Property_Valuation\images\train\1541700010.jpg,315000.0,train
1545800710,C:\Users\hiten\Documents\Satellite_Property_Valuation\images\train\1545800710.jpg,258000.0,train
1545800730,C:\Users\hiten\Documents\Satellite_Property_Valuation\images\train\1545800730.jpg,269950.0,train
1545802100,C:\Users\hiten\Documents\Satellite_Property_Valuation\images\train\1545802100.jpg,272450.0,train
1545803340,C:\Users\hiten\Documents\Satellite_Property_Valuation\images\train\1545803340.jpg,269000.0,train
1545803520,C:\Users\hiten\Documents\Satellite_Property_Valuation\images\train\1545803520.jpg,251000.0,train
1545804860,C:\Users\hiten\Documents\Satellite_Property_Valuation\images\train\1545804860.jpg,275000.0,train
1545806720,C:\Users\hiten\Documents\Satellite_Property_Valuation\images\train\1545806720.jpg,254950.0,train
1545808110,C:\Users\hiten\Documents\Satellite_Property_Valuation\images\train\1545808110.jpg,250000.0,train
1545808560,C:\Users\hiten\Documents\Satellite_Property_Valuation\images\train\1545808560.jpg,245000.0,train
1545808960,C:\Users\hiten\Documents\Satellite_Property_Valuation\images\train\1545808960.jpg,237500.0,train
1546600230,C:\Users\hiten\Documents\Satellite_Property_Valuation\images\train\1546600230.jpg,726000.0,train
1550000463,C:\Users\hiten\Documents\Satellite_Property_Valuation\images\train\1550000463.jpg,637000.0,train
1551500130,C:\Users\hiten\Documents\Satellite_Property_Valuation\images\train\1551500130.jpg,180000.0,train
1555200590,C:\Users\hiten\Documents\Satellite_Property_Valuation\images\train\1555200590.jpg,206000.0,train
1555300530,C:\Users\hiten\Documents\Satellite_Property_Valuation\images\train\1555300530.jpg,240000.0,train
1558100398,C:\Users\hiten\Documents\Satellite_Property_Valuation\images\train\1558100398.jpg,350000.0,train
1558500050,C:\Users\hiten\Documents\Satellite_Property_Valuation\images\train\1558500050.jpg,435000.0,train
1559900200,C:\Users\hiten\Documents\Satellite_Property_Valuation\images\train\1559900200.jpg,382000.0,train
1560800110,C:\Users\hiten\Documents\Satellite_Property_Valuation\images\train\1560800110.jpg,580000.0,train
1560800150,C:\Users\hiten\Documents\Satellite_Property_Valuation\images\train\1560800150.jpg,450000.0,train
1560870040,C:\Users\hiten\Documents\Satellite_Property_Valuation\images\train\1560870040.jpg,395000.0,train
1560870470,C:\Users\hiten\Documents\Satellite_Property_Valuation\images\train\1560870470.jpg,300000.0,train
1561600095,C:\Users\hiten\Documents\Satellite_Property_Valuation\images\train\1561600095.jpg,1058000.0,train
1561900180,C:\Users\hiten\Documents\Satellite_Property_Valuation\images\train\1561900180.jpg,395000.0,train
1562000120,C:\Users\hiten\Documents\Satellite_Property_Valuation\images\train\1562000120.jpg,660000.0,train
1562100340,C:\Users\hiten\Documents\Satellite_Property_Valuation\images\train\1562100340.jpg,295000.0,train
1562200240,C:\Users\hiten\Documents\Satellite_Property_Valuation\images\train\1562200240.jpg,550000.0,train
1562200380,C:\Users\hiten\Documents\Satellite_Property_Valuation\images\train\1562200380.jpg,560000.0,train
1565900390,C:\Users\hiten\Documents\Satellite_Property_Valuation\images\train\1565900390.jpg,272000.0,train
1565950260,C:\Users\hiten\Documents\Satellite_Property_Valuation\images\train\1565950260.jpg,349950.0,train
1566100450,C:\Users\hiten\Documents\Satellite_Property_Valuation\images\train\1566100450.jpg,505000.0,train
1566100595,C:\Users\hiten\Documents\Satellite_Property_Valuation\images\train\1566100595.jpg,300000.0,train
1568100060,C:\Users\hiten\Documents\Satellite_Property_Valuation\images\train\1568100060.jpg,355000.0,train
1568100087,C:\Users\hiten\Documents\Satellite_Property_Valuation\images\train\1568100087.jpg,320000.0,train
1568100300,C:\Users\hiten\Documents\Satellite_Property_Valuation\images\train\1568100300.jpg,350000.0,train
1568100386,C:\Users\hiten\Documents\Satellite_Property_Valuation\images\train\1568100386.jpg,370000.0,train
1588600110,C:\Users\hiten\Documents\Satellite_Property_Valuation\images\train\1588600110.jpg,450000.0,train
1591600307,C:\Users\hiten\Documents\Satellite_Property_Valuation\images\train\1591600307.jpg,360000.0,train
1591600676,C:\Users\hiten\Documents\Satellite_Property_Valuation\images\train\1591600676.jpg,246000.0,train
1593000690,C:\Users\hiten\Documents\Satellite_Property_Valuation\images\train\1593000690.jpg,315000.0,train
1596600024,C:\Users\hiten\Documents\Satellite_Property_Valuation\images\train\1596600024.jpg,550000.0,train
1604600540,C:\Users\hiten\Documents\Satellite_Property_Valuation\images\train\1604600540.jpg,450000.0,train
1604600660,C:\Users\hiten\Documents\Satellite_Property_Valuation\images\train\1604600660.jpg,350000.0,train
1604601572,C:\Users\hiten\Documents\Satellite_Property_Valuation\images\train\1604601572.jpg,345000.0,train
1604601801,C:\Users\hiten\Documents\Satellite_Property_Valuation\images\train\1604601801.jpg,539000.0,train
1604601803,C:\Users\hiten\Documents\Satellite_Property_Valuation\images\train\1604601803.jpg,525000.0,train
1607100038,C:\Users\hiten\Documents\Satellite_Property_Valuation\images\train\1607100038.jpg,500000.0,train
1623049133,C:\Users\hiten\Documents\Satellite_Property_Valuation\images\train\1623049133.jpg,205000.0,train
1623049145,C:\Users\hiten\Documents\Satellite_Property_Valuation\images\train\1623049145.jpg,210000.0,train
1623049241,C:\Users\hiten\Documents\Satellite_Property_Valuation\images\train\1623049241.jpg,335000.0,train
1623089086,C:\Users\hiten\Documents\Satellite_Property_Valuation\images\train\1623089086.jpg,760000.0,train
1623089165,C:\Users\hiten\Documents\Satellite_Property_Valuation\images\train\1623089165.jpg,920000.0,train
1623300055,C:\Users\hiten\Documents\Satellite_Property_Valuation\images\train\1623300055.jpg,823000.0,train
1623300325,C:\Users\hiten\Documents\Satellite_Property_Valuation\images\train\1623300325.jpg,999000.0,train
1623800300,C:\Users\hiten\Documents\Satellite_Property_Valuation\images\train\1623800300.jpg,499000.0,train
1624049087,C:\Users\hiten\Documents\Satellite_Property_Valuation\images\train\1624049087.jpg,635000.0,train
1624049092,C:\Users\hiten\Documents\Satellite_Property_Valuation\images\train\1624049092.jpg,255000.0,train
1624059093,C:\Users\hiten\Documents\Satellite_Property_Valuation\images\train\1624059093.jpg,570000.0,train
1624059219,C:\Users\hiten\Documents\Satellite_Property_Valuation\images\train\1624059219.jpg,850000.0,train
1626069198,C:\Users\hiten\Documents\Satellite_Property_Valuation\images\train\1626069198.jpg,450000.0,train
1626069253,C:\Users\hiten\Documents\Satellite_Property_Valuation\images\train\1626069253.jpg,483500.0,train
1626079132,C:\Users\hiten\Documents\Satellite_Property_Valuation\images\train\1626079132.jpg,499500.0,train
1644510040,C:\Users\hiten\Documents\Satellite_Property_Valuation\images\train\1644510040.jpg,681716.0,train
1646500785,C:\Users\hiten\Documents\Satellite_Property_Valuation\images\train\1646500785.jpg,499000.0,train
1651800010,C:\Users\hiten\Documents\Satellite_Property_Valuation\images\train\1651800010.jpg,1300000.0,train
1656600280,C:\Users\hiten\Documents\Satellite_Property_Valuation\images\train\1656600280.jpg,655000.0,train
1657300270,C:\Users\hiten\Documents\Satellite_Property_Valuation\images\train\1657300270.jpg,433495.0,train
1657310170,C:\Users\hiten\Documents\Satellite_Property_Valuation\images\train\1657310170.jpg,302000.0,train
1657530450,C:\Users\hiten\Documents\Satellite_Property_Valuation\images\train\1657530450.jpg,289950.0,train
1670400068,C:\Users\hiten\Documents\Satellite_Property_Valuation\images\train\1670400068.jpg,206000.0,train
1672000020,C:\Users\hiten\Documents\Satellite_Property_Valuation\images\train\1672000020.jpg,711800.0,train
1682000280,C:\Users\hiten\Documents\Satellite_Property_Valuation\images\train\1682000280.jpg,240000.0,train
1685200110,C:\Users\hiten\Documents\Satellite_Property_Valuation\images\train\1685200110.jpg,225000.0,train
1687900170,C:\Users\hiten\Documents\Satellite_Property_Valuation\images\train\1687900170.jpg,648000.0,train
1689401230,C:\Users\hiten\Documents\Satellite_Property_Valuation\images\train\1689401230.jpg,1355000.0,train
1689401526,C:\Users\hiten\Documents\Satellite_Property_Valuation\images\train\1689401526.jpg,605000.0,train
1692900110,C:\Users\hiten\Documents\Satellite_Property_Valuation\images\train\1692900110.jpg,1125000.0,train
1698900075,C:\Users\hiten\Documents\Satellite_Property_Valuation\images\train\1698900075.jpg,740000.0,train
1702901180,C:\Users\hiten\Documents\Satellite_Property_Valuation\images\train\1702901180.jpg,665000.0,train
1702901485,C:\Users\hiten\Documents\Satellite_Property_Valuation\images\train\1702901485.jpg,440000.0,train
1703401110,C:\Users\hiten\Documents\Satellite_Property_Valuation\images\train\1703401110.jpg,292000.0,train
1704900180,C:\Users\hiten\Documents\Satellite_Property_Valuation\images\train\1704900180.jpg,430000.0,train
1708400595,C:\Users\hiten\Documents\Satellite_Property_Valuation\images\train\1708400595.jpg,360000.0,train
1721069036,C:\Users\hiten\Documents\Satellite_Property_Valuation\images\train\1721069036.jpg,412000.0,train
1721801161,C:\Users\hiten\Documents\Satellite_Property_Valuation\images\train\1721801161.jpg,236000.0,train
1722049154,C:\Users\hiten\Documents\Satellite_Property_Valuation\images\train\1722049154.jpg,538250.0,train
1722059021,C:\Users\hiten\Documents\Satellite_Property_Valuation\images\train\1722059021.jpg,336500.0,train
1722059235,C:\Users\hiten\Documents\Satellite_Property_Valuation\images\train\1722059235.jpg,304900.0,train
1722069052,C:\Users\hiten\Documents\Satellite_Property_Valuation\images\train\1722069052.jpg,565000.0,train
1722800835,C:\Users\hiten\Documents\Satellite_Property_Valuation\images\train\1722800835.jpg,252500.0,train
1723049008,C:\Users\hiten\Documents\Satellite_Property_Valuation\images\train\1723049008.jpg,200000.0,train
1723049270,C:\Users\hiten\Documents\Satellite_Property_Valuation\images\train\1723049270.jpg,340500.0,train
1723059050,C:\Users\hiten\Documents\Satellite_Property_Valuation\images\train\1723059050.jpg,290300.0,train
1724069043,C:\Users\hiten\Documents\Satellite_Property_Valuation\images\train\1724069043.jpg,739888.0,train
1724069059,C:\Users\hiten\Documents\Satellite_Property_Valuation\images\train\1724069059.jpg,2000000.0,train
1724069062,C:\Users\hiten\Documents\Satellite_Property_Valuation\images\train\1724069062.jpg,1365000.0,train
1726069179,C:\Users\hiten\Documents\Satellite_Property_Valuation\images\train\1726069179.jpg,432000.0,train
1727500010,C:\Users\hiten\Documents\Satellite_Property_Valuation\images\train\1727500010.jpg,354000.0,train
1727500280,C:\Users\hiten\Documents\Satellite_Property_Valuation\images\train\1727500280.jpg,480000.0,train
1727500340,C:\Users\hiten\Documents\Satellite_Property_Valuation\images\train\1727500340.jpg,397500.0,train
1727510030,C:\Users\hiten\Documents\Satellite_Property_Valuation\images\train\1727510030.jpg,530000.0,train
1732800199,C:\Users\hiten\Documents\Satellite_Property_Valuation\images\train\1732800199.jpg,935000.0,train
1736100090,C:\Users\hiten\Documents\Satellite_Property_Valuation\images\train\1736100090.jpg,339888.0,train
1737300110,C:\Users\hiten\Documents\Satellite_Property_Valuation\images\train\1737300110.jpg,434000.0,train
1737320120,C:\Users\hiten\Documents\Satellite_Property_Valuation\images\train\1737320120.jpg,470000.0,train
1741700040,C:\Users\hiten\Documents\Satellite_Property_Valuation\images\train\1741700040.jpg,725000.0,train
1753500100,C:\Users\hiten\Documents\Satellite_Property_Valuation\images\train\1753500100.jpg,309000.0,train
1755700090,C:\Users\hiten\Documents\Satellite_Property_Valuation\images\train\1755700090.jpg,405000.0,train
1760600009,C:\Users\hiten\Documents\Satellite_Property_Valuation\images\train\1760600009.jpg,229000.0,train
1760650290,C:\Users\hiten\Documents\Satellite_Property_Valuation\images\train\1760650290.jpg,313200.0,train
1760650750,C:\Users\hiten\Documents\Satellite_Property_Valuation\images\train\1760650750.jpg,320000.0,train
1760650900,C:\Users\hiten\Documents\Satellite_Property_Valuation\images\train\1760650900.jpg,337500.0,train
1762600070,C:\Users\hiten\Documents\Satellite_Property_Valuation\images\train\1762600070.jpg,917500.0,train
1762600090,C:\Users\hiten\Documents\Satellite_Property_Valuation\images\train\1762600090.jpg,1211000.0,train
1770000130,C:\Users\hiten\Documents\Satellite_Property_Valuation\images\train\1770000130.jpg,435000.0,train
1771000960,C:\Users\hiten\Documents\Satellite_Property_Valuation\images\train\1771000960.jpg,380000.0,train
1771100440,C:\Users\hiten\Documents\Satellite_Property_Valuation\images\train\1771100440.jpg,360000.0,train
1771110090,C:\Users\hiten\Documents\Satellite_Property_Valuation\images\train\1771110090.jpg,316000.0,train
1773100510,C:\Users\hiten\Documents\Satellite_Property_Valuation\images\train\1773100510.jpg,396000.0,train
1773100921,C:\Users\hiten\Documents\Satellite_Property_Valuation\images\train\1773100921.jpg,312500.0,train
1773100967,C:\Users\hiten\Documents\Satellite_Property_Valuation\images\train\1773100967.jpg,299999.0,train
1773101340,C:\Users\hiten\Documents\Satellite_Property_Valuation\images\train\1773101340.jpg,399950.0,train
1774200230,C:\Users\hiten\Documents\Satellite_Property_Valuation\images\train\1774200230.jpg,585000.0,train
1774350160,C:\Users\hiten\Documents\Satellite_Property_Valuation\images\train\1774350160.jpg,522250.0,train
1775800220,C:\Users\hiten\Documents\Satellite_Property_Valuation\images\train\1775800220.jpg,410988.0,train
1775800290,C:\Users\hiten\Documents\Satellite_Property_Valuation\images\train\1775800290.jpg,354000.0,train
1775800510,C:\Users\hiten\Documents\Satellite_Property_Valuation\images\train\1775800510.jpg,432000.0,train
1775800750,C:\Users\hiten\Documents\Satellite_Property_Valuation\images\train\1775800750.jpg,344000.0,train
1775801020,C:\Users\hiten\Documents\Satellite_Property_Valuation\images\train\1775801020.jpg,410000.0,train
1775801340,C:\Users\hiten\Documents\Satellite_Property_Valuation\images\train\1775801340.jpg,415000.0,train
1775910270,C:\Users\hiten\Documents\Satellite_Property_Valuation\images\train\1775910270.jpg,355000.0,train
1776230220,C:\Users\hiten\Documents\Satellite_Property_Valuation\images\train\1776230220.jpg,414000.0,train
1776460140,C:\Users\hiten\Documents\Satellite_Property_Valuation\images\train\1776460140.jpg,395000.0,train
1778350160,C:\Users\hiten\Documents\Satellite_Property_Valuation\images\train\1778350160.jpg,847700.0,train
1778360150,C:\Users\hiten\Documents\Satellite_Property_Valuation\images\train\1778360150.jpg,1240000.0,train
1778500595,C:\Users\hiten\Documents\Satellite_Property_Valuation\images\train\1778500595.jpg,683000.0,train
1782000085,C:\Users\hiten\Documents\Satellite_Property_Valuation\images\train\1782000085.jpg,350000.0,train
1785400210,C:\Users\hiten\Documents\Satellite_Property_Valuation\images\train\1785400210.jpg,524000.0,train
1785400780,C:\Users\hiten\Documents\Satellite_Property_Valuation\images\train\1785400780.jpg,550000.0,train
1786200010,C:\Users\hiten\Documents\Satellite_Property_Valuation\images\train\1786200010.jpg,456500.0,train
1786630160,C:\Users\hiten\Documents\Satellite_Property_Valuation\images\train\1786630160.jpg,344200.0,train
1786830060,C:\Users\hiten\Documents\Satellite_Property_Valuation\images\train\1786830060.jpg,685000.0,train
1787250210,C:\Users\hiten\Documents\Satellite_Property_Valuation\images\train\1787250210.jpg,379000.0,train
1787600252,C:\Users\hiten\Documents\Satellite_Property_Valuation\images\train\1787600252.jpg,282000.0,train
1788700230,C:\Users\hiten\Documents\Satellite_Property_Valuation\images\train\1788700230.jpg,191000.0,train
1788800610,C:\Users\hiten\Documents\Satellite_Property_Valuation\images\train\1788800610.jpg,105000.0,train
1788800630,C:\Users\hiten\Documents\Satellite_Property_Valuation\images\train\1788800630.jpg,185000.0,train
1788800770,C:\Users\hiten\Documents\Satellite_Property_Valuation\images\train\1788800770.jpg,187500.0,train
1794501415,C:\Users\hiten\Documents\Satellite_Property_Valuation\images\train\1794501415.jpg,840500.0,train
1795700030,C:\Users\hiten\Documents\Satellite_Property_Valuation\images\train\1795700030.jpg,355000.0,train
1795800040,C:\Users\hiten\Documents\Satellite_Property_Valuation\images\train\1795800040.jpg,1350000.0,train
1795900360,C:\Users\hiten\Documents\Satellite_Property_Valuation\images\train\1795900360.jpg,615000.0,train
1795910420,C:\Users\hiten\Documents\Satellite_Property_Valuation\images\train\1795910420.jpg,515000.0,train
1796350080,C:\Users\hiten\Documents\Satellite_Property_Valuation\images\train\1796350080.jpg,239950.0,train
1796350570,C:\Users\hiten\Documents\Satellite_Property_Valuation\images\train\1796350570.jpg,195000.0,train
1796360340,C:\Users\hiten\Documents\Satellite_Property_Valuation\images\train\1796360340.jpg,269950.0,train
1796360990,C:\Users\hiten\Documents\Satellite_Property_Valuation\images\train\1796360990.jpg,205000.0,train
1796370180,C:\Users\hiten\Documents\Satellite_Property_Valuation\images\train\1796370180.jpg,260000.0,train
1796380060,C:\Users\hiten\Documents\Satellite_Property_Valuation\images\train\1796380060.jpg,253000.0,train
1796380310,C:\Users\hiten\Documents\Satellite_Property_Valuation\images\train\1796380310.jpg,240000.0,train
1797500780,C:\Users\hiten\Documents\Satellite_Property_Valuation\images\train\1797500780.jpg,540000.0,train
1797500985,C:\Users\hiten\Documents\Satellite_Property_Valuation\images\train\1797500985.jpg,883000.0,train
1798000100,C:\Users\hiten\Documents\Satellite_Property_Valuation\images\train\1798000100.jpg,750500.0,train
1814800060,C:\Users\hiten\Documents\Satellite_Property_Valuation\images\train\1814800060.jpg,965000.0,train
1818800144,C:\Users\hiten\Documents\Satellite_Property_Valuation\images\train\1818800144.jpg,750000.0,train
1818800235,C:\Users\hiten\Documents\Satellite_Property_Valuation\images\train\1818800235.jpg,1100000.0,train
1820069019,C:\Users\hiten\Documents\Satellite_Property_Valuation\images\train\1820069019.jpg,302000.0,train
1821059067,C:\Users\hiten\Documents\Satellite_Property_Valuation\images\train\1821059067.jpg,200000.0,train
1821059264,C:\Users\hiten\Documents\Satellite_Property_Valuation\images\train\1821059264.jpg,224000.0,train
1822059331,C:\Users\hiten\Documents\Satellite_Property_Valuation\images\train\1822059331.jpg,215000.0,train
1822059382,C:\Users\hiten\Documents\Satellite_Property_Valuation\images\train\1822059382.jpg,243000.0,train
1822069097,C:\Users\hiten\Documents\Satellite_Property_Valuation\images\train\1822069097.jpg,540000.0,train
1822360080,C:\Users\hiten\Documents\Satellite_Property_Valuation\images\train\1822360080.jpg,565000.0,train
1823039205,C:\Users\hiten\Documents\Satellite_Property_Valuation\images\train\1823039205.jpg,585000.0,train
1823049046,C:\Users\hiten\Documents\Satellite_Property_Valuation\images\train\1823049046.jpg,240000.0,train
1823049171,C:\Users\hiten\Documents\Satellite_Property_Valuation\images\train\1823049171.jpg,275000.0,train
1823049182,C:\Users\hiten\Documents\Satellite_Property_Valuation\images\train\1823049182.jpg,147400.0,train
1823049242,C:\Users\hiten\Documents\Satellite_Property_Valuation\images\train\1823049242.jpg,245000.0,train
1823059030,C:\Users\hiten\Documents\Satellite_Property_Valuation\images\train\1823059030.jpg,159000.0,train
1823069046,C:\Users\hiten\Documents\Satellite_Property_Valuation\images\train\1823069046.jpg,250000.0,train
1823069059,C:\Users\hiten\Documents\Satellite_Property_Valuation\images\train\1823069059.jpg,355000.0,train
1823069213,C:\Users\hiten\Documents\Satellite_Property_Valuation\images\train\1823069213.jpg,249950.0,train
1823069279,C:\Users\hiten\Documents\Satellite_Property_Valuation\images\train\1823069279.jpg,499950.0,train
1824059070,C:\Users\hiten\Documents\Satellite_Property_Valuation\images\train\1824059070.jpg,880000.0,train
1824069083,C:\Users\hiten\Documents\Satellite_Property_Valuation\images\train\1824069083.jpg,835000.0,train
1824079073,C:\Users\hiten\Documents\Satellite_Property_Valuation\images\train\1824079073.jpg,985000.0,train
1824079107,C:\Users\hiten\Documents\Satellite_Property_Valuation\images\train\1824079107.jpg,740000.0,train
1825069072,C:\Users\hiten\Documents\Satellite_Property_Valuation\images\train\1825069072.jpg,964000.0,train
1825079086,C:\Users\hiten\Documents\Satellite_Property_Valuation\images\train\1825079086.jpg,700000.0,train
1826049094,C:\Users\hiten\Documents\Satellite_Property_Valuation\images\train\1826049094.jpg,426000.0,train
1826049426,C:\Users\hiten\Documents\Satellite_Property_Valuation\images\train\1826049426.jpg,445000.0,train
1826049430,C:\Users\hiten\Documents\Satellite_Property_Valuation\images\train\1826049430.jpg,372500.0,train
1826059042,C:\Users\hiten\Documents\Satellite_Property_Valuation\images\train\1826059042.jpg,402000.0,train
1828000230,C:\Users\hiten\Documents\Satellite_Property_Valuation\images\train\1828000230.jpg,498000.0,train
1829300270,C:\Users\hiten\Documents\Satellite_Property_Valuation\images\train\1829300270.jpg,715000.0,train
1837000010,C:\Users\hiten\Documents\Satellite_Property_Valuation\images\train\1837000010.jpg,404000.0,train
1837010040,C:\Users\hiten\Documents\Satellite_Property_Valuation\images\train\1837010040.jpg,569500.0,train
1840000030,C:\Users\hiten\Documents\Satellite_Property_Valuation\images\train\1840000030.jpg,267500.0,train
1842000140,C:\Users\hiten\Documents\Satellite_Property_Valuation\images\train\1842000140.jpg,335000.0,train
1842300050,C:\Users\hiten\Documents\Satellite_Property_Valuation\images\train\1842300050.jpg,600000.0,train
1843100340,C:\Users\hiten\Documents\Satellite_Property_Valuation\images\train\1843100340.jpg,348000.0,train
1843100540,C:\Users\hiten\Documents\Satellite_Property_Valuation\images\train\1843100540.jpg,380000.0,train
1843130360,C:\Users\hiten\Documents\Satellite_Property_Valuation\images\train\1843130360.jpg,295000.0,train
1843200240,C:\Users\hiten\Documents\Satellite_Property_Valuation\images\train\1843200240.jpg,200000.0,train
1853000030,C:\Users\hiten\Documents\Satellite_Property_Valuation\images\train\1853000030.jpg,775000.0,train
1853000300,C:\Users\hiten\Documents\Satellite_Property_Valuation\images\train\1853000300.jpg,875000.0,train
1853000530,C:\Users\hiten\Documents\Satellite_Property_Valuation\images\train\1853000530.jpg,1150000.0,train
1853080130,C:\Users\hiten\Documents\Satellite_Property_Valuation\images\train\1853080130.jpg,924000.0,train
1853200190,C:\Users\hiten\Documents\Satellite_Property_Valuation\images\train\1853200190.jpg,612000.0,train
1853500290,C:\Users\hiten\Documents\Satellite_Property_Valuation\images\train\1853500290.jpg,314000.0,train
1854750030,C:\Users\hiten\Documents\Satellite_Property_Valuation\images\train\1854750030.jpg,1164000.0,train
1854750090,C:\Users\hiten\Documents\Satellite_Property_Valuation\images\train\1854750090.jpg,1225000.0,train
1861400060,C:\Users\hiten\Documents\Satellite_Property_Valuation\images\train\1861400060.jpg,740000.0,train
1862400518,C:\Users\hiten\Documents\Satellite_Property_Valuation\images\train\1862400518.jpg,385000.0,train
1862900350,C:\Users\hiten\Documents\Satellite_Property_Valuation\images\train\1862900350.jpg,315000.0,train
1862900690,C:\Users\hiten\Documents\Satellite_Property_Valuation\images\train\1862900690.jpg,257500.0,train
1864900230,C:\Users\hiten\Documents\Satellite_Property_Valuation\images\train\1864900230.jpg,315000.0,train
1865000040,C:\Users\hiten\Documents\Satellite_Property_Valuation\images\train\1865000040.jpg,360000.0,train
1865400075,C:\Users\hiten\Documents\Satellite_Property_Valuation\images\train\1865400075.jpg,320000.0,train
1865810060,C:\Users\hiten\Documents\Satellite_Property_Valuation\images\train\1865810060.jpg,267500.0,train
1868901120,C:\Users\hiten\Documents\Satellite_Property_Valuation\images\train\1868901120.jpg,660000.0,train
1868901295,C:\Users\hiten\Documents\Satellite_Property_Valuation\images\train\1868901295.jpg,660000.0,train
1873100050,C:\Users\hiten\Documents\Satellite_Property_Valuation\images\train\1873100050.jpg,733000.0,train
1873100390,C:\Users\hiten\Documents\Satellite_Property_Valuation\images\train\1873100390.jpg,719000.0,train
1873400020,C:\Users\hiten\Documents\Satellite_Property_Valuation\images\train\1873400020.jpg,340000.0,train
1875500040,C:\Users\hiten\Documents\Satellite_Property_Valuation\images\train\1875500040.jpg,330000.0,train
1891100090,C:\Users\hiten\Documents\Satellite_Property_Valuation\images\train\1891100090.jpg,620000.0,train
1895450200,C:\Users\hiten\Documents\Satellite_Property_Valuation\images\train\1895450200.jpg,349000.0,train
1898600100,C:\Users\hiten\Documents\Satellite_Property_Valuation\images\train\1898600100.jpg,218250.0,train
1919800090,C:\Users\hiten\Documents\Satellite_Property_Valuation\images\train\1919800090.jpg,625000.0,train
1920079062,C:\Users\hiten\Documents\Satellite_Property_Valuation\images\train\1920079062.jpg,332000.0,train
1921059045,C:\Users\hiten\Documents\Satellite_Property_Valuation\images\train\1921059045.jpg,195000.0,train
1921059303,C:\Users\hiten\Documents\Satellite_Property_Valuation\images\train\1921059303.jpg,275000.0,train
1922000070,C:\Users\hiten\Documents\Satellite_Property_Valuation\images\train\1922000070.jpg,1339000.0,train
1922039062,C:\Users\hiten\Documents\Satellite_Property_Valuation\images\train\1922039062.jpg,480000.0,train
1922059396,C:\Users\hiten\Documents\Satellite_Property_Valuation\images\train\1922059396.jpg,330000.0,train
1922069071,C:\Users\hiten\Documents\Satellite_Property_Valuation\images\train\1922069071.jpg,411000.0,train
1922069099,C:\Users\hiten\Documents\Satellite_Property_Valuation\images\train\1922069099.jpg,354800.0,train
1923000030,C:\Users\hiten\Documents\Satellite_Property_Valuation\images\train\1923000030.jpg,1118000.0,train
1923000370,C:\Users\hiten\Documents\Satellite_Property_Valuation\images\train\1923000370.jpg,947500.0,train
1924059248,C:\Users\hiten\Documents\Satellite_Property_Valuation\images\train\1924059248.jpg,870000.0,train
1924059319,C:\Users\hiten\Documents\Satellite_Property_Valuation\images\train\1924059319.jpg,1288000.0,train
1924069039,C:\Users\hiten\Documents\Satellite_Property_Valuation\images\train\1924069039.jpg,869000.0,train
1924069071,C:\Users\hiten\Documents\Satellite_Property_Valuation\images\train\1924069071.jpg,485000.0,train
1924079090,C:\Users\hiten\Documents\Satellite_Property_Valuation\images\train\1924079090.jpg,530000.0,train
1925059200,C:\Users\hiten\Documents\Satellite_Property_Valuation\images\train\1925059200.jpg,1557600.0,train
1925069006,C:\Users\hiten\Documents\Satellite_Property_Valuation\images\train\1925069006.jpg,355000.0,train
1926049154,C:\Users\hiten\Documents\Satellite_Property_Valuation\images\train\1926049154.jpg,465000.0,train
1926059027,C:\Users\hiten\Documents\Satellite_Property_Valuation\images\train\1926059027.jpg,803000.0,train
1926059099,C:\Users\hiten\Documents\Satellite_Property_Valuation\images\train\1926059099.jpg,708000.0,train
1926069035,C:\Users\hiten\Documents\Satellite_Property_Valuation\images\train\1926069035.jpg,299000.0,train
1926069054,C:\Users\hiten\Documents\Satellite_Property_Valuation\images\train\1926069054.jpg,450000.0,train
1926069063,C:\Users\hiten\Documents\Satellite_Property_Valuation\images\train\1926069063.jpg,585000.0,train
1930301220,C:\Users\hiten\Documents\Satellite_Property_Valuation\images\train\1930301220.jpg,575000.0,train
1931300412,C:\Users\hiten\Documents\Satellite_Property_Valuation\images\train\1931300412.jpg,475000.0,train
1931300665,C:\Users\hiten\Documents\Satellite_Property_Valuation\images\train\1931300665.jpg,850000.0,train
1931300870,C:\Users\hiten\Documents\Satellite_Property_Valuation\images\train\1931300870.jpg,355000.0,train
1934800086,C:\Users\hiten\Documents\Satellite_Property_Valuation\images\train\1934800086.jpg,435000.0,train
1934800180,C:\Users\hiten\Documents\Satellite_Property_Valuation\images\train\1934800180.jpg,526000.0,train
1937300180,C:\Users\hiten\Documents\Satellite_Property_Valuation\images\train\1937300180.jpg,435000.0,train
1937300270,C:\Users\hiten\Documents\Satellite_Property_Valuation\images\train\1937300270.jpg,910000.0,train
1938400410,C:\Users\hiten\Documents\Satellite_Property_Valuation\images\train\1938400410.jpg,275000.0,train
1938400520,C:\Users\hiten\Documents\Satellite_Property_Valuation\images\train\1938400520.jpg,272000.0,train
1939110080,C:\Users\hiten\Documents\Satellite_Property_Valuation\images\train\1939110080.jpg,565000.0,train
1939110310,C:\Users\hiten\Documents\Satellite_Property_Valuation\images\train\1939110310.jpg,722080.0,train
1941400080,C:\Users\hiten\Documents\Satellite_Property_Valuation\images\train\1941400080.jpg,277000.0,train
1951600150,C:\Users\hiten\Documents\Satellite_Property_Valuation\images\train\1951600150.jpg,180000.0,train
1952200220,C:\Users\hiten\Documents\Satellite_Property_Valuation\images\train\1952200220.jpg,660000.0,train
1952200410,C:\Users\hiten\Documents\Satellite_Property_Valuation\images\train\1952200410.jpg,960000.0,train
1953400045,C:\Users\hiten\Documents\Satellite_Property_Valuation\images\train\1953400045.jpg,385000.0,train
1953400570,C:\Users\hiten\Documents\Satellite_Property_Valuation\images\train\1953400570.jpg,339000.0,train
1954420170,C:\Users\hiten\Documents\Satellite_Property_Valuation\images\train\1954420170.jpg,580000.0,train
1954440050,C:\Users\hiten\Documents\Satellite_Property_Valuation\images\train\1954440050.jpg,550000.0,train
1954440080,C:\Users\hiten\Documents\Satellite_Property_Valuation\images\train\1954440080.jpg,532000.0,train
1959700540,C:\Users\hiten\Documents\Satellite_Property_Valuation\images\train\1959700540.jpg,952000.0,train
1959701695,C:\Users\hiten\Documents\Satellite_Property_Valuation\images\train\1959701695.jpg,950000.0,train
1959701800,C:\Users\hiten\Documents\Satellite_Property_Valuation\images\train\1959701800.jpg,2147500.0,train
1959701890,C:\Users\hiten\Documents\Satellite_Property_Valuation\images\train\1959701890.jpg,865000.0,train
1965200010,C:\Users\hiten\Documents\Satellite_Property_Valuation\images\train\1965200010.jpg,600000.0,train
1972200325,C:\Users\hiten\Documents\Satellite_Property_Valuation\images\train\1972200325.jpg,530000.0,train
1972200553,C:\Users\hiten\Documents\Satellite_Property_Valuation\images\train\1972200553.jpg,619000.0,train
1972201772,C:\Users\hiten\Documents\Satellite_Property_Valuation\images\train\1972201772.jpg,650000.0,train
1972205338,C:\Users\hiten\Documents\Satellite_Property_Valuation\images\train\1972205338.jpg,550000.0,train
1974200020,C:\Users\hiten\Documents\Satellite_Property_Valuation\images\train\1974200020.jpg,450000.0,train
1974300020,C:\Users\hiten\Documents\Satellite_Property_Valuation\images\train\1974300020.jpg,380000.0,train
1982200245,C:\Users\hiten\Documents\Satellite_Property_Valuation\images\train\1982200245.jpg,726000.0,train
1994200024,C:\Users\hiten\Documents\Satellite_Property_Valuation\images\train\1994200024.jpg,511000.0,train
1994200040,C:\Users\hiten\Documents\Satellite_Property_Valuation\images\train\1994200040.jpg,538000.0,train
1995200245,C:\Users\hiten\Documents\Satellite_Property_Valuation\images\train\1995200245.jpg,545000.0,train
1997200060,C:\Users\hiten\Documents\Satellite_Property_Valuation\images\train\1997200060.jpg,270000.0,train
1997200245,C:\Users\hiten\Documents\Satellite_Property_Valuation\images\train\1997200245.jpg,540000.0,train
2008200060,C:\Users\hiten\Documents\Satellite_Property_Valuation\images\train\2008200060.jpg,160000.0,train
2009000830,C:\Users\hiten\Documents\Satellite_Property_Valuation\images\train\2009000830.jpg,455000.0,train
2011400405,C:\Users\hiten\Documents\Satellite_Property_Valuation\images\train\2011400405.jpg,380000.0,train
2011400791,C:\Users\hiten\Documents\Satellite_Property_Valuation\images\train\2011400791.jpg,425000.0,train
2021200058,C:\Users\hiten\Documents\Satellite_Property_Valuation\images\train\2021200058.jpg,785000.0,train
2021200770,C:\Users\hiten\Documents\Satellite_Property_Valuation\images\train\2021200770.jpg,895000.0,train
2023049206,C:\Users\hiten\Documents\Satellite_Property_Valuation\images\train\2023049206.jpg,289950.0,train
2023049218,C:\Users\hiten\Documents\Satellite_Property_Valuation\images\train\2023049218.jpg,445000.0,train
2024059111,C:\Users\hiten\Documents\Satellite_Property_Valuation\images\train\2024059111.jpg,820000.0,train
2024059127,C:\Users\hiten\Documents\Satellite_Property_Valuation\images\train\2024059127.jpg,908950.0,train
2025049175,C:\Users\hiten\Documents\Satellite_Property_Valuation\images\train\2025049175.jpg,755000.0,train
2025059201,C:\Users\hiten\Documents\Satellite_Property_Valuation\images\train\2025059201.jpg,725000.0,train
2025059204,C:\Users\hiten\Documents\Satellite_Property_Valuation\images\train\2025059204.jpg,1013050.0,train
2025079033,C:\Users\hiten\Documents\Satellite_Property_Valuation\images\train\2025079033.jpg,415000.0,train
2025079045,C:\Users\hiten\Documents\Satellite_Property_Valuation\images\train\2025079045.jpg,649000.0,train
2025600280,C:\Users\hiten\Documents\Satellite_Property_Valuation\images\train\2025600280.jpg,241400.0,train
2025700270,C:\Users\hiten\Documents\Satellite_Property_Valuation\images\train\2025700270.jpg,260250.0,train
2025701080,C:\Users\hiten\Documents\Satellite_Property_Valuation\images\train\2025701080.jpg,305000.0,train
2026049067,C:\Users\hiten\Documents\Satellite_Property_Valuation\images\train\2026049067.jpg,480000.0,train
2026049097,C:\Users\hiten\Documents\Satellite_Property_Valuation\images\train\2026049097.jpg,431750.0,train
2026049183,C:\Users\hiten\Documents\Satellite_Property_Valuation\images\train\2026049183.jpg,324950.0,train
2026049184,C:\Users\hiten\Documents\Satellite_Property_Valuation\images\train\2026049184.jpg,680000.0,train
2026059181,C:\Users\hiten\Documents\Satellite_Property_Valuation\images\train\2026059181.jpg,560000.0,train
2028700535,C:\Users\hiten\Documents\Satellite_Property_Valuation\images\train\2028700535.jpg,855000.0,train
2028700570,C:\Users\hiten\Documents\Satellite_Property_Valuation\images\train\2028700570.jpg,560000.0,train
2028701000,C:\Users\hiten\Documents\Satellite_Property_Valuation\images\train\2028701000.jpg,635200.0,train
2044500142,C:\Users\hiten\Documents\Satellite_Property_Valuation\images\train\2044500142.jpg,420000.0,train
2044500213,C:\Users\hiten\Documents\Satellite_Property_Valuation\images\train\2044500213.jpg,449000.0,train
2045400075,C:\Users\hiten\Documents\Satellite_Property_Valuation\images\train\2045400075.jpg,415000.0,train
2045800006,C:\Users\hiten\Documents\Satellite_Property_Valuation\images\train\2045800006.jpg,439000.0,train
2061800045,C:\Users\hiten\Documents\Satellite_Property_Valuation\images\train\2061800045.jpg,435000.0,train
2064800610,C:\Users\hiten\Documents\Satellite_Property_Valuation\images\train\2064800610.jpg,390000.0,train
2064800880,C:\Users\hiten\Documents\Satellite_Property_Valuation\images\train\2064800880.jpg,301500.0,train
2085200545,C:\Users\hiten\Documents\Satellite_Property_Valuation\images\train\2085200545.jpg,180000.0,train
2087700115,C:\Users\hiten\Documents\Satellite_Property_Valuation\images\train\2087700115.jpg,650000.0,train
2100200020,C:\Users\hiten\Documents\Satellite_Property_Valuation\images\train\2100200020.jpg,288000.0,train
2110900050,C:\Users\hiten\Documents\Satellite_Property_Valuation\images\train\2110900050.jpg,468000.0,train
2111010080,C:\Users\hiten\Documents\Satellite_Property_Valuation\images\train\2111010080.jpg,330000.0,train
2111010340,C:\Users\hiten\Documents\Satellite_Property_Valuation\images\train\2111010340.jpg,306000.0,train
2112700370,C:\Users\hiten\Documents\Satellite_Property_Valuation\images\train\2112700370.jpg,199400.0,train
2113700060,C:\Users\hiten\Documents\Satellite_Property_Valuation\images\train\2113700060.jpg,400000.0,train
2113700500,C:\Users\hiten\Documents\Satellite_Property_Valuation\images\train\2113700500.jpg,250800.0,train
2113701095,C:\Users\hiten\Documents\Satellite_Property_Valuation\images\train\2113701095.jpg,150000.0,train
2113701200,C:\Users\hiten\Documents\Satellite_Property_Valuation\images\train\2113701200.jpg,250000.0,train
2115510470,C:\Users\hiten\Documents\Satellite_Property_Valuation\images\train\2115510470.jpg,285000.0,train
2120069003,C:\Users\hiten\Documents\Satellite_Property_Valuation\images\train\2120069003.jpg,220000.0,train
2122049013,C:\Users\hiten\Documents\Satellite_Property_Valuation\images\train\2122049013.jpg,204750.0,train
2122059077,C:\Users\hiten\Documents\Satellite_Property_Valuation\images\train\2122059077.jpg,198900.0,train
2123039032,C:\Users\hiten\Documents\Satellite_Property_Valuation\images\train\2123039032.jpg,369900.0,train
2123049086,C:\Users\hiten\Documents\Satellite_Property_Valuation\images\train\2123049086.jpg,210000.0,train
2123049420,C:\Users\hiten\Documents\Satellite_Property_Valuation\images\train\2123049420.jpg,278000.0,train
2124049160,C:\Users\hiten\Documents\Satellite_Property_Valuation\images\train\2124049160.jpg,440000.0,train
2124049229,C:\Users\hiten\Documents\Satellite_Property_Valuation\images\train\2124049229.jpg,469000.0,train
2124079010,C:\Users\hiten\Documents\Satellite_Property_Valuation\images\train\2124079010.jpg,765000.0,train
2124079093,C:\Users\hiten\Documents\Satellite_Property_Valuation\images\train\2124079093.jpg,835000.0,train
2124089028,C:\Users\hiten\Documents\Satellite_Property_Valuation\images\train\2124089028.jpg,279000.0,train
2125049131,C:\Users\hiten\Documents\Satellite_Property_Valuation\images\train\2125049131.jpg,680000.0,train
2125400160,C:\Users\hiten\Documents\Satellite_Property_Valuation\images\train\2125400160.jpg,427800.0,train
2126049083,C:\Users\hiten\Documents\Satellite_Property_Valuation\images\train\2126049083.jpg,324500.0,train
2126049096,C:\Users\hiten\Documents\Satellite_Property_Valuation\images\train\2126049096.jpg,399000.0,train
2126059139,C:\Users\hiten\Documents\Satellite_Property_Valuation\images\train\2126059139.jpg,620000.0,train
2126079014,C:\Users\hiten\Documents\Satellite_Property_Valuation\images\train\2126079014.jpg,540000.0,train
2128000160,C:\Users\hiten\Documents\Satellite_Property_Valuation\images\train\2128000160.jpg,429000.0,train
2128000180,C:\Users\hiten\Documents\Satellite_Property_Valuation\images\train\2128000180.jpg,600000.0,train
2131701020,C:\Users\hiten\Documents\Satellite_Property_Valuation\images\train\2131701020.jpg,317000.0,train
2131701075,C:\Users\hiten\Documents\Satellite_Property_Valuation\images\train\2131701075.jpg,420000.0,train
2138700141,C:\Users\hiten\Documents\Satellite_Property_Valuation\images\train\2138700141.jpg,736000.0,train
2138800060,C:\Users\hiten\Documents\Satellite_Property_Valuation\images\train\2138800060.jpg,490000.0,train
2140900100,C:\Users\hiten\Documents\Satellite_Property_Valuation\images\train\2140900100.jpg,289000.0,train
2141200030,C:\Users\hiten\Documents\Satellite_Property_Valuation\images\train\2141200030.jpg,625000.0,train
2141310580,C:\Users\hiten\Documents\Satellite_Property_Valuation\images\train\2141310580.jpg,707000.0,train
2143700830,C:\Users\hiten\Documents\Satellite_Property_Valuation\images\train\2143700830.jpg,370000.0,train
2143700935,C:\Users\hiten\Documents\Satellite_Property_Valuation\images\train\2143700935.jpg,317000.0,train
2144800311,C:\Users\hiten\Documents\Satellite_Property_Valuation\images\train\2144800311.jpg,315000.0,train
2147300050,C:\Users\hiten\Documents\Satellite_Property_Valuation\images\train\2147300050.jpg,462600.0,train
2154500060,C:\Users\hiten\Documents\Satellite_Property_Valuation\images\train\2154500060.jpg,1705000.0,train
2154550020,C:\Users\hiten\Documents\Satellite_Property_Valuation\images\train\2154550020.jpg,250000.0,train
2155000160,C:\Users\hiten\Documents\Satellite_Property_Valuation\images\train\2155000160.jpg,538000.0,train
2159900020,C:\Users\hiten\Documents\Satellite_Property_Valuation\images\train\2159900020.jpg,445000.0,train
2162000260,C:\Users\hiten\Documents\Satellite_Property_Valuation\images\train\2162000260.jpg,699000.0,train
2163300130,C:\Users\hiten\Documents\Satellite_Property_Valuation\images\train\2163300130.jpg,386000.0,train
2172000035,C:\Users\hiten\Documents\Satellite_Property_Valuation\images\train\2172000035.jpg,190000.0,train
2172000894,C:\Users\hiten\Documents\Satellite_Property_Valuation\images\train\2172000894.jpg,225000.0,train
2193300390,C:\Users\hiten\Documents\Satellite_Property_Valuation\images\train\2193300390.jpg,624000.0,train
2193300620,C:\Users\hiten\Documents\Satellite_Property_Valuation\images\train\2193300620.jpg,403000.0,train
2193310320,C:\Users\hiten\Documents\Satellite_Property_Valuation\images\train\2193310320.jpg,595000.0,train
2193330030,C:\Users\hiten\Documents\Satellite_Property_Valuation\images\train\2193330030.jpg,688100.0,train
2194100050,C:\Users\hiten\Documents\Satellite_Property_Valuation\images\train\2194100050.jpg,850000.0,train
2200500350,C:\Users\hiten\Documents\Satellite_Property_Valuation\images\train\2200500350.jpg,500000.0,train
2201500450,C:\Users\hiten\Documents\Satellite_Property_Valuation\images\train\2201500450.jpg,473000.0,train
2201500680,C:\Users\hiten\Documents\Satellite_Property_Valuation\images\train\2201500680.jpg,501000.0,train
2203500570,C:\Users\hiten\Documents\Satellite_Property_Valuation\images\train\2203500570.jpg,437000.0,train
2205500030,C:\Users\hiten\Documents\Satellite_Property_Valuation\images\train\2205500030.jpg,331500.0,train
2206500395,C:\Users\hiten\Documents\Satellite_Property_Valuation\images\train\2206500395.jpg,417000.0,train
2206700070,C:\Users\hiten\Documents\Satellite_Property_Valuation\images\train\2206700070.jpg,435000.0,train
2207200820,C:\Users\hiten\Documents\Satellite_Property_Valuation\images\train\2207200820.jpg,413107.0,train
2211700290,C:\Users\hiten\Documents\Satellite_Property_Valuation\images\train\2211700290.jpg,538000.0,train
2212200050,C:\Users\hiten\Documents\Satellite_Property_Valuation\images\train\2212200050.jpg,255000.0,train
2214800170,C:\Users\hiten\Documents\Satellite_Property_Valuation\images\train\2214800170.jpg,295000.0,train
2214800630,C:\Users\hiten\Documents\Satellite_Property_Valuation\images\train\2214800630.jpg,239950.0,train
2215500205,C:\Users\hiten\Documents\Satellite_Property_Valuation\images\train\2215500205.jpg,600000.0,train
2221800080,C:\Users\hiten\Documents\Satellite_Property_Valuation\images\train\2221800080.jpg,312500.0,train
2222039011,C:\Users\hiten\Documents\Satellite_Property_Valuation\images\train\2222039011.jpg,480000.0,train
2222049108,C:\Users\hiten\Documents\Satellite_Property_Valuation\images\train\2222049108.jpg,227000.0,train
2222059099,C:\Users\hiten\Documents\Satellite_Property_Valuation\images\train\2222059099.jpg,215000.0,train
2223059052,C:\Users\hiten\Documents\Satellite_Property_Valuation\images\train\2223059052.jpg,231000.0,train
2224079086,C:\Users\hiten\Documents\Satellite_Property_Valuation\images\train\2224079086.jpg,520000.0,train
2225039130,C:\Users\hiten\Documents\Satellite_Property_Valuation\images\train\2225039130.jpg,957000.0,train
2226069018,C:\Users\hiten\Documents\Satellite_Property_Valuation\images\train\2226069018.jpg,805000.0,train
2227900040,C:\Users\hiten\Documents\Satellite_Property_Valuation\images\train\2227900040.jpg,300000.0,train
2248000080,C:\Users\hiten\Documents\Satellite_Property_Valuation\images\train\2248000080.jpg,385500.0,train
2249500059,C:\Users\hiten\Documents\Satellite_Property_Valuation\images\train\2249500059.jpg,550000.0,train
2249800080,C:\Users\hiten\Documents\Satellite_Property_Valuation\images\train\2249800080.jpg,445000.0,train
2253200010,C:\Users\hiten\Documents\Satellite_Property_Valuation\images\train\2253200010.jpg,390000.0,train
2254502445,C:\Users\hiten\Documents\Satellite_Property_Valuation\images\train\2254502445.jpg,385000.0,train
2258500049,C:\Users\hiten\Documents\Satellite_Property_Valuation\images\train\2258500049.jpg,469000.0,train
2260000210,C:\Users\hiten\Documents\Satellite_Property_Valuation\images\train\2260000210.jpg,565000.0,train
2264500350,C:\Users\hiten\Documents\Satellite_Property_Valuation\images\train\2264500350.jpg,615000.0,train
2264500425,C:\Users\hiten\Documents\Satellite_Property_Valuation\images\train\2264500425.jpg,640000.0,train
2264500890,C:\Users\hiten\Documents\Satellite_Property_Valuation\images\train\2264500890.jpg,712000.0,train
2294900010,C:\Users\hiten\Documents\Satellite_Property_Valuation\images\train\2294900010.jpg,478000.0,train
2301400325,C:\Users\hiten\Documents\Satellite_Property_Valuation\images\train\2301400325.jpg,760000.0,train
2301400470,C:\Users\hiten\Documents\Satellite_Property_Valuation\images\train\2301400470.jpg,635000.0,train
2301400540,C:\Users\hiten\Documents\Satellite_Property_Valuation\images\train\2301400540.jpg,734000.0,train
2303900100,C:\Users\hiten\Documents\Satellite_Property_Valuation\images\train\2303900100.jpg,3800000.0,train
2310010050,C:\Users\hiten\Documents\Satellite_Property_Valuation\images\train\2310010050.jpg,274950.0,train
2310030490,C:\Users\hiten\Documents\Satellite_Property_Valuation\images\train\2310030490.jpg,292500.0,train
2310050110,C:\Users\hiten\Documents\Satellite_Property_Valuation\images\train\2310050110.jpg,364950.0,train
2310060040,C:\Users\hiten\Documents\Satellite_Property_Valuation\images\train\2310060040.jpg,240000.0,train
2310100230,C:\Users\hiten\Documents\Satellite_Property_Valuation\images\train\2310100230.jpg,380000.0,train
2311400056,C:\Users\hiten\Documents\Satellite_Property_Valuation\images\train\2311400056.jpg,1987500.0,train
2312400230,C:\Users\hiten\Documents\Satellite_Property_Valuation\images\train\2312400230.jpg,257000.0,train
2316800020,C:\Users\hiten\Documents\Satellite_Property_Valuation\images\train\2316800020.jpg,560000.0,train
2320069111,C:\Users\hiten\Documents\Satellite_Property_Valuation\images\train\2320069111.jpg,449999.0,train
2321300390,C:\Users\hiten\Documents\Satellite_Property_Valuation\images\train\2321300390.jpg,650000.0,train
2322069010,C:\Users\hiten\Documents\Satellite_Property_Valuation\images\train\2322069010.jpg,1180000.0,train
2323069022,C:\Users\hiten\Documents\Satellite_Property_Valuation\images\train\2323069022.jpg,390000.0,train
2324039036,C:\Users\hiten\Documents\Satellite_Property_Valuation\images\train\2324039036.jpg,597500.0,train
2324039100,C:\Users\hiten\Documents\Satellite_Property_Valuation\images\train\2324039100.jpg,525000.0,train
2324039152,C:\Users\hiten\Documents\Satellite_Property_Valuation\images\train\2324039152.jpg,624000.0,train
2324800110,C:\Users\hiten\Documents\Satellite_Property_Valuation\images\train\2324800110.jpg,699000.0,train
2325400170,C:\Users\hiten\Documents\Satellite_Property_Valuation\images\train\2325400170.jpg,391000.0,train
2326059099,C:\Users\hiten\Documents\Satellite_Property_Valuation\images\train\2326059099.jpg,838000.0,train
2329800240,C:\Users\hiten\Documents\Satellite_Property_Valuation\images\train\2329800240.jpg,285000.0,train
2329800330,C:\Users\hiten\Documents\Satellite_Property_Valuation\images\train\2329800330.jpg,269950.0,train
2338800100,C:\Users\hiten\Documents\Satellite_Property_Valuation\images\train\2338800100.jpg,543200.0,train
2341300115,C:\Users\hiten\Documents\Satellite_Property_Valuation\images\train\2341300115.jpg,235000.0,train
2344300170,C:\Users\hiten\Documents\Satellite_Property_Valuation\images\train\2344300170.jpg,1500000.0,train
2346200050,C:\Users\hiten\Documents\Satellite_Property_Valuation\images\train\2346200050.jpg,760369.0,train
2346800270,C:\Users\hiten\Documents\Satellite_Property_Valuation\images\train\2346800270.jpg,555000.0,train
2349300060,C:\Users\hiten\Documents\Satellite_Property_Valuation\images\train\2349300060.jpg,200000.0,train
2349300090,C:\Users\hiten\Documents\Satellite_Property_Valuation\images\train\2349300090.jpg,340000.0,train
2366400150,C:\Users\hiten\Documents\Satellite_Property_Valuation\images\train\2366400150.jpg,670000.0,train
2366800055,C:\Users\hiten\Documents\Satellite_Property_Valuation\images\train\2366800055.jpg,225000.0,train
2379300330,C:\Users\hiten\Documents\Satellite_Property_Valuation\images\train\2379300330.jpg,345000.0,train
2380000190,C:\Users\hiten\Documents\Satellite_Property_Valuation\images\train\2380000190.jpg,375000.0,train
2386000300,C:\Users\hiten\Documents\Satellite_Property_Valuation\images\train\2386000300.jpg,800000.0,train
2387600010,C:\Users\hiten\Documents\Satellite_Property_Valuation\images\train\2387600010.jpg,1350000.0,train
2391600950,C:\Users\hiten\Documents\Satellite_Property_Valuation\images\train\2391600950.jpg,439950.0,train
2391601195,C:\Users\hiten\Documents\Satellite_Property_Valuation\images\train\2391601195.jpg,1050000.0,train
2391602500,C:\Users\hiten\Documents\Satellite_Property_Valuation\images\train\2391602500.jpg,512500.0,train
2391602650,C:\Users\hiten\Documents\Satellite_Property_Valuation\images\train\2391602650.jpg,522000.0,train
2397100975,C:\Users\hiten\Documents\Satellite_Property_Valuation\images\train\2397100975.jpg,1313000.0,train
2397101200,C:\Users\hiten\Documents\Satellite_Property_Valuation\images\train\2397101200.jpg,1045000.0,train
2397101606,C:\Users\hiten\Documents\Satellite_Property_Valuation\images\train\2397101606.jpg,2630000.0,train
2402100205,C:\Users\hiten\Documents\Satellite_Property_Valuation\images\train\2402100205.jpg,412133.0,train
2402100715,C:\Users\hiten\Documents\Satellite_Property_Valuation\images\train\2402100715.jpg,658500.0,train
2402100895,C:\Users\hiten\Documents\Satellite_Property_Valuation\images\train\2402100895.jpg,640000.0,train
2407000110,C:\Users\hiten\Documents\Satellite_Property_Valuation\images\train\2407000110.jpg,275000.0,train
2407900200,C:\Users\hiten\Documents\Satellite_Property_Valuation\images\train\2407900200.jpg,530000.0,train
2408800130,C:\Users\hiten\Documents\Satellite_Property_Valuation\images\train\2408800130.jpg,424900.0,train
2413300730,C:\Users\hiten\Documents\Satellite_Property_Valuation\images\train\2413300730.jpg,263500.0,train
2414600126,C:\Users\hiten\Documents\Satellite_Property_Valuation\images\train\2414600126.jpg,229500.0,train
2414600195,C:\Users\hiten\Documents\Satellite_Property_Valuation\images\train\2414600195.jpg,210000.0,train
2420069242,C:\Users\hiten\Documents\Satellite_Property_Valuation\images\train\2420069242.jpg,175000.0,train
2420069268,C:\Users\hiten\Documents\Satellite_Property_Valuation\images\train\2420069268.jpg,184900.0,train
2423010130,C:\Users\hiten\Documents\Satellite_Property_Valuation\images\train\2423010130.jpg,619100.0,train
2423029245,C:\Users\hiten\Documents\Satellite_Property_Valuation\images\train\2423029245.jpg,550000.0,train
2423059104,C:\Users\hiten\Documents\Satellite_Property_Valuation\images\train\2423059104.jpg,360000.0,train
2423069039,C:\Users\hiten\Documents\Satellite_Property_Valuation\images\train\2423069039.jpg,650000.0,train
2423069170,C:\Users\hiten\Documents\Satellite_Property_Valuation\images\train\2423069170.jpg,770000.0,train
2424039029,C:\Users\hiten\Documents\Satellite_Property_Valuation\images\train\2424039029.jpg,325000.0,train
2424039036,C:\Users\hiten\Documents\Satellite_Property_Valuation\images\train\2424039036.jpg,282000.0,train
2424059061,C:\Users\hiten\Documents\Satellite_Property_Valuation\images\train\2424059061.jpg,998000.0,train
2425049066,C:\Users\hiten\Documents\Satellite_Property_Valuation\images\train\2425049066.jpg,1920000.0,train
2425049107,C:\Users\hiten\Documents\Satellite_Property_Valuation\images\train\2425049107.jpg,1950000.0,train
2425069069,C:\Users\hiten\Documents\Satellite_Property_Valuation\images\train\2425069069.jpg,587000.0,train
2425700022,C:\Users\hiten\Documents\Satellite_Property_Valuation\images\train\2425700022.jpg,425000.0,train
2426049168,C:\Users\hiten\Documents\Satellite_Property_Valuation\images\train\2426049168.jpg,447450.0,train
2427910040,C:\Users\hiten\Documents\Satellite_Property_Valuation\images\train\2427910040.jpg,515000.0,train
2436200395,C:\Users\hiten\Documents\Satellite_Property_Valuation\images\train\2436200395.jpg,1070000.0,train
2436700610,C:\Users\hiten\Documents\Satellite_Property_Valuation\images\train\2436700610.jpg,550000.0,train
2436700666,C:\Users\hiten\Documents\Satellite_Property_Valuation\images\train\2436700666.jpg,550700.0,train
2436701200,C:\Users\hiten\Documents\Satellite_Property_Valuation\images\train\2436701200.jpg,720000.0,train
2450000320,C:\Users\hiten\Documents\Satellite_Property_Valuation\images\train\2450000320.jpg,607000.0,train
2459500210,C:\Users\hiten\Documents\Satellite_Property_Valuation\images\train\2459500210.jpg,339950.0,train
2459500310,C:\Users\hiten\Documents\Satellite_Property_Valuation\images\train\2459500310.jpg,358000.0,train
2460500020,C:\Users\hiten\Documents\Satellite_Property_Valuation\images\train\2460500020.jpg,305000.0,train
2461900446,C:\Users\hiten\Documents\Satellite_Property_Valuation\images\train\2461900446.jpg,372000.0,train
2461900760,C:\Users\hiten\Documents\Satellite_Property_Valuation\images\train\2461900760.jpg,553000.0,train
2461900845,C:\Users\hiten\Documents\Satellite_Property_Valuation\images\train\2461900845.jpg,310000.0,train
2465400036,C:\Users\hiten\Documents\Satellite_Property_Valuation\images\train\2465400036.jpg,990000.0,train
2472920680,C:\Users\hiten\Documents\Satellite_Property_Valuation\images\train\2472920680.jpg,440000.0,train
2472920780,C:\Users\hiten\Documents\Satellite_Property_Valuation\images\train\2472920780.jpg,395000.0,train
2472930270,C:\Users\hiten\Documents\Satellite_Property_Valuation\images\train\2472930270.jpg,485000.0,train
2472950350,C:\Users\hiten\Documents\Satellite_Property_Valuation\images\train\2472950350.jpg,312500.0,train
2473000720,C:\Users\hiten\Documents\Satellite_Property_Valuation\images\train\2473000720.jpg,380000.0,train
2473002700,C:\Users\hiten\Documents\Satellite_Property_Valuation\images\train\2473002700.jpg,415000.0,train
2473100090,C:\Users\hiten\Documents\Satellite_Property_Valuation\images\train\2473100090.jpg,270000.0,train
2473100450,C:\Users\hiten\Documents\Satellite_Property_Valuation\images\train\2473100450.jpg,330000.0,train
2473101070,C:\Users\hiten\Documents\Satellite_Property_Valuation\images\train\2473101070.jpg,315000.0,train
2473370110,C:\Users\hiten\Documents\Satellite_Property_Valuation\images\train\2473370110.jpg,370000.0,train
2473372250,C:\Users\hiten\Documents\Satellite_Property_Valuation\images\train\2473372250.jpg,312500.0,train
2473390440,C:\Users\hiten\Documents\Satellite_Property_Valuation\images\train\2473390440.jpg,340000.0,train
2473400340,C:\Users\hiten\Documents\Satellite_Property_Valuation\images\train\2473400340.jpg,320000.0,train
2473420170,C:\Users\hiten\Documents\Satellite_Property_Valuation\images\train\2473420170.jpg,320000.0,train
2473440070,C:\Users\hiten\Documents\Satellite_Property_Valuation\images\train\2473440070.jpg,270000.0,train
2473450870,C:\Users\hiten\Documents\Satellite_Property_Valuation\images\train\2473450870.jpg,325000.0,train
2473460060,C:\Users\hiten\Documents\Satellite_Property_Valuation\images\train\2473460060.jpg,349000.0,train
2473460650,C:\Users\hiten\Documents\Satellite_Property_Valuation\images\train\2473460650.jpg,347000.0,train
2473480310,C:\Users\hiten\Documents\Satellite_Property_Valuation\images\train\2473480310.jpg,365000.0,train
2473510260,C:\Users\hiten\Documents\Satellite_Property_Valuation\images\train\2473510260.jpg,460000.0,train
2474400250,C:\Users\hiten\Documents\Satellite_Property_Valuation\images\train\2474400250.jpg,327500.0,train
2475200370,C:\Users\hiten\Documents\Satellite_Property_Valuation\images\train\2475200370.jpg,350000.0,train
2475900170,C:\Users\hiten\Documents\Satellite_Property_Valuation\images\train\2475900170.jpg,303000.0,train
2481620310,C:\Users\hiten\Documents\Satellite_Property_Valuation\images\train\2481620310.jpg,1120000.0,train
2489200070,C:\Users\hiten\Documents\Satellite_Property_Valuation\images\train\2489200070.jpg,767500.0,train
2490200055,C:\Users\hiten\Documents\Satellite_Property_Valuation\images\train\2490200055.jpg,560000.0,train
2490200620,C:\Users\hiten\Documents\Satellite_Property_Valuation\images\train\2490200620.jpg,535000.0,train
2491200330,C:\Users\hiten\Documents\Satellite_Property_Valuation\images\train\2491200330.jpg,460000.0,train
2491200675,C:\Users\hiten\Documents\Satellite_Property_Valuation\images\train\2491200675.jpg,500000.0,train
2492200335,C:\Users\hiten\Documents\Satellite_Property_Valuation\images\train\2492200335.jpg,901000.0,train
2492201005,C:\Users\hiten\Documents\Satellite_Property_Valuation\images\train\2492201005.jpg,325000.0,train
2493200235,C:\Users\hiten\Documents\Satellite_Property_Valuation\images\train\2493200235.jpg,370000.0,train
2493200370,C:\Users\hiten\Documents\Satellite_Property_Valuation\images\train\2493200370.jpg,415000.0,train
2516000486,C:\Users\hiten\Documents\Satellite_Property_Valuation\images\train\2516000486.jpg,402500.0,train
2521059042,C:\Users\hiten\Documents\Satellite_Property_Valuation\images\train\2521059042.jpg,456000.0,train
2521059060,C:\Users\hiten\Documents\Satellite_Property_Valuation\images\train\2521059060.jpg,490000.0,train
2522069064,C:\Users\hiten\Documents\Satellite_Property_Valuation\images\train\2522069064.jpg,135000.0,train
2523039282,C:\Users\hiten\Documents\Satellite_Property_Valuation\images\train\2523039282.jpg,250000.0,train
2523039310,C:\Users\hiten\Documents\Satellite_Property_Valuation\images\train\2523039310.jpg,359000.0,train
2525049259,C:\Users\hiten\Documents\Satellite_Property_Valuation\images\train\2525049259.jpg,2187730.0,train
2525069041,C:\Users\hiten\Documents\Satellite_Property_Valuation\images\train\2525069041.jpg,505000.0,train
2525300200,C:\Users\hiten\Documents\Satellite_Property_Valuation\images\train\2525300200.jpg,215000.0,train
2530800070,C:\Users\hiten\Documents\Satellite_Property_Valuation\images\train\2530800070.jpg,711000.0,train
2533300025,C:\Users\hiten\Documents\Satellite_Property_Valuation\images\train\2533300025.jpg,740000.0,train
2538410260,C:\Users\hiten\Documents\Satellite_Property_Valuation\images\train\2538410260.jpg,316000.0,train
2540700110,C:\Users\hiten\Documents\Satellite_Property_Valuation\images\train\2540700110.jpg,1905000.0,train
2546500020,C:\Users\hiten\Documents\Satellite_Property_Valuation\images\train\2546500020.jpg,295000.0,train
2547200160,C:\Users\hiten\Documents\Satellite_Property_Valuation\images\train\2547200160.jpg,601500.0,train
2547200190,C:\Users\hiten\Documents\Satellite_Property_Valuation\images\train\2547200190.jpg,860000.0,train
2553300030,C:\Users\hiten\Documents\Satellite_Property_Valuation\images\train\2553300030.jpg,648000.0,train
2553300140,C:\Users\hiten\Documents\Satellite_Property_Valuation\images\train\2553300140.jpg,674750.0,train
2558160220,C:\Users\hiten\Documents\Satellite_Property_Valuation\images\train\2558160220.jpg,385000.0,train
2558610070,C:\Users\hiten\Documents\Satellite_Property_Valuation\images\train\2558610070.jpg,400000.0,train
2558640110,C:\Users\hiten\Documents\Satellite_Property_Valuation\images\train\2558640110.jpg,498000.0,train
2558660290,C:\Users\hiten\Documents\Satellite_Property_Valuation\images\train\2558660290.jpg,437500.0,train
2558690150,C:\Users\hiten\Documents\Satellite_Property_Valuation\images\train\2558690150.jpg,475000.0,train
2558720120,C:\Users\hiten\Documents\Satellite_Property_Valuation\images\train\2558720120.jpg,487585.0,train
2558730070,C:\Users\hiten\Documents\Satellite_Property_Valuation\images\train\2558730070.jpg,425000.0,train
2560801222,C:\Users\hiten\Documents\Satellite_Property_Valuation\images\train\2560801222.jpg,309950.0,train
2561320120,C:\Users\hiten\Documents\Satellite_Property_Valuation\images\train\2561320120.jpg,366000.0,train
2561340020,C:\Users\hiten\Documents\Satellite_Property_Valuation\images\train\2561340020.jpg,500000.0,train
2568800290,C:\Users\hiten\Documents\Satellite_Property_Valuation\images\train\2568800290.jpg,425000.0,train
2569600150,C:\Users\hiten\Documents\Satellite_Property_Valuation\images\train\2569600150.jpg,235000.0,train
2570300240,C:\Users\hiten\Documents\Satellite_Property_Valuation\images\train\2570300240.jpg,405000.0,train
2571910260,C:\Users\hiten\Documents\Satellite_Property_Valuation\images\train\2571910260.jpg,324360.0,train
2571910420,C:\Users\hiten\Documents\Satellite_Property_Valuation\images\train\2571910420.jpg,320000.0,train
2579500101,C:\Users\hiten\Documents\Satellite_Property_Valuation\images\train\2579500101.jpg,1387000.0,train
2579500110,C:\Users\hiten\Documents\Satellite_Property_Valuation\images\train\2579500110.jpg,2367000.0,train
2581900165,C:\Users\hiten\Documents\Satellite_Property_Valuation\images\train\2581900165.jpg,1130000.0,train
2581900284,C:\Users\hiten\Documents\Satellite_Property_Valuation\images\train\2581900284.jpg,821000.0,train
2591010240,C:\Users\hiten\Documents\Satellite_Property_Valuation\images\train\2591010240.jpg,405000.0,train
2591730200,C:\Users\hiten\Documents\Satellite_Property_Valuation\images\train\2591730200.jpg,249900.0,train
2592210150,C:\Users\hiten\Documents\Satellite_Property_Valuation\images\train\2592210150.jpg,822000.0,train
2592400170,C:\Users\hiten\Documents\Satellite_Property_Valuation\images\train\2592400170.jpg,475000.0,train
2595650170,C:\Users\hiten\Documents\Satellite_Property_Valuation\images\train\2595650170.jpg,367300.0,train
2597450250,C:\Users\hiten\Documents\Satellite_Property_Valuation\images\train\2597450250.jpg,1160000.0,train
2597650240,C:\Users\hiten\Documents\Satellite_Property_Valuation\images\train\2597650240.jpg,520000.0,train
2597650660,C:\Users\hiten\Documents\Satellite_Property_Valuation\images\train\2597650660.jpg,775000.0,train
2597670080,C:\Users\hiten\Documents\Satellite_Property_Valuation\images\train\2597670080.jpg,370000.0,train
2597670470,C:\Users\hiten\Documents\Satellite_Property_Valuation\images\train\2597670470.jpg,330000.0,train
2597710050,C:\Users\hiten\Documents\Satellite_Property_Valuation\images\train\2597710050.jpg,349950.0,train
2597710450,C:\Users\hiten\Documents\Satellite_Property_Valuation\images\train\2597710450.jpg,365000.0,train
2599000130,C:\Users\hiten\Documents\Satellite_Property_Valuation\images\train\2599000130.jpg,247200.0,train
2599700040,C:\Users\hiten\Documents\Satellite_Property_Valuation\images\train\2599700040.jpg,160000.0,train
2600010220,C:\Users\hiten\Documents\Satellite_Property_Valuation\images\train\2600010220.jpg,1250000.0,train
2600010330,C:\Users\hiten\Documents\Satellite_Property_Valuation\images\train\2600010330.jpg,760000.0,train
2600020100,C:\Users\hiten\Documents\Satellite_Property_Valuation\images\train\2600020100.jpg,975000.0,train
2600100180,C:\Users\hiten\Documents\Satellite_Property_Valuation\images\train\2600100180.jpg,555000.0,train
2600130020,C:\Users\hiten\Documents\Satellite_Property_Valuation\images\train\2600130020.jpg,778000.0,train
2600130190,C:\Users\hiten\Documents\Satellite_Property_Valuation\images\train\2600130190.jpg,982000.0,train
2600140070,C:\Users\hiten\Documents\Satellite_Property_Valuation\images\train\2600140070.jpg,1027500.0,train
2600140120,C:\Users\hiten\Documents\Satellite_Property_Valuation\images\train\2600140120.jpg,946000.0,train
2607760190,C:\Users\hiten\Documents\Satellite_Property_Valuation\images\train\2607760190.jpg,480000.0,train
2607760680,C:\Users\hiten\Documents\Satellite_Property_Valuation\images\train\2607760680.jpg,490000.0,train
2610100015,C:\Users\hiten\Documents\Satellite_Property_Valuation\images\train\2610100015.jpg,305000.0,train
2613200025,C:\Users\hiten\Documents\Satellite_Property_Valuation\images\train\2613200025.jpg,175000.0,train
2617300200,C:\Users\hiten\Documents\Satellite_Property_Valuation\images\train\2617300200.jpg,532000.0,train
2618300080,C:\Users\hiten\Documents\Satellite_Property_Valuation\images\train\2618300080.jpg,242500.0,train
2619920010,C:\Users\hiten\Documents\Satellite_Property_Valuation\images\train\2619920010.jpg,815000.0,train
2619920170,C:\Users\hiten\Documents\Satellite_Property_Valuation\images\train\2619920170.jpg,772500.0,train
2619950350,C:\Users\hiten\Documents\Satellite_Property_Valuation\images\train\2619950350.jpg,403000.0,train
2620069195,C:\Users\hiten\Documents\Satellite_Property_Valuation\images\train\2620069195.jpg,340000.0,train
2621420060,C:\Users\hiten\Documents\Satellite_Property_Valuation\images\train\2621420060.jpg,275000.0,train
2621730220,C:\Users\hiten\Documents\Satellite_Property_Valuation\images\train\2621730220.jpg,740000.0,train
2621760360,C:\Users\hiten\Documents\Satellite_Property_Valuation\images\train\2621760360.jpg,333000.0,train
2622029072,C:\Users\hiten\Documents\Satellite_Property_Valuation\images\train\2622029072.jpg,520000.0,train
2622059138,C:\Users\hiten\Documents\Satellite_Property_Valuation\images\train\2622059138.jpg,339000.0,train
2623039082,C:\Users\hiten\Documents\Satellite_Property_Valuation\images\train\2623039082.jpg,770000.0,train
2623069106,C:\Users\hiten\Documents\Satellite_Property_Valuation\images\train\2623069106.jpg,710000.0,train
2624049091,C:\Users\hiten\Documents\Satellite_Property_Valuation\images\train\2624049091.jpg,2903000.0,train
2624049115,C:\Users\hiten\Documents\Satellite_Property_Valuation\images\train\2624049115.jpg,379000.0,train
2624049117,C:\Users\hiten\Documents\Satellite_Property_Valuation\images\train\2624049117.jpg,425000.0,train
2624049185,C:\Users\hiten\Documents\Satellite_Property_Valuation\images\train\2624049185.jpg,405000.0,train
2624079022,C:\Users\hiten\Documents\Satellite_Property_Valuation\images\train\2624079022.jpg,530000.0,train
2624089022,C:\Users\hiten\Documents\Satellite_Property_Valuation\images\train\2624089022.jpg,399950.0,train
2625059301,C:\Users\hiten\Documents\Satellite_Property_Valuation\images\train\2625059301.jpg,760000.0,train
2634500005,C:\Users\hiten\Documents\Satellite_Property_Valuation\images\train\2634500005.jpg,237500.0,train
2639400020,C:\Users\hiten\Documents\Satellite_Property_Valuation\images\train\2639400020.jpg,635000.0,train
2641800060,C:\Users\hiten\Documents\Satellite_Property_Valuation\images\train\2641800060.jpg,239000.0,train
2648500030,C:\Users\hiten\Documents\Satellite_Property_Valuation\images\train\2648500030.jpg,112000.0,train
2652500126,C:\Users\hiten\Documents\Satellite_Property_Valuation\images\train\2652500126.jpg,570500.0,train
2652500210,C:\Users\hiten\Documents\Satellite_Property_Valuation\images\train\2652500210.jpg,608000.0,train
2653000005,C:\Users\hiten\Documents\Satellite_Property_Valuation\images\train\2653000005.jpg,840000.0,train
2655500241,C:\Users\hiten\Documents\Satellite_Property_Valuation\images\train\2655500241.jpg,1699000.0,train
2675600025,C:\Users\hiten\Documents\Satellite_Property_Valuation\images\train\2675600025.jpg,603500.0,train
2676500080,C:\Users\hiten\Documents\Satellite_Property_Valuation\images\train\2676500080.jpg,268500.0,train
2688100075,C:\Users\hiten\Documents\Satellite_Property_Valuation\images\train\2688100075.jpg,488000.0,train
2690600005,C:\Users\hiten\Documents\Satellite_Property_Valuation\images\train\2690600005.jpg,162500.0,train
2695600070,C:\Users\hiten\Documents\Satellite_Property_Valuation\images\train\2695600070.jpg,345000.0,train
2695600190,C:\Users\hiten\Documents\Satellite_Property_Valuation\images\train\2695600190.jpg,416000.0,train
2705600067,C:\Users\hiten\Documents\Satellite_Property_Valuation\images\train\2705600067.jpg,539950.0,train
2721049061,C:\Users\hiten\Documents\Satellite_Property_Valuation\images\train\2721049061.jpg,625000.0,train
2721059173,C:\Users\hiten\Documents\Satellite_Property_Valuation\images\train\2721059173.jpg,204555.0,train
2722049246,C:\Users\hiten\Documents\Satellite_Property_Valuation\images\train\2722049246.jpg,280000.0,train
2722059292,C:\Users\hiten\Documents\Satellite_Property_Valuation\images\train\2722059292.jpg,129000.0,train
2722059322,C:\Users\hiten\Documents\Satellite_Property_Valuation\images\train\2722059322.jpg,320000.0,train
2722069077,C:\Users\hiten\Documents\Satellite_Property_Valuation\images\train\2722069077.jpg,430000.0,train
2725069108,C:\Users\hiten\Documents\Satellite_Property_Valuation\images\train\2725069108.jpg,750000.0,train
2725069162,C:\Users\hiten\Documents\Satellite_Property_Valuation\images\train\2725069162.jpg,772000.0,train
2725069164,C:\Users\hiten\Documents\Satellite_Property_Valuation\images\train\2725069164.jpg,785000.0,train
2726049034,C:\Users\hiten\Documents\Satellite_Property_Valuation\images\train\2726049034.jpg,2000000.0,train
2726049169,C:\Users\hiten\Documents\Satellite_Property_Valuation\images\train\2726049169.jpg,625000.0,train
2730000070,C:\Users\hiten\Documents\Satellite_Property_Valuation\images\train\2730000070.jpg,225000.0,train
2731600080,C:\Users\hiten\Documents\Satellite_Property_Valuation\images\train\2731600080.jpg,454000.0,train
2734100732,C:\Users\hiten\Documents\Satellite_Property_Valuation\images\train\2734100732.jpg,216650.0,train
2738640470,C:\Users\hiten\Documents\Satellite_Property_Valuation\images\train\2738640470.jpg,623300.0,train
2742100009,C:\Users\hiten\Documents\Satellite_Property_Valuation\images\train\2742100009.jpg,385000.0,train
2754700170,C:\Users\hiten\Documents\Satellite_Property_Valuation\images\train\2754700170.jpg,443500.0,train
2755200040,C:\Users\hiten\Documents\Satellite_Property_Valuation\images\train\2755200040.jpg,492000.0,train
2757000040,C:\Users\hiten\Documents\Satellite_Property_Valuation\images\train\2757000040.jpg,795000.0,train
2759500105,C:\Users\hiten\Documents\Satellite_Property_Valuation\images\train\2759500105.jpg,419000.0,train
2767600400,C:\Users\hiten\Documents\Satellite_Property_Valuation\images\train\2767600400.jpg,719950.0,train
2767600920,C:\Users\hiten\Documents\Satellite_Property_Valuation\images\train\2767600920.jpg,465000.0,train
2767601100,C:\Users\hiten\Documents\Satellite_Property_Valuation\images\train\2767601100.jpg,513000.0,train
2767601805,C:\Users\hiten\Documents\Satellite_Property_Valuation\images\train\2767601805.jpg,600000.0,train
2767602720,C:\Users\hiten\Documents\Satellite_Property_Valuation\images\train\2767602720.jpg,575000.0,train
2767603215,C:\Users\hiten\Documents\Satellite_Property_Valuation\images\train\2767603215.jpg,490000.0,train
2767603535,C:\Users\hiten\Documents\Satellite_Property_Valuation\images\train\2767603535.jpg,600000.0,train
2767603612,C:\Users\hiten\Documents\Satellite_Property_Valuation\images\train\2767603612.jpg,489000.0,train
2767604252,C:\Users\hiten\Documents\Satellite_Property_Valuation\images\train\2767604252.jpg,344000.0,train
2767604253,C:\Users\hiten\Documents\Satellite_Property_Valuation\images\train\2767604253.jpg,396000.0,train
2767604254,C:\Users\hiten\Documents\Satellite_Property_Valuation\images\train\2767604254.jpg,425000.0,train
2767604551,C:\Users\hiten\Documents\Satellite_Property_Valuation\images\train\2767604551.jpg,371000.0,train
2767604580,C:\Users\hiten\Documents\Satellite_Property_Valuation\images\train\2767604580.jpg,635000.0,train
2767604592,C:\Users\hiten\Documents\Satellite_Property_Valuation\images\train\2767604592.jpg,607500.0,train
2767704251,C:\Users\hiten\Documents\Satellite_Property_Valuation\images\train\2767704251.jpg,514700.0,train
2767705010,C:\Users\hiten\Documents\Satellite_Property_Valuation\images\train\2767705010.jpg,639000.0,train
2767900355,C:\Users\hiten\Documents\Satellite_Property_Valuation\images\train\2767900355.jpg,523460.0,train
2768100690,C:\Users\hiten\Documents\Satellite_Property_Valuation\images\train\2768100690.jpg,513000.0,train
2768200210,C:\Users\hiten\Documents\Satellite_Property_Valuation\images\train\2768200210.jpg,499000.0,train
2768301490,C:\Users\hiten\Documents\Satellite_Property_Valuation\images\train\2768301490.jpg,402000.0,train
2769600305,C:\Users\hiten\Documents\Satellite_Property_Valuation\images\train\2769600305.jpg,715000.0,train
2769600560,C:\Users\hiten\Documents\Satellite_Property_Valuation\images\train\2769600560.jpg,529000.0,train
2769600590,C:\Users\hiten\Documents\Satellite_Property_Valuation\images\train\2769600590.jpg,900000.0,train
2769602135,C:\Users\hiten\Documents\Satellite_Property_Valuation\images\train\2769602135.jpg,435000.0,train
2769602840,C:\Users\hiten\Documents\Satellite_Property_Valuation\images\train\2769602840.jpg,450000.0,train
2770600841,C:\Users\hiten\Documents\Satellite_Property_Valuation\images\train\2770600841.jpg,640000.0,train
2770600853,C:\Users\hiten\Documents\Satellite_Property_Valuation\images\train\2770600853.jpg,585000.0,train
2770601365,C:\Users\hiten\Documents\Satellite_Property_Valuation\images\train\2770601365.jpg,473000.0,train
2770601696,C:\Users\hiten\Documents\Satellite_Property_Valuation\images\train\2770601696.jpg,439990.0,train
2770604082,C:\Users\hiten\Documents\Satellite_Property_Valuation\images\train\2770604082.jpg,629950.0,train
2770604103,C:\Users\hiten\Documents\Satellite_Property_Valuation\images\train\2770604103.jpg,450000.0,train
2770604346,C:\Users\hiten\Documents\Satellite_Property_Valuation\images\train\2770604346.jpg,499000.0,train
2770604365,C:\Users\hiten\Documents\Satellite_Property_Valuation\images\train\2770604365.jpg,649950.0,train
2770604410,C:\Users\hiten\Documents\Satellite_Property_Valuation\images\train\2770604410.jpg,608000.0,train
2770604920,C:\Users\hiten\Documents\Satellite_Property_Valuation\images\train\2770604920.jpg,497000.0,train
2770604925,C:\Users\hiten\Documents\Satellite_Property_Valuation\images\train\2770604925.jpg,1300000.0,train
2770604942,C:\Users\hiten\Documents\Satellite_Property_Valuation\images\train\2770604942.jpg,609850.0,train
2770605065,C:\Users\hiten\Documents\Satellite_Property_Valuation\images\train\2770605065.jpg,450000.0,train
2770605548,C:\Users\hiten\Documents\Satellite_Property_Valuation\images\train\2770605548.jpg,952000.0,train
2771101251,C:\Users\hiten\Documents\Satellite_Property_Valuation\images\train\2771101251.jpg,395000.0,train
2771102144,C:\Users\hiten\Documents\Satellite_Property_Valuation\images\train\2771102144.jpg,385000.0,train
2771104830,C:\Users\hiten\Documents\Satellite_Property_Valuation\images\train\2771104830.jpg,800000.0,train
2771603610,C:\Users\hiten\Documents\Satellite_Property_Valuation\images\train\2771603610.jpg,545000.0,train
2771604120,C:\Users\hiten\Documents\Satellite_Property_Valuation\images\train\2771604120.jpg,970000.0,train
2771604190,C:\Users\hiten\Documents\Satellite_Property_Valuation\images\train\2771604190.jpg,824000.0,train
2771604196,C:\Users\hiten\Documents\Satellite_Property_Valuation\images\train\2771604196.jpg,465000.0,train
2771604370,C:\Users\hiten\Documents\Satellite_Property_Valuation\images\train\2771604370.jpg,460000.0,train
2771604791,C:\Users\hiten\Documents\Satellite_Property_Valuation\images\train\2771604791.jpg,680000.0,train
2776600002,C:\Users\hiten\Documents\Satellite_Property_Valuation\images\train\2776600002.jpg,520000.0,train
2776600082,C:\Users\hiten\Documents\Satellite_Property_Valuation\images\train\2776600082.jpg,407500.0,train
2780400035,C:\Users\hiten\Documents\Satellite_Property_Valuation\images\train\2780400035.jpg,665000.0,train
2780910100,C:\Users\hiten\Documents\Satellite_Property_Valuation\images\train\2780910100.jpg,349900.0,train
2781230020,C:\Users\hiten\Documents\Satellite_Property_Valuation\images\train\2781230020.jpg,398500.0,train
2781250110,C:\Users\hiten\Documents\Satellite_Property_Valuation\images\train\2781250110.jpg,360000.0,train
2781250150,C:\Users\hiten\Documents\Satellite_Property_Valuation\images\train\2781250150.jpg,445000.0,train
2781250520,C:\Users\hiten\Documents\Satellite_Property_Valuation\images\train\2781250520.jpg,200000.0,train
2781250610,C:\Users\hiten\Documents\Satellite_Property_Valuation\images\train\2781250610.jpg,250000.0,train
2781250900,C:\Users\hiten\Documents\Satellite_Property_Valuation\images\train\2781250900.jpg,218000.0,train
2781270400,C:\Users\hiten\Documents\Satellite_Property_Valuation\images\train\2781270400.jpg,215000.0,train
2781270550,C:\Users\hiten\Documents\Satellite_Property_Valuation\images\train\2781270550.jpg,219000.0,train
2781280390,C:\Users\hiten\Documents\Satellite_Property_Valuation\images\train\2781280390.jpg,290000.0,train
2781600195,C:\Users\hiten\Documents\Satellite_Property_Valuation\images\train\2781600195.jpg,285000.0,train
2785000290,C:\Users\hiten\Documents\Satellite_Property_Valuation\images\train\2785000290.jpg,675000.0,train
2787311480,C:\Users\hiten\Documents\Satellite_Property_Valuation\images\train\2787311480.jpg,253000.0,train
2787320140,C:\Users\hiten\Documents\Satellite_Property_Valuation\images\train\2787320140.jpg,255000.0,train
2787320430,C:\Users\hiten\Documents\Satellite_Property_Valuation\images\train\2787320430.jpg,264000.0,train
2787320620,C:\Users\hiten\Documents\Satellite_Property_Valuation\images\train\2787320620.jpg,222000.0,train
2787700030,C:\Users\hiten\Documents\Satellite_Property_Valuation\images\train\2787700030.jpg,359500.0,train
2787700150,C:\Users\hiten\Documents\Satellite_Property_Valuation\images\train\2787700150.jpg,365000.0,train
2787700180,C:\Users\hiten\Documents\Satellite_Property_Valuation\images\train\2787700180.jpg,320000.0,train
2787700630,C:\Users\hiten\Documents\Satellite_Property_Valuation\images\train\2787700630.jpg,399000.0,train
2788400020,C:\Users\hiten\Documents\Satellite_Property_Valuation\images\train\2788400020.jpg,150000.0,train
2788500090,C:\Users\hiten\Documents\Satellite_Property_Valuation\images\train\2788500090.jpg,309000.0,train
2791500280,C:\Users\hiten\Documents\Satellite_Property_Valuation\images\train\2791500280.jpg,246000.0,train
2806800090,C:\Users\hiten\Documents\Satellite_Property_Valuation\images\train\2806800090.jpg,390000.0,train
2807100095,C:\Users\hiten\Documents\Satellite_Property_Valuation\images\train\2807100095.jpg,402000.0,train
2807100156,C:\Users\hiten\Documents\Satellite_Property_Valuation\images\train\2807100156.jpg,295950.0,train
2810100040,C:\Users\hiten\Documents\Satellite_Property_Valuation\images\train\2810100040.jpg,485000.0,train
2817100570,C:\Users\hiten\Documents\Satellite_Property_Valuation\images\train\2817100570.jpg,453000.0,train
2817850290,C:\Users\hiten\Documents\Satellite_Property_Valuation\images\train\2817850290.jpg,258000.0,train
2817900180,C:\Users\hiten\Documents\Satellite_Property_Valuation\images\train\2817900180.jpg,380000.0,train
2818100255,C:\Users\hiten\Documents\Satellite_Property_Valuation\images\train\2818100255.jpg,922000.0,train
2821100125,C:\Users\hiten\Documents\Satellite_Property_Valuation\images\train\2821100125.jpg,524000.0,train
2822049148,C:\Users\hiten\Documents\Satellite_Property_Valuation\images\train\2822049148.jpg,217000.0,train
2822049210,C:\Users\hiten\Documents\Satellite_Property_Valuation\images\train\2822049210.jpg,165000.0,train
2822049254,C:\Users\hiten\Documents\Satellite_Property_Valuation\images\train\2822049254.jpg,375000.0,train
2822059350,C:\Users\hiten\Documents\Satellite_Property_Valuation\images\train\2822059350.jpg,340000.0,train
2822100175,C:\Users\hiten\Documents\Satellite_Property_Valuation\images\train\2822100175.jpg,284000.0,train
2824069142,C:\Users\hiten\Documents\Satellite_Property_Valuation\images\train\2824069142.jpg,510000.0,train
2824600290,C:\Users\hiten\Documents\Satellite_Property_Valuation\images\train\2824600290.jpg,605000.0,train
2825079001,C:\Users\hiten\Documents\Satellite_Property_Valuation\images\train\2825079001.jpg,800000.0,train
2826049070,C:\Users\hiten\Documents\Satellite_Property_Valuation\images\train\2826049070.jpg,595000.0,train
2826049106,C:\Users\hiten\Documents\Satellite_Property_Valuation\images\train\2826049106.jpg,490000.0,train
2826049282,C:\Users\hiten\Documents\Satellite_Property_Valuation\images\train\2826049282.jpg,530000.0,train
2826079027,C:\Users\hiten\Documents\Satellite_Property_Valuation\images\train\2826079027.jpg,659000.0,train
2826079101,C:\Users\hiten\Documents\Satellite_Property_Valuation\images\train\2826079101.jpg,570000.0,train
2826079145,C:\Users\hiten\Documents\Satellite_Property_Valuation\images\train\2826079145.jpg,655000.0,train
2832100270,C:\Users\hiten\Documents\Satellite_Property_Valuation\images\train\2832100270.jpg,306888.0,train
2851200100,C:\Users\hiten\Documents\Satellite_Property_Valuation\images\train\2851200100.jpg,955500.0,train
2854800095,C:\Users\hiten\Documents\Satellite_Property_Valuation\images\train\2854800095.jpg,292600.0,train
2856100381,C:\Users\hiten\Documents\Satellite_Property_Valuation\images\train\2856100381.jpg,580000.0,train
2862100205,C:\Users\hiten\Documents\Satellite_Property_Valuation\images\train\2862100205.jpg,469950.0,train
2862100260,C:\Users\hiten\Documents\Satellite_Property_Valuation\images\train\2862100260.jpg,540000.0,train
2862500070,C:\Users\hiten\Documents\Satellite_Property_Valuation\images\train\2862500070.jpg,859950.0,train
2862500190,C:\Users\hiten\Documents\Satellite_Property_Valuation\images\train\2862500190.jpg,895950.0,train
2869100080,C:\Users\hiten\Documents\Satellite_Property_Valuation\images\train\2869100080.jpg,744000.0,train
2871000400,C:\Users\hiten\Documents\Satellite_Property_Valuation\images\train\2871000400.jpg,751000.0,train
2872100245,C:\Users\hiten\Documents\Satellite_Property_Valuation\images\train\2872100245.jpg,465000.0,train
2872900050,C:\Users\hiten\Documents\Satellite_Property_Valuation\images\train\2872900050.jpg,400000.0,train
2873000780,C:\Users\hiten\Documents\Satellite_Property_Valuation\images\train\2873000780.jpg,255000.0,train
2877101031,C:\Users\hiten\Documents\Satellite_Property_Valuation\images\train\2877101031.jpg,512031.0,train
2877102196,C:\Users\hiten\Documents\Satellite_Property_Valuation\images\train\2877102196.jpg,750000.0,train
2877102846,C:\Users\hiten\Documents\Satellite_Property_Valuation\images\train\2877102846.jpg,575000.0,train
2877103615,C:\Users\hiten\Documents\Satellite_Property_Valuation\images\train\2877103615.jpg,870000.0,train
2877103726,C:\Users\hiten\Documents\Satellite_Property_Valuation\images\train\2877103726.jpg,791500.0,train
2878600655,C:\Users\hiten\Documents\Satellite_Property_Valuation\images\train\2878600655.jpg,665000.0,train
2881700522,C:\Users\hiten\Documents\Satellite_Property_Valuation\images\train\2881700522.jpg,438000.0,train
2883200139,C:\Users\hiten\Documents\Satellite_Property_Valuation\images\train\2883200139.jpg,1325000.0,train
2883200966,C:\Users\hiten\Documents\Satellite_Property_Valuation\images\train\2883200966.jpg,780000.0,train
2883201055,C:\Users\hiten\Documents\Satellite_Property_Valuation\images\train\2883201055.jpg,875000.0,train
2887700970,C:\Users\hiten\Documents\Satellite_Property_Valuation\images\train\2887700970.jpg,637000.0,train
2887701940,C:\Users\hiten\Documents\Satellite_Property_Valuation\images\train\2887701940.jpg,485000.0,train
2887703066,C:\Users\hiten\Documents\Satellite_Property_Valuation\images\train\2887703066.jpg,815000.0,train
2888000020,C:\Users\hiten\Documents\Satellite_Property_Valuation\images\train\2888000020.jpg,455000.0,train
2891000680,C:\Users\hiten\Documents\Satellite_Property_Valuation\images\train\2891000680.jpg,195000.0,train
2892600016,C:\Users\hiten\Documents\Satellite_Property_Valuation\images\train\2892600016.jpg,197500.0,train
2892700041,C:\Users\hiten\Documents\Satellite_Property_Valuation\images\train\2892700041.jpg,238000.0,train
2893000610,C:\Users\hiten\Documents\Satellite_Property_Valuation\images\train\2893000610.jpg,252000.0,train
2895800780,C:\Users\hiten\Documents\Satellite_Property_Valuation\images\train\2895800780.jpg,279800.0,train
2896000710,C:\Users\hiten\Documents\Satellite_Property_Valuation\images\train\2896000710.jpg,560000.0,train
2896310160,C:\Users\hiten\Documents\Satellite_Property_Valuation\images\train\2896310160.jpg,625000.0,train
2896610210,C:\Users\hiten\Documents\Satellite_Property_Valuation\images\train\2896610210.jpg,319000.0,train
2899200040,C:\Users\hiten\Documents\Satellite_Property_Valuation\images\train\2899200040.jpg,242000.0,train
2902200237,C:\Users\hiten\Documents\Satellite_Property_Valuation\images\train\2902200237.jpg,505000.0,train
2909700070,C:\Users\hiten\Documents\Satellite_Property_Valuation\images\train\2909700070.jpg,455500.0,train
2911700020,C:\Users\hiten\Documents\Satellite_Property_Valuation\images\train\2911700020.jpg,1476000.0,train
2915200210,C:\Users\hiten\Documents\Satellite_Property_Valuation\images\train\2915200210.jpg,500000.0,train
2916200054,C:\Users\hiten\Documents\Satellite_Property_Valuation\images\train\2916200054.jpg,392500.0,train
2916610150,C:\Users\hiten\Documents\Satellite_Property_Valuation\images\train\2916610150.jpg,274950.0,train
2919200665,C:\Users\hiten\Documents\Satellite_Property_Valuation\images\train\2919200665.jpg,734000.0,train
2919700735,C:\Users\hiten\Documents\Satellite_Property_Valuation\images\train\2919700735.jpg,870000.0,train
2919702655,C:\Users\hiten\Documents\Satellite_Property_Valuation\images\train\2919702655.jpg,475000.0,train
2921079027,C:\Users\hiten\Documents\Satellite_Property_Valuation\images\train\2921079027.jpg,400000.0,train
2921700060,C:\Users\hiten\Documents\Satellite_Property_Valuation\images\train\2921700060.jpg,535000.0,train
2923500010,C:\Users\hiten\Documents\Satellite_Property_Valuation\images\train\2923500010.jpg,757500.0,train
2923500550,C:\Users\hiten\Documents\Satellite_Property_Valuation\images\train\2923500550.jpg,599990.0,train
2923500750,C:\Users\hiten\Documents\Satellite_Property_Valuation\images\train\2923500750.jpg,638150.0,train
2926049376,C:\Users\hiten\Documents\Satellite_Property_Valuation\images\train\2926049376.jpg,220000.0,train
2926049437,C:\Users\hiten\Documents\Satellite_Property_Valuation\images\train\2926049437.jpg,425000.0,train
2926059146,C:\Users\hiten\Documents\Satellite_Property_Valuation\images\train\2926059146.jpg,748000.0,train
2929600035,C:\Users\hiten\Documents\Satellite_Property_Valuation\images\train\2929600035.jpg,410000.0,train
2937300430,C:\Users\hiten\Documents\Satellite_Property_Valuation\images\train\2937300430.jpg,928990.0,train
2937300560,C:\Users\hiten\Documents\Satellite_Property_Valuation\images\train\2937300560.jpg,939000.0,train
2938100005,C:\Users\hiten\Documents\Satellite_Property_Valuation\images\train\2938100005.jpg,264950.0,train
2938200040,C:\Users\hiten\Documents\Satellite_Property_Valuation\images\train\2938200040.jpg,224950.0,train
2944000050,C:\Users\hiten\Documents\Satellite_Property_Valuation\images\train\2944000050.jpg,995000.0,train
2944010210,C:\Users\hiten\Documents\Satellite_Property_Valuation\images\train\2944010210.jpg,1093000.0,train
2946000751,C:\Users\hiten\Documents\Satellite_Property_Valuation\images\train\2946000751.jpg,230000.0,train
2946001645,C:\Users\hiten\Documents\Satellite_Property_Valuation\images\train\2946001645.jpg,232000.0,train
2946003415,C:\Users\hiten\Documents\Satellite_Property_Valuation\images\train\2946003415.jpg,174500.0,train
2953000300,C:\Users\hiten\Documents\Satellite_Property_Valuation\images\train\2953000300.jpg,201000.0,train
2954400190,C:\Users\hiten\Documents\Satellite_Property_Valuation\images\train\2954400190.jpg,1295650.0,train
2968800645,C:\Users\hiten\Documents\Satellite_Property_Valuation\images\train\2968800645.jpg,215000.0,train
2968800825,C:\Users\hiten\Documents\Satellite_Property_Valuation\images\train\2968800825.jpg,300000.0,train
2968801085,C:\Users\hiten\Documents\Satellite_Property_Valuation\images\train\2968801085.jpg,334000.0,train
2968801130,C:\Users\hiten\Documents\Satellite_Property_Valuation\images\train\2968801130.jpg,360000.0,train
2970800145,C:\Users\hiten\Documents\Satellite_Property_Valuation\images\train\2970800145.jpg,350500.0,train
2972300060,C:\Users\hiten\Documents\Satellite_Property_Valuation\images\train\2972300060.jpg,405300.0,train
2976800550,C:\Users\hiten\Documents\Satellite_Property_Valuation\images\train\2976800550.jpg,280005.0,train
2985800070,C:\Users\hiten\Documents\Satellite_Property_Valuation\images\train\2985800070.jpg,549995.0,train
2988800011,C:\Users\hiten\Documents\Satellite_Property_Valuation\images\train\2988800011.jpg,244000.0,train
2997800015,C:\Users\hiten\Documents\Satellite_Property_Valuation\images\train\2997800015.jpg,500000.0,train
3021049140,C:\Users\hiten\Documents\Satellite_Property_Valuation\images\train\3021049140.jpg,300000.0,train
3021059197,C:\Users\hiten\Documents\Satellite_Property_Valuation\images\train\3021059197.jpg,247200.0,train
3022039071,C:\Users\hiten\Documents\Satellite_Property_Valuation\images\train\3022039071.jpg,800000.0,train
3022079087,C:\Users\hiten\Documents\Satellite_Property_Valuation\images\train\3022079087.jpg,712000.0,train
3023000050,C:\Users\hiten\Documents\Satellite_Property_Valuation\images\train\3023000050.jpg,310000.0,train
3023000120,C:\Users\hiten\Documents\Satellite_Property_Valuation\images\train\3023000120.jpg,294900.0,train
3023000200,C:\Users\hiten\Documents\Satellite_Property_Valuation\images\train\3023000200.jpg,380000.0,train
3023039231,C:\Users\hiten\Documents\Satellite_Property_Valuation\images\train\3023039231.jpg,650000.0,train
3023049186,C:\Users\hiten\Documents\Satellite_Property_Valuation\images\train\3023049186.jpg,575000.0,train
3023049215,C:\Users\hiten\Documents\Satellite_Property_Valuation\images\train\3023049215.jpg,519000.0,train
3023049256,C:\Users\hiten\Documents\Satellite_Property_Valuation\images\train\3023049256.jpg,390000.0,train
3024059126,C:\Users\hiten\Documents\Satellite_Property_Valuation\images\train\3024059126.jpg,1195000.0,train
3024079063,C:\Users\hiten\Documents\Satellite_Property_Valuation\images\train\3024079063.jpg,850000.0,train
3024079069,C:\Users\hiten\Documents\Satellite_Property_Valuation\images\train\3024079069.jpg,371000.0,train
3025059136,C:\Users\hiten\Documents\Satellite_Property_Valuation\images\train\3025059136.jpg,800000.0,train
3026059014,C:\Users\hiten\Documents\Satellite_Property_Valuation\images\train\3026059014.jpg,400000.0,train
3026059341,C:\Users\hiten\Documents\Satellite_Property_Valuation\images\train\3026059341.jpg,549950.0,train
3026059363,C:\Users\hiten\Documents\Satellite_Property_Valuation\images\train\3026059363.jpg,575000.0,train
3026079005,C:\Users\hiten\Documents\Satellite_Property_Valuation\images\train\3026079005.jpg,640000.0,train
3026079055,C:\Users\hiten\Documents\Satellite_Property_Valuation\images\train\3026079055.jpg,598600.0,train
3031200205,C:\Users\hiten\Documents\Satellite_Property_Valuation\images\train\3031200205.jpg,415000.0,train
3034200036,C:\Users\hiten\Documents\Satellite_Property_Valuation\images\train\3034200036.jpg,438000.0,train
3034200660,C:\Users\hiten\Documents\Satellite_Property_Valuation\images\train\3034200660.jpg,507000.0,train
3034200885,C:\Users\hiten\Documents\Satellite_Property_Valuation\images\train\3034200885.jpg,290000.0,train
3037200060,C:\Users\hiten\Documents\Satellite_Property_Valuation\images\train\3037200060.jpg,499000.0,train
3037200141,C:\Users\hiten\Documents\Satellite_Property_Valuation\images\train\3037200141.jpg,546000.0,train
3039000010,C:\Users\hiten\Documents\Satellite_Property_Valuation\images\train\3039000010.jpg,420000.0,train
3041700090,C:\Users\hiten\Documents\Satellite_Property_Valuation\images\train\3041700090.jpg,555565.0,train
3052700245,C:\Users\hiten\Documents\Satellite_Property_Valuation\images\train\3052700245.jpg,750000.0,train
3056800230,C:\Users\hiten\Documents\Satellite_Property_Valuation\images\train\3056800230.jpg,397000.0,train
3062600050,C:\Users\hiten\Documents\Satellite_Property_Valuation\images\train\3062600050.jpg,745000.0,train
3066200460,C:\Users\hiten\Documents\Satellite_Property_Valuation\images\train\3066200460.jpg,572500.0,train
3066400750,C:\Users\hiten\Documents\Satellite_Property_Valuation\images\train\3066400750.jpg,705000.0,train
3066410080,C:\Users\hiten\Documents\Satellite_Property_Valuation\images\train\3066410080.jpg,590000.0,train
3083000365,C:\Users\hiten\Documents\Satellite_Property_Valuation\images\train\3083000365.jpg,330000.0,train
3092000030,C:\Users\hiten\Documents\Satellite_Property_Valuation\images\train\3092000030.jpg,270000.0,train
3117100130,C:\Users\hiten\Documents\Satellite_Property_Valuation\images\train\3117100130.jpg,890000.0,train
3121500020,C:\Users\hiten\Documents\Satellite_Property_Valuation\images\train\3121500020.jpg,700000.0,train
3121500330,C:\Users\hiten\Documents\Satellite_Property_Valuation\images\train\3121500330.jpg,750000.0,train
3123039082,C:\Users\hiten\Documents\Satellite_Property_Valuation\images\train\3123039082.jpg,467500.0,train
3123049230,C:\Users\hiten\Documents\Satellite_Property_Valuation\images\train\3123049230.jpg,638500.0,train
3124049171,C:\Users\hiten\Documents\Satellite_Property_Valuation\images\train\3124049171.jpg,222000.0,train
3124049196,C:\Users\hiten\Documents\Satellite_Property_Valuation\images\train\3124049196.jpg,330000.0,train
3124089060,C:\Users\hiten\Documents\Satellite_Property_Valuation\images\train\3124089060.jpg,282000.0,train
3126049411,C:\Users\hiten\Documents\Satellite_Property_Valuation\images\train\3126049411.jpg,340000.0,train
3126049415,C:\Users\hiten\Documents\Satellite_Property_Valuation\images\train\3126049415.jpg,388000.0,train
3127200041,C:\Users\hiten\Documents\Satellite_Property_Valuation\images\train\3127200041.jpg,589000.0,train
3134100023,C:\Users\hiten\Documents\Satellite_Property_Valuation\images\train\3134100023.jpg,1250000.0,train
3134100116,C:\Users\hiten\Documents\Satellite_Property_Valuation\images\train\3134100116.jpg,470000.0,train
3134100162,C:\Users\hiten\Documents\Satellite_Property_Valuation\images\train\3134100162.jpg,785000.0,train
3145600045,C:\Users\hiten\Documents\Satellite_Property_Valuation\images\train\3145600045.jpg,302000.0,train
3158500460,C:\Users\hiten\Documents\Satellite_Property_Valuation\images\train\3158500460.jpg,359500.0,train
3178100065,C:\Users\hiten\Documents\Satellite_Property_Valuation\images\train\3178100065.jpg,676101.0,train
3179102155,C:\Users\hiten\Documents\Satellite_Property_Valuation\images\train\3179102155.jpg,760000.0,train
3188100400,C:\Users\hiten\Documents\Satellite_Property_Valuation\images\train\3188100400.jpg,530000.0,train
3205100130,C:\Users\hiten\Documents\Satellite_Property_Valuation\images\train\3205100130.jpg,387000.0,train
3205200640,C:\Users\hiten\Documents\Satellite_Property_Valuation\images\train\3205200640.jpg,427200.0,train
3205400140,C:\Users\hiten\Documents\Satellite_Property_Valuation\images\train\3205400140.jpg,385000.0,train
3205400150,C:\Users\hiten\Documents\Satellite_Property_Valuation\images\train\3205400150.jpg,402000.0,train
3205400230,C:\Users\hiten\Documents\Satellite_Property_Valuation\images\train\3205400230.jpg,347000.0,train
3211000040,C:\Users\hiten\Documents\Satellite_Property_Valuation\images\train\3211000040.jpg,255000.0,train
3211000190,C:\Users\hiten\Documents\Satellite_Property_Valuation\images\train\3211000190.jpg,310000.0,train
3211000930,C:\Users\hiten\Documents\Satellite_Property_Valuation\images\train\3211000930.jpg,275000.0,train
3211100730,C:\Users\hiten\Documents\Satellite_Property_Valuation\images\train\3211100730.jpg,360000.0,train
3211210200,C:\Users\hiten\Documents\Satellite_Property_Valuation\images\train\3211210200.jpg,365000.0,train
3211230080,C:\Users\hiten\Documents\Satellite_Property_Valuation\images\train\3211230080.jpg,424000.0,train
3211290050,C:\Users\hiten\Documents\Satellite_Property_Valuation\images\train\3211290050.jpg,425000.0,train
3211600650,C:\Users\hiten\Documents\Satellite_Property_Valuation\images\train\3211600650.jpg,275000.0,train
3213200215,C:\Users\hiten\Documents\Satellite_Property_Valuation\images\train\3213200215.jpg,600000.0,train
3213200250,C:\Users\hiten\Documents\Satellite_Property_Valuation\images\train\3213200250.jpg,605125.0,train
3216900060,C:\Users\hiten\Documents\Satellite_Property_Valuation\images\train\3216900060.jpg,390000.0,train
3216900070,C:\Users\hiten\Documents\Satellite_Property_Valuation\images\train\3216900070.jpg,382500.0,train
3216900080,C:\Users\hiten\Documents\Satellite_Property_Valuation\images\train\3216900080.jpg,325000.0,train
3220079017,C:\Users\hiten\Documents\Satellite_Property_Valuation\images\train\3220079017.jpg,432000.0,train
3220200040,C:\Users\hiten\Documents\Satellite_Property_Valuation\images\train\3220200040.jpg,1712500.0,train
3221079055,C:\Users\hiten\Documents\Satellite_Property_Valuation\images\train\3221079055.jpg,367000.0,train
3221079069,C:\Users\hiten\Documents\Satellite_Property_Valuation\images\train\3221079069.jpg,475000.0,train
3222049087,C:\Users\hiten\Documents\Satellite_Property_Valuation\images\train\3222049087.jpg,570000.0,train
3222049151,C:\Users\hiten\Documents\Satellite_Property_Valuation\images\train\3222049151.jpg,820000.0,train
3223039149,C:\Users\hiten\Documents\Satellite_Property_Valuation\images\train\3223039149.jpg,395000.0,train
3223049131,C:\Users\hiten\Documents\Satellite_Property_Valuation\images\train\3223049131.jpg,270000.0,train
3224079105,C:\Users\hiten\Documents\Satellite_Property_Valuation\images\train\3224079105.jpg,430000.0,train
3224510300,C:\Users\hiten\Documents\Satellite_Property_Valuation\images\train\3224510300.jpg,925000.0,train
3226049270,C:\Users\hiten\Documents\Satellite_Property_Valuation\images\train\3226049270.jpg,585000.0,train
3226049466,C:\Users\hiten\Documents\Satellite_Property_Valuation\images\train\3226049466.jpg,340000.0,train
3226059071,C:\Users\hiten\Documents\Satellite_Property_Valuation\images\train\3226059071.jpg,426000.0,train
3232200095,C:\Users\hiten\Documents\Satellite_Property_Valuation\images\train\3232200095.jpg,615000.0,train
3235390010,C:\Users\hiten\Documents\Satellite_Property_Valuation\images\train\3235390010.jpg,265000.0,train
3241600015,C:\Users\hiten\Documents\Satellite_Property_Valuation\images\train\3241600015.jpg,250000.0,train
3241600027,C:\Users\hiten\Documents\Satellite_Property_Valuation\images\train\3241600027.jpg,390000.0,train
3256400060,C:\Users\hiten\Documents\Satellite_Property_Valuation\images\train\3256400060.jpg,325000.0,train
3260000120,C:\Users\hiten\Documents\Satellite_Property_Valuation\images\train\3260000120.jpg,599380.0,train
3260100330,C:\Users\hiten\Documents\Satellite_Property_Valuation\images\train\3260100330.jpg,600000.0,train
3260200110,C:\Users\hiten\Documents\Satellite_Property_Valuation\images\train\3260200110.jpg,851500.0,train
3260800190,C:\Users\hiten\Documents\Satellite_Property_Valuation\images\train\3260800190.jpg,325000.0,train
3260810110,C:\Users\hiten\Documents\Satellite_Property_Valuation\images\train\3260810110.jpg,338000.0,train
3261020370,C:\Users\hiten\Documents\Satellite_Property_Valuation\images\train\3261020370.jpg,653000.0,train
3262300485,C:\Users\hiten\Documents\Satellite_Property_Valuation\images\train\3262300485.jpg,2250000.0,train
3262300940,C:\Users\hiten\Documents\Satellite_Property_Valuation\images\train\3262300940.jpg,940000.0,train
3262301610,C:\Users\hiten\Documents\Satellite_Property_Valuation\images\train\3262301610.jpg,865000.0,train
3265300410,C:\Users\hiten\Documents\Satellite_Property_Valuation\images\train\3265300410.jpg,370000.0,train
3271800910,C:\Users\hiten\Documents\Satellite_Property_Valuation\images\train\3271800910.jpg,1356920.0,train
3271801090,C:\Users\hiten\Documents\Satellite_Property_Valuation\images\train\3271801090.jpg,1175000.0,train
3275000090,C:\Users\hiten\Documents\Satellite_Property_Valuation\images\train\3275000090.jpg,420000.0,train
3275300040,C:\Users\hiten\Documents\Satellite_Property_Valuation\images\train\3275300040.jpg,320000.0,train
3275850190,C:\Users\hiten\Documents\Satellite_Property_Valuation\images\train\3275850190.jpg,700000.0,train
3275860270,C:\Users\hiten\Documents\Satellite_Property_Valuation\images\train\3275860270.jpg,755000.0,train
3275910020,C:\Users\hiten\Documents\Satellite_Property_Valuation\images\train\3275910020.jpg,340000.0,train
3276930370,C:\Users\hiten\Documents\Satellite_Property_Valuation\images\train\3276930370.jpg,645000.0,train
3276930380,C:\Users\hiten\Documents\Satellite_Property_Valuation\images\train\3276930380.jpg,675000.0,train
3276930400,C:\Users\hiten\Documents\Satellite_Property_Valuation\images\train\3276930400.jpg,625000.0,train
3276940100,C:\Users\hiten\Documents\Satellite_Property_Valuation\images\train\3276940100.jpg,1000000.0,train
3277801592,C:\Users\hiten\Documents\Satellite_Property_Valuation\images\train\3277801592.jpg,479950.0,train
3278600670,C:\Users\hiten\Documents\Satellite_Property_Valuation\images\train\3278600670.jpg,235000.0,train
3278600710,C:\Users\hiten\Documents\Satellite_Property_Valuation\images\train\3278600710.jpg,200000.0,train
3278600900,C:\Users\hiten\Documents\Satellite_Property_Valuation\images\train\3278600900.jpg,443000.0,train
3278603000,C:\Users\hiten\Documents\Satellite_Property_Valuation\images\train\3278603000.jpg,459000.0,train
3278611610,C:\Users\hiten\Documents\Satellite_Property_Valuation\images\train\3278611610.jpg,379900.0,train
3278612450,C:\Users\hiten\Documents\Satellite_Property_Valuation\images\train\3278612450.jpg,391000.0,train
3288200360,C:\Users\hiten\Documents\Satellite_Property_Valuation\images\train\3288200360.jpg,453000.0,train
3288200710,C:\Users\hiten\Documents\Satellite_Property_Valuation\images\train\3288200710.jpg,465000.0,train
3291800510,C:\Users\hiten\Documents\Satellite_Property_Valuation\images\train\3291800510.jpg,310000.0,train
3291800780,C:\Users\hiten\Documents\Satellite_Property_Valuation\images\train\3291800780.jpg,375000.0,train
3293700496,C:\Users\hiten\Documents\Satellite_Property_Valuation\images\train\3293700496.jpg,450000.0,train
3293700521,C:\Users\hiten\Documents\Satellite_Property_Valuation\images\train\3293700521.jpg,389000.0,train
3294700320,C:\Users\hiten\Documents\Satellite_Property_Valuation\images\train\3294700320.jpg,325000.0,train
3295750550,C:\Users\hiten\Documents\Satellite_Property_Valuation\images\train\3295750550.jpg,290000.0,train
3296900280,C:\Users\hiten\Documents\Satellite_Property_Valuation\images\train\3296900280.jpg,425000.0,train
3297700100,C:\Users\hiten\Documents\Satellite_Property_Valuation\images\train\3297700100.jpg,577000.0,train
3298500690,C:\Users\hiten\Documents\Satellite_Property_Valuation\images\train\3298500690.jpg,300000.0,train
3298700110,C:\Users\hiten\Documents\Satellite_Property_Valuation\images\train\3298700110.jpg,373000.0,train
3298700156,C:\Users\hiten\Documents\Satellite_Property_Valuation\images\train\3298700156.jpg,310000.0,train
3298700302,C:\Users\hiten\Documents\Satellite_Property_Valuation\images\train\3298700302.jpg,287000.0,train
3298700820,C:\Users\hiten\Documents\Satellite_Property_Valuation\images\train\3298700820.jpg,160000.0,train
3298700840,C:\Users\hiten\Documents\Satellite_Property_Valuation\images\train\3298700840.jpg,263500.0,train
3298700946,C:\Users\hiten\Documents\Satellite_Property_Valuation\images\train\3298700946.jpg,340000.0,train
3299610260,C:\Users\hiten\Documents\Satellite_Property_Valuation\images\train\3299610260.jpg,948000.0,train
3300700470,C:\Users\hiten\Documents\Satellite_Property_Valuation\images\train\3300700470.jpg,394475.0,train
3300701440,C:\Users\hiten\Documents\Satellite_Property_Valuation\images\train\3300701440.jpg,409000.0,train
3300701575,C:\Users\hiten\Documents\Satellite_Property_Valuation\images\train\3300701575.jpg,455000.0,train
3303700376,C:\Users\hiten\Documents\Satellite_Property_Valuation\images\train\3303700376.jpg,667000.0,train
3303860030,C:\Users\hiten\Documents\Satellite_Property_Valuation\images\train\3303860030.jpg,495000.0,train
3303860160,C:\Users\hiten\Documents\Satellite_Property_Valuation\images\train\3303860160.jpg,430000.0,train
3303870050,C:\Users\hiten\Documents\Satellite_Property_Valuation\images\train\3303870050.jpg,545000.0,train
3303950660,C:\Users\hiten\Documents\Satellite_Property_Valuation\images\train\3303950660.jpg,390000.0,train
3303980140,C:\Users\hiten\Documents\Satellite_Property_Valuation\images\train\3303980140.jpg,1150000.0,train
3304030220,C:\Users\hiten\Documents\Satellite_Property_Valuation\images\train\3304030220.jpg,480000.0,train
3305100230,C:\Users\hiten\Documents\Satellite_Property_Valuation\images\train\3305100230.jpg,820000.0,train
3313600077,C:\Users\hiten\Documents\Satellite_Property_Valuation\images\train\3313600077.jpg,185000.0,train
3317500100,C:\Users\hiten\Documents\Satellite_Property_Valuation\images\train\3317500100.jpg,998000.0,train
3319500317,C:\Users\hiten\Documents\Satellite_Property_Valuation\images\train\3319500317.jpg,380000.0,train
3319500628,C:\Users\hiten\Documents\Satellite_Property_Valuation\images\train\3319500628.jpg,356999.0,train
3319500922,C:\Users\hiten\Documents\Satellite_Property_Valuation\images\train\3319500922.jpg,345000.0,train
3321069006,C:\Users\hiten\Documents\Satellite_Property_Valuation\images\train\3321069006.jpg,905000.0,train
3321079060,C:\Users\hiten\Documents\Satellite_Property_Valuation\images\train\3321079060.jpg,378000.0,train
3322049126,C:\Users\hiten\Documents\Satellite_Property_Valuation\images\train\3322049126.jpg,261000.0,train
3323059027,C:\Users\hiten\Documents\Satellite_Property_Valuation\images\train\3323059027.jpg,326000.0,train
3325059177,C:\Users\hiten\Documents\Satellite_Property_Valuation\images\train\3325059177.jpg,850000.0,train
3326049077,C:\Users\hiten\Documents\Satellite_Property_Valuation\images\train\3326049077.jpg,630000.0,train
3326059191,C:\Users\hiten\Documents\Satellite_Property_Valuation\images\train\3326059191.jpg,410000.0,train
3329500730,C:\Users\hiten\Documents\Satellite_Property_Valuation\images\train\3329500730.jpg,220000.0,train
3329520410,C:\Users\hiten\Documents\Satellite_Property_Valuation\images\train\3329520410.jpg,245000.0,train
3330500705,C:\Users\hiten\Documents\Satellite_Property_Valuation\images\train\3330500705.jpg,197500.0,train
3330500875,C:\Users\hiten\Documents\Satellite_Property_Valuation\images\train\3330500875.jpg,381156.0,train
3330500925,C:\Users\hiten\Documents\Satellite_Property_Valuation\images\train\3330500925.jpg,258305.0,train
3331500485,C:\Users\hiten\Documents\Satellite_Property_Valuation\images\train\3331500485.jpg,350000.0,train
3332000195,C:\Users\hiten\Documents\Satellite_Property_Valuation\images\train\3332000195.jpg,167500.0,train
3332000530,C:\Users\hiten\Documents\Satellite_Property_Valuation\images\train\3332000530.jpg,599000.0,train
3332000715,C:\Users\hiten\Documents\Satellite_Property_Valuation\images\train\3332000715.jpg,433000.0,train
3332500085,C:\Users\hiten\Documents\Satellite_Property_Valuation\images\train\3332500085.jpg,489950.0,train
3332500636,C:\Users\hiten\Documents\Satellite_Property_Valuation\images\train\3332500636.jpg,356000.0,train
3333002440,C:\Users\hiten\Documents\Satellite_Property_Valuation\images\train\3333002440.jpg,327500.0,train
3333002710,C:\Users\hiten\Documents\Satellite_Property_Valuation\images\train\3333002710.jpg,299000.0,train
3333500096,C:\Users\hiten\Documents\Satellite_Property_Valuation\images\train\3333500096.jpg,625000.0,train
3335000050,C:\Users\hiten\Documents\Satellite_Property_Valuation\images\train\3335000050.jpg,397000.0,train
3336001470,C:\Users\hiten\Documents\Satellite_Property_Valuation\images\train\3336001470.jpg,311000.0,train
3336500180,C:\Users\hiten\Documents\Satellite_Property_Valuation\images\train\3336500180.jpg,324500.0,train
3342101795,C:\Users\hiten\Documents\Satellite_Property_Valuation\images\train\3342101795.jpg,430000.0,train
3342102220,C:\Users\hiten\Documents\Satellite_Property_Valuation\images\train\3342102220.jpg,327000.0,train
3342102880,C:\Users\hiten\Documents\Satellite_Property_Valuation\images\train\3342102880.jpg,464000.0,train
3342103148,C:\Users\hiten\Documents\Satellite_Property_Valuation\images\train\3342103148.jpg,502500.0,train
3342103174,C:\Users\hiten\Documents\Satellite_Property_Valuation\images\train\3342103174.jpg,518000.0,train
3342103369,C:\Users\hiten\Documents\Satellite_Property_Valuation\images\train\3342103369.jpg,481000.0,train
3342104046,C:\Users\hiten\Documents\Satellite_Property_Valuation\images\train\3342104046.jpg,1570000.0,train
3342700371,C:\Users\hiten\Documents\Satellite_Property_Valuation\images\train\3342700371.jpg,539950.0,train
3342700464,C:\Users\hiten\Documents\Satellite_Property_Valuation\images\train\3342700464.jpg,729000.0,train
3342700465,C:\Users\hiten\Documents\Satellite_Property_Valuation\images\train\3342700465.jpg,250000.0,train
3342700491,C:\Users\hiten\Documents\Satellite_Property_Valuation\images\train\3342700491.jpg,679000.0,train
3342700610,C:\Users\hiten\Documents\Satellite_Property_Valuation\images\train\3342700610.jpg,371000.0,train
3343301385,C:\Users\hiten\Documents\Satellite_Property_Valuation\images\train\3343301385.jpg,685000.0,train
3343301490,C:\Users\hiten\Documents\Satellite_Property_Valuation\images\train\3343301490.jpg,818500.0,train
3343302110,C:\Users\hiten\Documents\Satellite_Property_Valuation\images\train\3343302110.jpg,1800000.0,train
3343901242,C:\Users\hiten\Documents\Satellite_Property_Valuation\images\train\3343901242.jpg,335000.0,train
3343901408,C:\Users\hiten\Documents\Satellite_Property_Valuation\images\train\3343901408.jpg,569888.0,train
3345100030,C:\Users\hiten\Documents\Satellite_Property_Valuation\images\train\3345100030.jpg,750000.0,train
3345100251,C:\Users\hiten\Documents\Satellite_Property_Valuation\images\train\3345100251.jpg,429900.0,train
3348401382,C:\Users\hiten\Documents\Satellite_Property_Valuation\images\train\3348401382.jpg,318000.0,train
3348401622,C:\Users\hiten\Documents\Satellite_Property_Valuation\images\train\3348401622.jpg,223000.0,train
3348401740,C:\Users\hiten\Documents\Satellite_Property_Valuation\images\train\3348401740.jpg,188000.0,train
3352400004,C:\Users\hiten\Documents\Satellite_Property_Valuation\images\train\3352400004.jpg,184500.0,train
3352400661,C:\Users\hiten\Documents\Satellite_Property_Valuation\images\train\3352400661.jpg,135900.0,train
3352401090,C:\Users\hiten\Documents\Satellite_Property_Valuation\images\train\3352401090.jpg,238950.0,train
3352401476,C:\Users\hiten\Documents\Satellite_Property_Valuation\images\train\3352401476.jpg,199988.0,train
3352401981,C:\Users\hiten\Documents\Satellite_Property_Valuation\images\train\3352401981.jpg,199000.0,train
3353400120,C:\Users\hiten\Documents\Satellite_Property_Valuation\images\train\3353400120.jpg,174000.0,train
3353400840,C:\Users\hiten\Documents\Satellite_Property_Valuation\images\train\3353400840.jpg,230000.0,train
3353400860,C:\Users\hiten\Documents\Satellite_Property_Valuation\images\train\3353400860.jpg,249900.0,train
3356402020,C:\Users\hiten\Documents\Satellite_Property_Valuation\images\train\3356402020.jpg,230000.0,train
3356403304,C:\Users\hiten\Documents\Satellite_Property_Valuation\images\train\3356403304.jpg,154000.0,train
3356403820,C:\Users\hiten\Documents\Satellite_Property_Valuation\images\train\3356403820.jpg,115000.0,train
3359500096,C:\Users\hiten\Documents\Satellite_Property_Valuation\images\train\3359500096.jpg,645000.0,train
3361401210,C:\Users\hiten\Documents\Satellite_Property_Valuation\images\train\3361401210.jpg,209000.0,train
3362400125,C:\Users\hiten\Documents\Satellite_Property_Valuation\images\train\3362400125.jpg,405000.0,train
3362400431,C:\Users\hiten\Documents\Satellite_Property_Valuation\images\train\3362400431.jpg,518500.0,train
3362400511,C:\Users\hiten\Documents\Satellite_Property_Valuation\images\train\3362400511.jpg,570000.0,train
3362400650,C:\Users\hiten\Documents\Satellite_Property_Valuation\images\train\3362400650.jpg,820000.0,train
3362401611,C:\Users\hiten\Documents\Satellite_Property_Valuation\images\train\3362401611.jpg,1165000.0,train
3362401761,C:\Users\hiten\Documents\Satellite_Property_Valuation\images\train\3362401761.jpg,450000.0,train
3362900810,C:\Users\hiten\Documents\Satellite_Property_Valuation\images\train\3362900810.jpg,532170.0,train
3363400655,C:\Users\hiten\Documents\Satellite_Property_Valuation\images\train\3363400655.jpg,549000.0,train
3363900111,C:\Users\hiten\Documents\Satellite_Property_Valuation\images\train\3363900111.jpg,437500.0,train
3370000150,C:\Users\hiten\Documents\Satellite_Property_Valuation\images\train\3370000150.jpg,440000.0,train
3383900048,C:\Users\hiten\Documents\Satellite_Property_Valuation\images\train\3383900048.jpg,550000.0,train
3388100020,C:\Users\hiten\Documents\Satellite_Property_Valuation\images\train\3388100020.jpg,225000.0,train
3390600025,C:\Users\hiten\Documents\Satellite_Property_Valuation\images\train\3390600025.jpg,450000.0,train
3391500050,C:\Users\hiten\Documents\Satellite_Property_Valuation\images\train\3391500050.jpg,1875000.0,train
3391900130,C:\Users\hiten\Documents\Satellite_Property_Valuation\images\train\3391900130.jpg,258750.0,train
3395041236,C:\Users\hiten\Documents\Satellite_Property_Valuation\images\train\3395041236.jpg,300000.0,train
3395071580,C:\Users\hiten\Documents\Satellite_Property_Valuation\images\train\3395071580.jpg,310000.0,train
3395800295,C:\Users\hiten\Documents\Satellite_Property_Valuation\images\train\3395800295.jpg,250000.0,train
3395800660,C:\Users\hiten\Documents\Satellite_Property_Valuation\images\train\3395800660.jpg,190000.0,train
3396200090,C:\Users\hiten\Documents\Satellite_Property_Valuation\images\train\3396200090.jpg,639000.0,train
3396200300,C:\Users\hiten\Documents\Satellite_Property_Valuation\images\train\3396200300.jpg,540000.0,train
3396830020,C:\Users\hiten\Documents\Satellite_Property_Valuation\images\train\3396830020.jpg,424000.0,train
3398800055,C:\Users\hiten\Documents\Satellite_Property_Valuation\images\train\3398800055.jpg,2400000.0,train
3401700255,C:\Users\hiten\Documents\Satellite_Property_Valuation\images\train\3401700255.jpg,595000.0,train
3404700041,C:\Users\hiten\Documents\Satellite_Property_Valuation\images\train\3404700041.jpg,550000.0,train
3407700047,C:\Users\hiten\Documents\Satellite_Property_Valuation\images\train\3407700047.jpg,1055000.0,train
3416600111,C:\Users\hiten\Documents\Satellite_Property_Valuation\images\train\3416600111.jpg,545000.0,train
3416600750,C:\Users\hiten\Documents\Satellite_Property_Valuation\images\train\3416600750.jpg,585000.0,train
3416601021,C:\Users\hiten\Documents\Satellite_Property_Valuation\images\train\3416601021.jpg,569500.0,train
3421069044,C:\Users\hiten\Documents\Satellite_Property_Valuation\images\train\3421069044.jpg,390000.0,train
3421069049,C:\Users\hiten\Documents\Satellite_Property_Valuation\images\train\3421069049.jpg,565000.0,train
3421079032,C:\Users\hiten\Documents\Satellite_Property_Valuation\images\train\3421079032.jpg,75000.0,train
3422049276,C:\Users\hiten\Documents\Satellite_Property_Valuation\images\train\3422049276.jpg,310000.0,train
3423049209,C:\Users\hiten\Documents\Satellite_Property_Valuation\images\train\3423049209.jpg,200450.0,train
3423059081,C:\Users\hiten\Documents\Satellite_Property_Valuation\images\train\3423059081.jpg,151600.0,train
3423059109,C:\Users\hiten\Documents\Satellite_Property_Valuation\images\train\3423059109.jpg,272000.0,train
3423059140,C:\Users\hiten\Documents\Satellite_Property_Valuation\images\train\3423059140.jpg,526000.0,train
3425059206,C:\Users\hiten\Documents\Satellite_Property_Valuation\images\train\3425059206.jpg,725000.0,train
3432500486,C:\Users\hiten\Documents\Satellite_Property_Valuation\images\train\3432500486.jpg,299995.0,train
3438500037,C:\Users\hiten\Documents\Satellite_Property_Valuation\images\train\3438500037.jpg,545000.0,train
3438500114,C:\Users\hiten\Documents\Satellite_Property_Valuation\images\train\3438500114.jpg,377000.0,train
3438500192,C:\Users\hiten\Documents\Satellite_Property_Valuation\images\train\3438500192.jpg,285000.0,train
3438500430,C:\Users\hiten\Documents\Satellite_Property_Valuation\images\train\3438500430.jpg,270000.0,train
3438501329,C:\Users\hiten\Documents\Satellite_Property_Valuation\images\train\3438501329.jpg,305000.0,train
3438501862,C:\Users\hiten\Documents\Satellite_Property_Valuation\images\train\3438501862.jpg,330000.0,train
3438502437,C:\Users\hiten\Documents\Satellite_Property_Valuation\images\train\3438502437.jpg,292500.0,train
3438503021,C:\Users\hiten\Documents\Satellite_Property_Valuation\images\train\3438503021.jpg,443000.0,train
3438503140,C:\Users\hiten\Documents\Satellite_Property_Valuation\images\train\3438503140.jpg,269000.0,train
3438503223,C:\Users\hiten\Documents\Satellite_Property_Valuation\images\train\3438503223.jpg,420000.0,train
3438503230,C:\Users\hiten\Documents\Satellite_Property_Valuation\images\train\3438503230.jpg,395000.0,train
3445400120,C:\Users\hiten\Documents\Satellite_Property_Valuation\images\train\3445400120.jpg,267500.0,train
3448000344,C:\Users\hiten\Documents\Satellite_Property_Valuation\images\train\3448000344.jpg,599950.0,train
3448000755,C:\Users\hiten\Documents\Satellite_Property_Valuation\images\train\3448000755.jpg,399950.0,train
3448740160,C:\Users\hiten\Documents\Satellite_Property_Valuation\images\train\3448740160.jpg,415000.0,train
3448900420,C:\Users\hiten\Documents\Satellite_Property_Valuation\images\train\3448900420.jpg,620000.0,train
3449800010,C:\Users\hiten\Documents\Satellite_Property_Valuation\images\train\3449800010.jpg,558000.0,train
3449850050,C:\Users\hiten\Documents\Satellite_Property_Valuation\images\train\3449850050.jpg,420000.0,train
3459600330,C:\Users\hiten\Documents\Satellite_Property_Valuation\images\train\3459600330.jpg,925000.0,train
3461000120,C:\Users\hiten\Documents\Satellite_Property_Valuation\images\train\3461000120.jpg,450000.0,train
3488300085,C:\Users\hiten\Documents\Satellite_Property_Valuation\images\train\3488300085.jpg,435000.0,train
3491300082,C:\Users\hiten\Documents\Satellite_Property_Valuation\images\train\3491300082.jpg,799990.0,train
3491300180,C:\Users\hiten\Documents\Satellite_Property_Valuation\images\train\3491300180.jpg,635000.0,train
3501600185,C:\Users\hiten\Documents\Satellite_Property_Valuation\images\train\3501600185.jpg,335000.0,train
3501600215,C:\Users\hiten\Documents\Satellite_Property_Valuation\images\train\3501600215.jpg,380000.0,train
3505100126,C:\Users\hiten\Documents\Satellite_Property_Valuation\images\train\3505100126.jpg,1250000.0,train
3522029031,C:\Users\hiten\Documents\Satellite_Property_Valuation\images\train\3522029031.jpg,363750.0,train
3523029077,C:\Users\hiten\Documents\Satellite_Property_Valuation\images\train\3523029077.jpg,297000.0,train
3524039144,C:\Users\hiten\Documents\Satellite_Property_Valuation\images\train\3524039144.jpg,700000.0,train
3524039202,C:\Users\hiten\Documents\Satellite_Property_Valuation\images\train\3524039202.jpg,1065500.0,train
3526039193,C:\Users\hiten\Documents\Satellite_Property_Valuation\images\train\3526039193.jpg,825000.0,train
3528000210,C:\Users\hiten\Documents\Satellite_Property_Valuation\images\train\3528000210.jpg,853000.0,train
3528900160,C:\Users\hiten\Documents\Satellite_Property_Valuation\images\train\3528900160.jpg,655000.0,train
3528900330,C:\Users\hiten\Documents\Satellite_Property_Valuation\images\train\3528900330.jpg,1450000.0,train
3528900770,C:\Users\hiten\Documents\Satellite_Property_Valuation\images\train\3528900770.jpg,710200.0,train
3529000880,C:\Users\hiten\Documents\Satellite_Property_Valuation\images\train\3529000880.jpg,610000.0,train
3530200020,C:\Users\hiten\Documents\Satellite_Property_Valuation\images\train\3530200020.jpg,790000.0,train
3530200160,C:\Users\hiten\Documents\Satellite_Property_Valuation\images\train\3530200160.jpg,654950.0,train
3530210180,C:\Users\hiten\Documents\Satellite_Property_Valuation\images\train\3530210180.jpg,835000.0,train
3530400080,C:\Users\hiten\Documents\Satellite_Property_Valuation\images\train\3530400080.jpg,255000.0,train
3541600235,C:\Users\hiten\Documents\Satellite_Property_Valuation\images\train\3541600235.jpg,350000.0,train
3544400236,C:\Users\hiten\Documents\Satellite_Property_Valuation\images\train\3544400236.jpg,494000.0,train
3550800040,C:\Users\hiten\Documents\Satellite_Property_Valuation\images\train\3550800040.jpg,223000.0,train
3558000170,C:\Users\hiten\Documents\Satellite_Property_Valuation\images\train\3558000170.jpg,329950.0,train
3558900070,C:\Users\hiten\Documents\Satellite_Property_Valuation\images\train\3558900070.jpg,497000.0,train
3558900430,C:\Users\hiten\Documents\Satellite_Property_Valuation\images\train\3558900430.jpg,615000.0,train
3558910570,C:\Users\hiten\Documents\Satellite_Property_Valuation\images\train\3558910570.jpg,450000.0,train
3574750150,C:\Users\hiten\Documents\Satellite_Property_Valuation\images\train\3574750150.jpg,511000.0,train
3575302397,C:\Users\hiten\Documents\Satellite_Property_Valuation\images\train\3575302397.jpg,580000.0,train
3575302562,C:\Users\hiten\Documents\Satellite_Property_Valuation\images\train\3575302562.jpg,356000.0,train
3575303970,C:\Users\hiten\Documents\Satellite_Property_Valuation\images\train\3575303970.jpg,340000.0,train
3578400910,C:\Users\hiten\Documents\Satellite_Property_Valuation\images\train\3578400910.jpg,400000.0,train
3578401330,C:\Users\hiten\Documents\Satellite_Property_Valuation\images\train\3578401330.jpg,450000.0,train
3578600045,C:\Users\hiten\Documents\Satellite_Property_Valuation\images\train\3578600045.jpg,490000.0,train
3578700073,C:\Users\hiten\Documents\Satellite_Property_Valuation\images\train\3578700073.jpg,362000.0,train
3579000800,C:\Users\hiten\Documents\Satellite_Property_Valuation\images\train\3579000800.jpg,509000.0,train
3579700100,C:\Users\hiten\Documents\Satellite_Property_Valuation\images\train\3579700100.jpg,389000.0,train
3580900260,C:\Users\hiten\Documents\Satellite_Property_Valuation\images\train\3580900260.jpg,340000.0,train
3580900290,C:\Users\hiten\Documents\Satellite_Property_Valuation\images\train\3580900290.jpg,360000.0,train
3581000210,C:\Users\hiten\Documents\Satellite_Property_Valuation\images\train\3581000210.jpg,383001.0,train
3583300075,C:\Users\hiten\Documents\Satellite_Property_Valuation\images\train\3583300075.jpg,599950.0,train
3585300410,C:\Users\hiten\Documents\Satellite_Property_Valuation\images\train\3585300410.jpg,729000.0,train
3585300415,C:\Users\hiten\Documents\Satellite_Property_Valuation\images\train\3585300415.jpg,620000.0,train
3585900045,C:\Users\hiten\Documents\Satellite_Property_Valuation\images\train\3585900045.jpg,1250000.0,train
3585900090,C:\Users\hiten\Documents\Satellite_Property_Valuation\images\train\3585900090.jpg,937500.0,train
3586500700,C:\Users\hiten\Documents\Satellite_Property_Valuation\images\train\3586500700.jpg,749950.0,train
3592500800,C:\Users\hiten\Documents\Satellite_Property_Valuation\images\train\3592500800.jpg,1850000.0,train
3613600150,C:\Users\hiten\Documents\Satellite_Property_Valuation\images\train\3613600150.jpg,300523.0,train
3619600143,C:\Users\hiten\Documents\Satellite_Property_Valuation\images\train\3619600143.jpg,650000.0,train
3622059088,C:\Users\hiten\Documents\Satellite_Property_Valuation\images\train\3622059088.jpg,450000.0,train
3622059155,C:\Users\hiten\Documents\Satellite_Property_Valuation\images\train\3622059155.jpg,235000.0,train
3622059157,C:\Users\hiten\Documents\Satellite_Property_Valuation\images\train\3622059157.jpg,205000.0,train
3622069095,C:\Users\hiten\Documents\Satellite_Property_Valuation\images\train\3622069095.jpg,679000.0,train
3622910190,C:\Users\hiten\Documents\Satellite_Property_Valuation\images\train\3622910190.jpg,895000.0,train
3623059027,C:\Users\hiten\Documents\Satellite_Property_Valuation\images\train\3623059027.jpg,200000.0,train
3623500049,C:\Users\hiten\Documents\Satellite_Property_Valuation\images\train\3623500049.jpg,1200000.0,train
3623500135,C:\Users\hiten\Documents\Satellite_Property_Valuation\images\train\3623500135.jpg,800000.0,train
3623500205,C:\Users\hiten\Documents\Satellite_Property_Valuation\images\train\3623500205.jpg,2450000.0,train
3624039183,C:\Users\hiten\Documents\Satellite_Property_Valuation\images\train\3624039183.jpg,315000.0,train
3624079067,C:\Users\hiten\Documents\Satellite_Property_Valuation\images\train\3624079067.jpg,330000.0,train
3625049042,C:\Users\hiten\Documents\Satellite_Property_Valuation\images\train\3625049042.jpg,3635000.0,train
3625049079,C:\Users\hiten\Documents\Satellite_Property_Valuation\images\train\3625049079.jpg,1350000.0,train
3625059166,C:\Users\hiten\Documents\Satellite_Property_Valuation\images\train\3625059166.jpg,553000.0,train
3629160060,C:\Users\hiten\Documents\Satellite_Property_Valuation\images\train\3629160060.jpg,720000.0,train
3629200020,C:\Users\hiten\Documents\Satellite_Property_Valuation\images\train\3629200020.jpg,960000.0,train
3629700080,C:\Users\hiten\Documents\Satellite_Property_Valuation\images\train\3629700080.jpg,635000.0,train
3629760330,C:\Users\hiten\Documents\Satellite_Property_Valuation\images\train\3629760330.jpg,685000.0,train
3629870020,C:\Users\hiten\Documents\Satellite_Property_Valuation\images\train\3629870020.jpg,575000.0,train
3629870200,C:\Users\hiten\Documents\Satellite_Property_Valuation\images\train\3629870200.jpg,550000.0,train
3629920600,C:\Users\hiten\Documents\Satellite_Property_Valuation\images\train\3629920600.jpg,619500.0,train
3629920630,C:\Users\hiten\Documents\Satellite_Property_Valuation\images\train\3629920630.jpg,638000.0,train
3629930170,C:\Users\hiten\Documents\Satellite_Property_Valuation\images\train\3629930170.jpg,723000.0,train
3629960170,C:\Users\hiten\Documents\Satellite_Property_Valuation\images\train\3629960170.jpg,445000.0,train
3629960600,C:\Users\hiten\Documents\Satellite_Property_Valuation\images\train\3629960600.jpg,350000.0,train
3629970090,C:\Users\hiten\Documents\Satellite_Property_Valuation\images\train\3629970090.jpg,680000.0,train
3629970610,C:\Users\hiten\Documents\Satellite_Property_Valuation\images\train\3629970610.jpg,435000.0,train
3629970620,C:\Users\hiten\Documents\Satellite_Property_Valuation\images\train\3629970620.jpg,476100.0,train
3629970680,C:\Users\hiten\Documents\Satellite_Property_Valuation\images\train\3629970680.jpg,524950.0,train
3629970870,C:\Users\hiten\Documents\Satellite_Property_Valuation\images\train\3629970870.jpg,599000.0,train
3629980440,C:\Users\hiten\Documents\Satellite_Property_Valuation\images\train\3629980440.jpg,742500.0,train
3629990280,C:\Users\hiten\Documents\Satellite_Property_Valuation\images\train\3629990280.jpg,497000.0,train
3630010040,C:\Users\hiten\Documents\Satellite_Property_Valuation\images\train\3630010040.jpg,402000.0,train
3630020150,C:\Users\hiten\Documents\Satellite_Property_Valuation\images\train\3630020150.jpg,425000.0,train
3630020380,C:\Users\hiten\Documents\Satellite_Property_Valuation\images\train\3630020380.jpg,379770.0,train
3630030440,C:\Users\hiten\Documents\Satellite_Property_Valuation\images\train\3630030440.jpg,585000.0,train
3630030500,C:\Users\hiten\Documents\Satellite_Property_Valuation\images\train\3630030500.jpg,561000.0,train
3630080120,C:\Users\hiten\Documents\Satellite_Property_Valuation\images\train\3630080120.jpg,358000.0,train
3630110370,C:\Users\hiten\Documents\Satellite_Property_Valuation\images\train\3630110370.jpg,420000.0,train
3630130010,C:\Users\hiten\Documents\Satellite_Property_Valuation\images\train\3630130010.jpg,650000.0,train
3630160610,C:\Users\hiten\Documents\Satellite_Property_Valuation\images\train\3630160610.jpg,765000.0,train
3630180400,C:\Users\hiten\Documents\Satellite_Property_Valuation\images\train\3630180400.jpg,826000.0,train
3630200460,C:\Users\hiten\Documents\Satellite_Property_Valuation\images\train\3630200460.jpg,790000.0,train
3630200960,C:\Users\hiten\Documents\Satellite_Property_Valuation\images\train\3630200960.jpg,1060000.0,train
3630240020,C:\Users\hiten\Documents\Satellite_Property_Valuation\images\train\3630240020.jpg,556000.0,train
3649100103,C:\Users\hiten\Documents\Satellite_Property_Valuation\images\train\3649100103.jpg,475000.0,train
3649100304,C:\Users\hiten\Documents\Satellite_Property_Valuation\images\train\3649100304.jpg,400000.0,train
3649100306,C:\Users\hiten\Documents\Satellite_Property_Valuation\images\train\3649100306.jpg,379900.0,train
3649100315,C:\Users\hiten\Documents\Satellite_Property_Valuation\images\train\3649100315.jpg,418800.0,train
3649100473,C:\Users\hiten\Documents\Satellite_Property_Valuation\images\train\3649100473.jpg,365000.0,train
3649100674,C:\Users\hiten\Documents\Satellite_Property_Valuation\images\train\3649100674.jpg,535000.0,train
3664500300,C:\Users\hiten\Documents\Satellite_Property_Valuation\images\train\3664500300.jpg,230000.0,train
3668000070,C:\Users\hiten\Documents\Satellite_Property_Valuation\images\train\3668000070.jpg,212000.0,train
3668000500,C:\Users\hiten\Documents\Satellite_Property_Valuation\images\train\3668000500.jpg,260000.0,train
3668000810,C:\Users\hiten\Documents\Satellite_Property_Valuation\images\train\3668000810.jpg,218500.0,train
3678900450,C:\Users\hiten\Documents\Satellite_Property_Valuation\images\train\3678900450.jpg,615000.0,train
3679401110,C:\Users\hiten\Documents\Satellite_Property_Valuation\images\train\3679401110.jpg,332000.0,train
3693900155,C:\Users\hiten\Documents\Satellite_Property_Valuation\images\train\3693900155.jpg,950000.0,train
3693900885,C:\Users\hiten\Documents\Satellite_Property_Valuation\images\train\3693900885.jpg,1020000.0,train
3693901801,C:\Users\hiten\Documents\Satellite_Property_Valuation\images\train\3693901801.jpg,575000.0,train
3699100130,C:\Users\hiten\Documents\Satellite_Property_Valuation\images\train\3699100130.jpg,495000.0,train
3701000060,C:\Users\hiten\Documents\Satellite_Property_Valuation\images\train\3701000060.jpg,880000.0,train
3701900085,C:\Users\hiten\Documents\Satellite_Property_Valuation\images\train\3701900085.jpg,169000.0,train
3705000060,C:\Users\hiten\Documents\Satellite_Property_Valuation\images\train\3705000060.jpg,270000.0,train
3709600180,C:\Users\hiten\Documents\Satellite_Property_Valuation\images\train\3709600180.jpg,346000.0,train
3715500220,C:\Users\hiten\Documents\Satellite_Property_Valuation\images\train\3715500220.jpg,386000.0,train
3720800115,C:\Users\hiten\Documents\Satellite_Property_Valuation\images\train\3720800115.jpg,982218.0,train
3723800086,C:\Users\hiten\Documents\Satellite_Property_Valuation\images\train\3723800086.jpg,665000.0,train
3723800097,C:\Users\hiten\Documents\Satellite_Property_Valuation\images\train\3723800097.jpg,476500.0,train
3727800065,C:\Users\hiten\Documents\Satellite_Property_Valuation\images\train\3727800065.jpg,425000.0,train
3728800320,C:\Users\hiten\Documents\Satellite_Property_Valuation\images\train\3728800320.jpg,264000.0,train
3735900325,C:\Users\hiten\Documents\Satellite_Property_Valuation\images\train\3735900325.jpg,485000.0,train
3735900770,C:\Users\hiten\Documents\Satellite_Property_Valuation\images\train\3735900770.jpg,775000.0,train
3738000070,C:\Users\hiten\Documents\Satellite_Property_Valuation\images\train\3738000070.jpg,1712750.0,train
3740000010,C:\Users\hiten\Documents\Satellite_Property_Valuation\images\train\3740000010.jpg,575000.0,train
3746700120,C:\Users\hiten\Documents\Satellite_Property_Valuation\images\train\3746700120.jpg,857326.0,train
3750603940,C:\Users\hiten\Documents\Satellite_Property_Valuation\images\train\3750603940.jpg,240000.0,train
3750605620,C:\Users\hiten\Documents\Satellite_Property_Valuation\images\train\3750605620.jpg,225000.0,train
3750606890,C:\Users\hiten\Documents\Satellite_Property_Valuation\images\train\3750606890.jpg,220000.0,train
3751601785,C:\Users\hiten\Documents\Satellite_Property_Valuation\images\train\3751601785.jpg,551870.0,train
3751601877,C:\Users\hiten\Documents\Satellite_Property_Valuation\images\train\3751601877.jpg,552900.0,train
3751603173,C:\Users\hiten\Documents\Satellite_Property_Valuation\images\train\3751603173.jpg,212500.0,train
3751604653,C:\Users\hiten\Documents\Satellite_Property_Valuation\images\train\3751604653.jpg,205000.0,train
3751605432,C:\Users\hiten\Documents\Satellite_Property_Valuation\images\train\3751605432.jpg,239950.0,train
3751606514,C:\Users\hiten\Documents\Satellite_Property_Valuation\images\train\3751606514.jpg,270000.0,train
3751606606,C:\Users\hiten\Documents\Satellite_Property_Valuation\images\train\3751606606.jpg,262500.0,train
3753000100,C:\Users\hiten\Documents\Satellite_Property_Valuation\images\train\3753000100.jpg,399000.0,train
3754010040,C:\Users\hiten\Documents\Satellite_Property_Valuation\images\train\3754010040.jpg,744000.0,train
3754501235,C:\Users\hiten\Documents\Satellite_Property_Valuation\images\train\3754501235.jpg,1185000.0,train
3754700170,C:\Users\hiten\Documents\Satellite_Property_Valuation\images\train\3754700170.jpg,455000.0,train
3754700420,C:\Users\hiten\Documents\Satellite_Property_Valuation\images\train\3754700420.jpg,375000.0,train
3755100520,C:\Users\hiten\Documents\Satellite_Property_Valuation\images\train\3755100520.jpg,465000.0,train
3755500080,C:\Users\hiten\Documents\Satellite_Property_Valuation\images\train\3755500080.jpg,510000.0,train
3760000030,C:\Users\hiten\Documents\Satellite_Property_Valuation\images\train\3760000030.jpg,669950.0,train
3760500514,C:\Users\hiten\Documents\Satellite_Property_Valuation\images\train\3760500514.jpg,853505.0,train
3760500730,C:\Users\hiten\Documents\Satellite_Property_Valuation\images\train\3760500730.jpg,1085500.0,train
3762900010,C:\Users\hiten\Documents\Satellite_Property_Valuation\images\train\3762900010.jpg,473000.0,train
3762900020,C:\Users\hiten\Documents\Satellite_Property_Valuation\images\train\3762900020.jpg,342500.0,train
3768000030,C:\Users\hiten\Documents\Satellite_Property_Valuation\images\train\3768000030.jpg,325000.0,train
3782100145,C:\Users\hiten\Documents\Satellite_Property_Valuation\images\train\3782100145.jpg,339000.0,train
3782760080,C:\Users\hiten\Documents\Satellite_Property_Valuation\images\train\3782760080.jpg,410000.0,train
3782760280,C:\Users\hiten\Documents\Satellite_Property_Valuation\images\train\3782760280.jpg,366000.0,train
3792400110,C:\Users\hiten\Documents\Satellite_Property_Valuation\images\train\3792400110.jpg,492650.0,train
3797000035,C:\Users\hiten\Documents\Satellite_Property_Valuation\images\train\3797000035.jpg,430000.0,train
3797001900,C:\Users\hiten\Documents\Satellite_Property_Valuation\images\train\3797001900.jpg,360000.0,train
3797710010,C:\Users\hiten\Documents\Satellite_Property_Valuation\images\train\3797710010.jpg,350000.0,train
3802000020,C:\Users\hiten\Documents\Satellite_Property_Valuation\images\train\3802000020.jpg,154950.0,train
3812400070,C:\Users\hiten\Documents\Satellite_Property_Valuation\images\train\3812400070.jpg,435000.0,train
3812400657,C:\Users\hiten\Documents\Satellite_Property_Valuation\images\train\3812400657.jpg,160000.0,train
3816300105,C:\Users\hiten\Documents\Satellite_Property_Valuation\images\train\3816300105.jpg,435000.0,train
3819750170,C:\Users\hiten\Documents\Satellite_Property_Valuation\images\train\3819750170.jpg,415000.0,train
3819800280,C:\Users\hiten\Documents\Satellite_Property_Valuation\images\train\3819800280.jpg,400000.0,train
3820350020,C:\Users\hiten\Documents\Satellite_Property_Valuation\images\train\3820350020.jpg,359950.0,train
3824100041,C:\Users\hiten\Documents\Satellite_Property_Valuation\images\train\3824100041.jpg,419000.0,train
3824100082,C:\Users\hiten\Documents\Satellite_Property_Valuation\images\train\3824100082.jpg,502000.0,train
3824100235,C:\Users\hiten\Documents\Satellite_Property_Valuation\images\train\3824100235.jpg,425000.0,train
3824100286,C:\Users\hiten\Documents\Satellite_Property_Valuation\images\train\3824100286.jpg,565000.0,train
3825310180,C:\Users\hiten\Documents\Satellite_Property_Valuation\images\train\3825310180.jpg,860000.0,train
3825310970,C:\Users\hiten\Documents\Satellite_Property_Valuation\images\train\3825310970.jpg,845000.0,train
3826500170,C:\Users\hiten\Documents\Satellite_Property_Valuation\images\train\3826500170.jpg,283000.0,train
3826500730,C:\Users\hiten\Documents\Satellite_Property_Valuation\images\train\3826500730.jpg,220000.0,train
3830610320,C:\Users\hiten\Documents\Satellite_Property_Valuation\images\train\3830610320.jpg,241000.0,train
3830630060,C:\Users\hiten\Documents\Satellite_Property_Valuation\images\train\3830630060.jpg,245000.0,train
3831250130,C:\Users\hiten\Documents\Satellite_Property_Valuation\images\train\3831250130.jpg,370000.0,train
3832050580,C:\Users\hiten\Documents\Satellite_Property_Valuation\images\train\3832050580.jpg,300000.0,train
3832050890,C:\Users\hiten\Documents\Satellite_Property_Valuation\images\train\3832050890.jpg,282000.0,train
3832061060,C:\Users\hiten\Documents\Satellite_Property_Valuation\images\train\3832061060.jpg,311000.0,train
3832080070,C:\Users\hiten\Documents\Satellite_Property_Valuation\images\train\3832080070.jpg,284000.0,train
3832080610,C:\Users\hiten\Documents\Satellite_Property_Valuation\images\train\3832080610.jpg,270000.0,train
3832150190,C:\Users\hiten\Documents\Satellite_Property_Valuation\images\train\3832150190.jpg,263000.0,train
3832500230,C:\Users\hiten\Documents\Satellite_Property_Valuation\images\train\3832500230.jpg,245000.0,train
3832710450,C:\Users\hiten\Documents\Satellite_Property_Valuation\images\train\3832710450.jpg,262500.0,train
3832710840,C:\Users\hiten\Documents\Satellite_Property_Valuation\images\train\3832710840.jpg,250000.0,train
3834000520,C:\Users\hiten\Documents\Satellite_Property_Valuation\images\train\3834000520.jpg,275000.0,train
3834000594,C:\Users\hiten\Documents\Satellite_Property_Valuation\images\train\3834000594.jpg,319000.0,train
3834000805,C:\Users\hiten\Documents\Satellite_Property_Valuation\images\train\3834000805.jpg,350000.0,train
3834000820,C:\Users\hiten\Documents\Satellite_Property_Valuation\images\train\3834000820.jpg,458000.0,train
3835500005,C:\Users\hiten\Documents\Satellite_Property_Valuation\images\train\3835500005.jpg,1100000.0,train
3835500585,C:\Users\hiten\Documents\Satellite_Property_Valuation\images\train\3835500585.jpg,1900000.0,train
3835502815,C:\Users\hiten\Documents\Satellite_Property_Valuation\images\train\3835502815.jpg,1260000.0,train
3840700593,C:\Users\hiten\Documents\Satellite_Property_Valuation\images\train\3840700593.jpg,345000.0,train
3845100550,C:\Users\hiten\Documents\Satellite_Property_Valuation\images\train\3845100550.jpg,418395.0,train
3845101100,C:\Users\hiten\Documents\Satellite_Property_Valuation\images\train\3845101100.jpg,392440.0,train
3856900005,C:\Users\hiten\Documents\Satellite_Property_Valuation\images\train\3856900005.jpg,535000.0,train
3856901760,C:\Users\hiten\Documents\Satellite_Property_Valuation\images\train\3856901760.jpg,730000.0,train
3856904970,C:\Users\hiten\Documents\Satellite_Property_Valuation\images\train\3856904970.jpg,469000.0,train
3856905010,C:\Users\hiten\Documents\Satellite_Property_Valuation\images\train\3856905010.jpg,565000.0,train
3860400060,C:\Users\hiten\Documents\Satellite_Property_Valuation\images\train\3860400060.jpg,1130000.0,train
3861400061,C:\Users\hiten\Documents\Satellite_Property_Valuation\images\train\3861400061.jpg,641000.0,train
3862710180,C:\Users\hiten\Documents\Satellite_Property_Valuation\images\train\3862710180.jpg,408474.0,train
3862710200,C:\Users\hiten\Documents\Satellite_Property_Valuation\images\train\3862710200.jpg,414000.0,train
11200290,C:\Users\hiten\Documents\Satellite_Property_Valuation\images\train\11200290.jpg,546000.0,val
11200400,C:\Users\hiten\Documents\Satellite_Property_Valuation\images\train\11200400.jpg,617000.0,val
23500180,C:\Users\hiten\Documents\Satellite_Property_Valuation\images\train\23500180.jpg,570000.0,val
37000335,C:\Users\hiten\Documents\Satellite_Property_Valuation\images\train\37000335.jpg,446450.0,val
104550580,C:\Users\hiten\Documents\Satellite_Property_Valuation\images\train\104550580.jpg,260000.0,val
104550740,C:\Users\hiten\Documents\Satellite_Property_Valuation\images\train\104550740.jpg,299000.0,val
104560010,C:\Users\hiten\Documents\Satellite_Property_Valuation\images\train\104560010.jpg,278500.0,val
111000190,C:\Users\hiten\Documents\Satellite_Property_Valuation\images\train\111000190.jpg,146000.0,val
114101505,C:\Users\hiten\Documents\Satellite_Property_Valuation\images\train\114101505.jpg,630000.0,val
123039176,C:\Users\hiten\Documents\Satellite_Property_Valuation\images\train\123039176.jpg,399888.0,val
123039424,C:\Users\hiten\Documents\Satellite_Property_Valuation\images\train\123039424.jpg,303000.0,val
125069038,C:\Users\hiten\Documents\Satellite_Property_Valuation\images\train\125069038.jpg,2140000.0,val
126049100,C:\Users\hiten\Documents\Satellite_Property_Valuation\images\train\126049100.jpg,398000.0,val
127100005,C:\Users\hiten\Documents\Satellite_Property_Valuation\images\train\127100005.jpg,377000.0,val
191100045,C:\Users\hiten\Documents\Satellite_Property_Valuation\images\train\191100045.jpg,940000.0,val
203900920,C:\Users\hiten\Documents\Satellite_Property_Valuation\images\train\203900920.jpg,340000.0,val
205000310,C:\Users\hiten\Documents\Satellite_Property_Valuation\images\train\205000310.jpg,850000.0,val
222069082,C:\Users\hiten\Documents\Satellite_Property_Valuation\images\train\222069082.jpg,300000.0,val
225069017,C:\Users\hiten\Documents\Satellite_Property_Valuation\images\train\225069017.jpg,850000.0,val
226039075,C:\Users\hiten\Documents\Satellite_Property_Valuation\images\train\226039075.jpg,655500.0,val
226039282,C:\Users\hiten\Documents\Satellite_Property_Valuation\images\train\226039282.jpg,442500.0,val
255370420,C:\Users\hiten\Documents\Satellite_Property_Valuation\images\train\255370420.jpg,318200.0,val
255370570,C:\Users\hiten\Documents\Satellite_Property_Valuation\images\train\255370570.jpg,359950.0,val
255550190,C:\Users\hiten\Documents\Satellite_Property_Valuation\images\train\255550190.jpg,350000.0,val
257000038,C:\Users\hiten\Documents\Satellite_Property_Valuation\images\train\257000038.jpg,293550.0,val
263000325,C:\Users\hiten\Documents\Satellite_Property_Valuation\images\train\263000325.jpg,349000.0,val
269000221,C:\Users\hiten\Documents\Satellite_Property_Valuation\images\train\269000221.jpg,779000.0,val
293000180,C:\Users\hiten\Documents\Satellite_Property_Valuation\images\train\293000180.jpg,370000.0,val
301401630,C:\Users\hiten\Documents\Satellite_Property_Valuation\images\train\301401630.jpg,335900.0,val
318390180,C:\Users\hiten\Documents\Satellite_Property_Valuation\images\train\318390180.jpg,299000.0,val
324000530,C:\Users\hiten\Documents\Satellite_Property_Valuation\images\train\324000530.jpg,459000.0,val
325049234,C:\Users\hiten\Documents\Satellite_Property_Valuation\images\train\325049234.jpg,925000.0,val
339600010,C:\Users\hiten\Documents\Satellite_Property_Valuation\images\train\339600010.jpg,352500.0,val
375000230,C:\Users\hiten\Documents\Satellite_Property_Valuation\images\train\375000230.jpg,638000.0,val
1015000050,C:\Users\hiten\Documents\Satellite_Property_Valuation\images\train\1015000050.jpg,652600.0,val
1022049182,C:\Users\hiten\Documents\Satellite_Property_Valuation\images\train\1022049182.jpg,175000.0,val
1023059313,C:\Users\hiten\Documents\Satellite_Property_Valuation\images\train\1023059313.jpg,390000.0,val
1023079147,C:\Users\hiten\Documents\Satellite_Property_Valuation\images\train\1023079147.jpg,652500.0,val
1024069037,C:\Users\hiten\Documents\Satellite_Property_Valuation\images\train\1024069037.jpg,525000.0,val
1025039326,C:\Users\hiten\Documents\Satellite_Property_Valuation\images\train\1025039326.jpg,921800.0,val
1025049254,C:\Users\hiten\Documents\Satellite_Property_Valuation\images\train\1025049254.jpg,458000.0,val
1042700270,C:\Users\hiten\Documents\Satellite_Property_Valuation\images\train\1042700270.jpg,852880.0,val
1061400180,C:\Users\hiten\Documents\Satellite_Property_Valuation\images\train\1061400180.jpg,240000.0,val
1062100116,C:\Users\hiten\Documents\Satellite_Property_Valuation\images\train\1062100116.jpg,475000.0,val
1072030510,C:\Users\hiten\Documents\Satellite_Property_Valuation\images\train\1072030510.jpg,415000.0,val
1075100090,C:\Users\hiten\Documents\Satellite_Property_Valuation\images\train\1075100090.jpg,390000.0,val
1081310060,C:\Users\hiten\Documents\Satellite_Property_Valuation\images\train\1081310060.jpg,375000.0,val
1086100100,C:\Users\hiten\Documents\Satellite_Property_Valuation\images\train\1086100100.jpg,476500.0,val
1087500040,C:\Users\hiten\Documents\Satellite_Property_Valuation\images\train\1087500040.jpg,403000.0,val
1088650310,C:\Users\hiten\Documents\Satellite_Property_Valuation\images\train\1088650310.jpg,530000.0,val
1094000030,C:\Users\hiten\Documents\Satellite_Property_Valuation\images\train\1094000030.jpg,429950.0,val
1099600010,C:\Users\hiten\Documents\Satellite_Property_Valuation\images\train\1099600010.jpg,210000.0,val
1105000360,C:\Users\hiten\Documents\Satellite_Property_Valuation\images\train\1105000360.jpg,320000.0,val
1118000080,C:\Users\hiten\Documents\Satellite_Property_Valuation\images\train\1118000080.jpg,1925000.0,val
1118001820,C:\Users\hiten\Documents\Satellite_Property_Valuation\images\train\1118001820.jpg,1142000.0,val
1136100072,C:\Users\hiten\Documents\Satellite_Property_Valuation\images\train\1136100072.jpg,455000.0,val
1137610140,C:\Users\hiten\Documents\Satellite_Property_Valuation\images\train\1137610140.jpg,505000.0,val
1138000830,C:\Users\hiten\Documents\Satellite_Property_Valuation\images\train\1138000830.jpg,310000.0,val
1138010170,C:\Users\hiten\Documents\Satellite_Property_Valuation\images\train\1138010170.jpg,350000.0,val
1150000040,C:\Users\hiten\Documents\Satellite_Property_Valuation\images\train\1150000040.jpg,625000.0,val
1150000340,C:\Users\hiten\Documents\Satellite_Property_Valuation\images\train\1150000340.jpg,645500.0,val
1175000110,C:\Users\hiten\Documents\Satellite_Property_Valuation\images\train\1175000110.jpg,506000.0,val
1180000625,C:\Users\hiten\Documents\Satellite_Property_Valuation\images\train\1180000625.jpg,315000.0,val
1183000005,C:\Users\hiten\Documents\Satellite_Property_Valuation\images\train\1183000005.jpg,450000.0,val
1189000025,C:\Users\hiten\Documents\Satellite_Property_Valuation\images\train\1189000025.jpg,659000.0,val
1189000245,C:\Users\hiten\Documents\Satellite_Property_Valuation\images\train\1189000245.jpg,670000.0,val
1211000070,C:\Users\hiten\Documents\Satellite_Property_Valuation\images\train\1211000070.jpg,575000.0,val
1214000050,C:\Users\hiten\Documents\Satellite_Property_Valuation\images\train\1214000050.jpg,350000.0,val
1223039173,C:\Users\hiten\Documents\Satellite_Property_Valuation\images\train\1223039173.jpg,450000.0,val
1225039052,C:\Users\hiten\Documents\Satellite_Property_Valuation\images\train\1225039052.jpg,465000.0,val
1232000810,C:\Users\hiten\Documents\Satellite_Property_Valuation\images\train\1232000810.jpg,537000.0,val
1234000630,C:\Users\hiten\Documents\Satellite_Property_Valuation\images\train\1234000630.jpg,525000.0,val
1235700052,C:\Users\hiten\Documents\Satellite_Property_Valuation\images\train\1235700052.jpg,963000.0,val
1238501116,C:\Users\hiten\Documents\Satellite_Property_Valuation\images\train\1238501116.jpg,478000.0,val
1241500351,C:\Users\hiten\Documents\Satellite_Property_Valuation\images\train\1241500351.jpg,1031000.0,val
1243100191,C:\Users\hiten\Documents\Satellite_Property_Valuation\images\train\1243100191.jpg,372000.0,val
1245000685,C:\Users\hiten\Documents\Satellite_Property_Valuation\images\train\1245000685.jpg,1065000.0,val
1245000865,C:\Users\hiten\Documents\Satellite_Property_Valuation\images\train\1245000865.jpg,620000.0,val
1250201165,C:\Users\hiten\Documents\Satellite_Property_Valuation\images\train\1250201165.jpg,474500.0,val
1250201610,C:\Users\hiten\Documents\Satellite_Property_Valuation\images\train\1250201610.jpg,1220000.0,val
1250201680,C:\Users\hiten\Documents\Satellite_Property_Valuation\images\train\1250201680.jpg,934550.0,val
1254200015,C:\Users\hiten\Documents\Satellite_Property_Valuation\images\train\1254200015.jpg,625000.0,val
1274500240,C:\Users\hiten\Documents\Satellite_Property_Valuation\images\train\1274500240.jpg,205000.0,val
1300301840,C:\Users\hiten\Documents\Satellite_Property_Valuation\images\train\1300301840.jpg,1215000.0,val
1310700210,C:\Users\hiten\Documents\Satellite_Property_Valuation\images\train\1310700210.jpg,268000.0,val
1314300046,C:\Users\hiten\Documents\Satellite_Property_Valuation\images\train\1314300046.jpg,308000.0,val
1322059002,C:\Users\hiten\Documents\Satellite_Property_Valuation\images\train\1322059002.jpg,350000.0,val
1326049170,C:\Users\hiten\Documents\Satellite_Property_Valuation\images\train\1326049170.jpg,280000.0,val
1328320280,C:\Users\hiten\Documents\Satellite_Property_Valuation\images\train\1328320280.jpg,323000.0,val
1328320350,C:\Users\hiten\Documents\Satellite_Property_Valuation\images\train\1328320350.jpg,387500.0,val
1328330350,C:\Users\hiten\Documents\Satellite_Property_Valuation\images\train\1328330350.jpg,390000.0,val
1330900250,C:\Users\hiten\Documents\Satellite_Property_Valuation\images\train\1330900250.jpg,550000.0,val
1332700010,C:\Users\hiten\Documents\Satellite_Property_Valuation\images\train\1332700010.jpg,305000.0,val
1332700020,C:\Users\hiten\Documents\Satellite_Property_Valuation\images\train\1332700020.jpg,278000.0,val
1332700030,C:\Users\hiten\Documents\Satellite_Property_Valuation\images\train\1332700030.jpg,293000.0,val
1336800670,C:\Users\hiten\Documents\Satellite_Property_Valuation\images\train\1336800670.jpg,1425000.0,val
1337300145,C:\Users\hiten\Documents\Satellite_Property_Valuation\images\train\1337300145.jpg,1800000.0,val
1370800830,C:\Users\hiten\Documents\Satellite_Property_Valuation\images\train\1370800830.jpg,1220000.0,val
1400700150,C:\Users\hiten\Documents\Satellite_Property_Valuation\images\train\1400700150.jpg,730000.0,val
1422300030,C:\Users\hiten\Documents\Satellite_Property_Valuation\images\train\1422300030.jpg,415000.0,val
1422300140,C:\Users\hiten\Documents\Satellite_Property_Valuation\images\train\1422300140.jpg,454000.0,val
1422700080,C:\Users\hiten\Documents\Satellite_Property_Valuation\images\train\1422700080.jpg,253000.0,val
1422700110,C:\Users\hiten\Documents\Satellite_Property_Valuation\images\train\1422700110.jpg,267000.0,val
1423600020,C:\Users\hiten\Documents\Satellite_Property_Valuation\images\train\1423600020.jpg,267000.0,val
1424069044,C:\Users\hiten\Documents\Satellite_Property_Valuation\images\train\1424069044.jpg,450000.0,val
1424069056,C:\Users\hiten\Documents\Satellite_Property_Valuation\images\train\1424069056.jpg,1350000.0,val
1424100100,C:\Users\hiten\Documents\Satellite_Property_Valuation\images\train\1424100100.jpg,183000.0,val
1424130050,C:\Users\hiten\Documents\Satellite_Property_Valuation\images\train\1424130050.jpg,995000.0,val
1430800279,C:\Users\hiten\Documents\Satellite_Property_Valuation\images\train\1430800279.jpg,469000.0,val
1431600180,C:\Users\hiten\Documents\Satellite_Property_Valuation\images\train\1431600180.jpg,335000.0,val
1432900150,C:\Users\hiten\Documents\Satellite_Property_Valuation\images\train\1432900150.jpg,320000.0,val
1438000130,C:\Users\hiten\Documents\Satellite_Property_Valuation\images\train\1438000130.jpg,519995.0,val
1440500020,C:\Users\hiten\Documents\Satellite_Property_Valuation\images\train\1440500020.jpg,350000.0,val
1442880160,C:\Users\hiten\Documents\Satellite_Property_Valuation\images\train\1442880160.jpg,483453.0,val
1446401540,C:\Users\hiten\Documents\Satellite_Property_Valuation\images\train\1446401540.jpg,243000.0,val
1453602065,C:\Users\hiten\Documents\Satellite_Property_Valuation\images\train\1453602065.jpg,442500.0,val
1453602309,C:\Users\hiten\Documents\Satellite_Property_Valuation\images\train\1453602309.jpg,288000.0,val
1472800160,C:\Users\hiten\Documents\Satellite_Property_Valuation\images\train\1472800160.jpg,406250.0,val
1517900100,C:\Users\hiten\Documents\Satellite_Property_Valuation\images\train\1517900100.jpg,499000.0,val
1520069052,C:\Users\hiten\Documents\Satellite_Property_Valuation\images\train\1520069052.jpg,327000.0,val
1523089266,C:\Users\hiten\Documents\Satellite_Property_Valuation\images\train\1523089266.jpg,447500.0,val
1525059112,C:\Users\hiten\Documents\Satellite_Property_Valuation\images\train\1525059112.jpg,1008000.0,val
1545800290,C:\Users\hiten\Documents\Satellite_Property_Valuation\images\train\1545800290.jpg,315000.0,val
1545804820,C:\Users\hiten\Documents\Satellite_Property_Valuation\images\train\1545804820.jpg,240000.0,val
1545806510,C:\Users\hiten\Documents\Satellite_Property_Valuation\images\train\1545806510.jpg,260000.0,val
1545807610,C:\Users\hiten\Documents\Satellite_Property_Valuation\images\train\1545807610.jpg,270500.0,val
1545807990,C:\Users\hiten\Documents\Satellite_Property_Valuation\images\train\1545807990.jpg,315000.0,val
1552800280,C:\Users\hiten\Documents\Satellite_Property_Valuation\images\train\1552800280.jpg,298950.0,val
1558500100,C:\Users\hiten\Documents\Satellite_Property_Valuation\images\train\1558500100.jpg,360000.0,val
1592000260,C:\Users\hiten\Documents\Satellite_Property_Valuation\images\train\1592000260.jpg,600000.0,val
1604600790,C:\Users\hiten\Documents\Satellite_Property_Valuation\images\train\1604600790.jpg,316000.0,val
1604601375,C:\Users\hiten\Documents\Satellite_Property_Valuation\images\train\1604601375.jpg,378750.0,val
1612500155,C:\Users\hiten\Documents\Satellite_Property_Valuation\images\train\1612500155.jpg,246000.0,val
1622059088,C:\Users\hiten\Documents\Satellite_Property_Valuation\images\train\1622059088.jpg,385000.0,val
1622069127,C:\Users\hiten\Documents\Satellite_Property_Valuation\images\train\1622069127.jpg,525000.0,val
1623049062,C:\Users\hiten\Documents\Satellite_Property_Valuation\images\train\1623049062.jpg,210000.0,val
1623049214,C:\Users\hiten\Documents\Satellite_Property_Valuation\images\train\1623049214.jpg,283000.0,val
1623069023,C:\Users\hiten\Documents\Satellite_Property_Valuation\images\train\1623069023.jpg,820000.0,val
1624079051,C:\Users\hiten\Documents\Satellite_Property_Valuation\images\train\1624079051.jpg,600000.0,val
1645000097,C:\Users\hiten\Documents\Satellite_Property_Valuation\images\train\1645000097.jpg,249000.0,val
1657530350,C:\Users\hiten\Documents\Satellite_Property_Valuation\images\train\1657530350.jpg,280000.0,val
1683600240,C:\Users\hiten\Documents\Satellite_Property_Valuation\images\train\1683600240.jpg,234975.0,val
1683800120,C:\Users\hiten\Documents\Satellite_Property_Valuation\images\train\1683800120.jpg,302500.0,val
1710400007,C:\Users\hiten\Documents\Satellite_Property_Valuation\images\train\1710400007.jpg,660000.0,val
1725079061,C:\Users\hiten\Documents\Satellite_Property_Valuation\images\train\1725079061.jpg,500000.0,val
1726059053,C:\Users\hiten\Documents\Satellite_Property_Valuation\images\train\1726059053.jpg,270000.0,val
1732800820,C:\Users\hiten\Documents\Satellite_Property_Valuation\images\train\1732800820.jpg,1325000.0,val
1761600050,C:\Users\hiten\Documents\Satellite_Property_Valuation\images\train\1761600050.jpg,397000.0,val
1773100121,C:\Users\hiten\Documents\Satellite_Property_Valuation\images\train\1773100121.jpg,286000.0,val
1773600264,C:\Users\hiten\Documents\Satellite_Property_Valuation\images\train\1773600264.jpg,705000.0,val
1774200060,C:\Users\hiten\Documents\Satellite_Property_Valuation\images\train\1774200060.jpg,669000.0,val
1774230300,C:\Users\hiten\Documents\Satellite_Property_Valuation\images\train\1774230300.jpg,615000.0,val
1777500160,C:\Users\hiten\Documents\Satellite_Property_Valuation\images\train\1777500160.jpg,718000.0,val
1785400300,C:\Users\hiten\Documents\Satellite_Property_Valuation\images\train\1785400300.jpg,525000.0,val
1785400770,C:\Users\hiten\Documents\Satellite_Property_Valuation\images\train\1785400770.jpg,500000.0,val
1788700070,C:\Users\hiten\Documents\Satellite_Property_Valuation\images\train\1788700070.jpg,170000.0,val
1796351080,C:\Users\hiten\Documents\Satellite_Property_Valuation\images\train\1796351080.jpg,208000.0,val
1796360370,C:\Users\hiten\Documents\Satellite_Property_Valuation\images\train\1796360370.jpg,257000.0,val
1796370730,C:\Users\hiten\Documents\Satellite_Property_Valuation\images\train\1796370730.jpg,259900.0,val
1796500100,C:\Users\hiten\Documents\Satellite_Property_Valuation\images\train\1796500100.jpg,259000.0,val
1823059223,C:\Users\hiten\Documents\Satellite_Property_Valuation\images\train\1823059223.jpg,291000.0,val
1826049225,C:\Users\hiten\Documents\Satellite_Property_Valuation\images\train\1826049225.jpg,460000.0,val
1828001130,C:\Users\hiten\Documents\Satellite_Property_Valuation\images\train\1828001130.jpg,545000.0,val
1836980160,C:\Users\hiten\Documents\Satellite_Property_Valuation\images\train\1836980160.jpg,807100.0,val
1842900030,C:\Users\hiten\Documents\Satellite_Property_Valuation\images\train\1842900030.jpg,234000.0,val
1853080120,C:\Users\hiten\Documents\Satellite_Property_Valuation\images\train\1853080120.jpg,919950.0,val
1853080850,C:\Users\hiten\Documents\Satellite_Property_Valuation\images\train\1853080850.jpg,837219.0,val
1864940180,C:\Users\hiten\Documents\Satellite_Property_Valuation\images\train\1864940180.jpg,335000.0,val
1890000166,C:\Users\hiten\Documents\Satellite_Property_Valuation\images\train\1890000166.jpg,540000.0,val
1891100130,C:\Users\hiten\Documents\Satellite_Property_Valuation\images\train\1891100130.jpg,639000.0,val
1917300105,C:\Users\hiten\Documents\Satellite_Property_Valuation\images\train\1917300105.jpg,216500.0,val
1922059102,C:\Users\hiten\Documents\Satellite_Property_Valuation\images\train\1922059102.jpg,245000.0,val
1923000260,C:\Users\hiten\Documents\Satellite_Property_Valuation\images\train\1923000260.jpg,1959000.0,val
1925069099,C:\Users\hiten\Documents\Satellite_Property_Valuation\images\train\1925069099.jpg,915000.0,val
1926069143,C:\Users\hiten\Documents\Satellite_Property_Valuation\images\train\1926069143.jpg,865000.0,val
1928300640,C:\Users\hiten\Documents\Satellite_Property_Valuation\images\train\1928300640.jpg,541000.0,val
1931300175,C:\Users\hiten\Documents\Satellite_Property_Valuation\images\train\1931300175.jpg,575000.0,val
1939120050,C:\Users\hiten\Documents\Satellite_Property_Valuation\images\train\1939120050.jpg,638250.0,val
1939130730,C:\Users\hiten\Documents\Satellite_Property_Valuation\images\train\1939130730.jpg,635000.0,val
1959701745,C:\Users\hiten\Documents\Satellite_Property_Valuation\images\train\1959701745.jpg,1675000.0,val
1972202187,C:\Users\hiten\Documents\Satellite_Property_Valuation\images\train\1972202187.jpg,565000.0,val
1997200215,C:\Users\hiten\Documents\Satellite_Property_Valuation\images\train\1997200215.jpg,599999.0,val
2005600090,C:\Users\hiten\Documents\Satellite_Property_Valuation\images\train\2005600090.jpg,160000.0,val
2011400583,C:\Users\hiten\Documents\Satellite_Property_Valuation\images\train\2011400583.jpg,402000.0,val
2011400782,C:\Users\hiten\Documents\Satellite_Property_Valuation\images\train\2011400782.jpg,229500.0,val
2023059052,C:\Users\hiten\Documents\Satellite_Property_Valuation\images\train\2023059052.jpg,450000.0,val
2025049203,C:\Users\hiten\Documents\Satellite_Property_Valuation\images\train\2025049203.jpg,399950.0,val
2025059026,C:\Users\hiten\Documents\Satellite_Property_Valuation\images\train\2025059026.jpg,1980000.0,val
2025700180,C:\Users\hiten\Documents\Satellite_Property_Valuation\images\train\2025700180.jpg,300000.0,val
2025701190,C:\Users\hiten\Documents\Satellite_Property_Valuation\images\train\2025701190.jpg,295000.0,val
2025800080,C:\Users\hiten\Documents\Satellite_Property_Valuation\images\train\2025800080.jpg,325000.0,val
2028701165,C:\Users\hiten\Documents\Satellite_Property_Valuation\images\train\2028701165.jpg,430000.0,val
2061100570,C:\Users\hiten\Documents\Satellite_Property_Valuation\images\train\2061100570.jpg,595000.0,val
2113700005,C:\Users\hiten\Documents\Satellite_Property_Valuation\images\train\2113700005.jpg,283000.0,val
2114700460,C:\Users\hiten\Documents\Satellite_Property_Valuation\images\train\2114700460.jpg,249000.0,val
2114700615,C:\Users\hiten\Documents\Satellite_Property_Valuation\images\train\2114700615.jpg,148000.0,val
2122059014,C:\Users\hiten\Documents\Satellite_Property_Valuation\images\train\2122059014.jpg,277500.0,val
2122059127,C:\Users\hiten\Documents\Satellite_Property_Valuation\images\train\2122059127.jpg,209900.0,val
2123049114,C:\Users\hiten\Documents\Satellite_Property_Valuation\images\train\2123049114.jpg,110700.0,val
2123049502,C:\Users\hiten\Documents\Satellite_Property_Valuation\images\train\2123049502.jpg,215000.0,val
2125079054,C:\Users\hiten\Documents\Satellite_Property_Valuation\images\train\2125079054.jpg,522500.0,val
2130200160,C:\Users\hiten\Documents\Satellite_Property_Valuation\images\train\2130200160.jpg,325000.0,val
2131200766,C:\Users\hiten\Documents\Satellite_Property_Valuation\images\train\2131200766.jpg,307000.0,val
2131701240,C:\Users\hiten\Documents\Satellite_Property_Valuation\images\train\2131701240.jpg,349950.0,val
2141310020,C:\Users\hiten\Documents\Satellite_Property_Valuation\images\train\2141310020.jpg,779000.0,val
2141310490,C:\Users\hiten\Documents\Satellite_Property_Valuation\images\train\2141310490.jpg,625000.0,val
2144800146,C:\Users\hiten\Documents\Satellite_Property_Valuation\images\train\2144800146.jpg,257500.0,val
2155000290,C:\Users\hiten\Documents\Satellite_Property_Valuation\images\train\2155000290.jpg,550000.0,val
2159800120,C:\Users\hiten\Documents\Satellite_Property_Valuation\images\train\2159800120.jpg,801501.0,val
2159900060,C:\Users\hiten\Documents\Satellite_Property_Valuation\images\train\2159900060.jpg,451101.0,val
2161400060,C:\Users\hiten\Documents\Satellite_Property_Valuation\images\train\2161400060.jpg,338900.0,val
2175100270,C:\Users\hiten\Documents\Satellite_Property_Valuation\images\train\2175100270.jpg,1025000.0,val
2180001080,C:\Users\hiten\Documents\Satellite_Property_Valuation\images\train\2180001080.jpg,277500.0,val
2201500030,C:\Users\hiten\Documents\Satellite_Property_Valuation\images\train\2201500030.jpg,420000.0,val
2206500110,C:\Users\hiten\Documents\Satellite_Property_Valuation\images\train\2206500110.jpg,508450.0,val
2206500300,C:\Users\hiten\Documents\Satellite_Property_Valuation\images\train\2206500300.jpg,565000.0,val
2207200675,C:\Users\hiten\Documents\Satellite_Property_Valuation\images\train\2207200675.jpg,419000.0,val
2210500019,C:\Users\hiten\Documents\Satellite_Property_Valuation\images\train\2210500019.jpg,937500.0,val
2212200100,C:\Users\hiten\Documents\Satellite_Property_Valuation\images\train\2212200100.jpg,344900.0,val
2212900470,C:\Users\hiten\Documents\Satellite_Property_Valuation\images\train\2212900470.jpg,186000.0,val
2215500230,C:\Users\hiten\Documents\Satellite_Property_Valuation\images\train\2215500230.jpg,615750.0,val
2215800050,C:\Users\hiten\Documents\Satellite_Property_Valuation\images\train\2215800050.jpg,785000.0,val
2228900270,C:\Users\hiten\Documents\Satellite_Property_Valuation\images\train\2228900270.jpg,302000.0,val
2231000020,C:\Users\hiten\Documents\Satellite_Property_Valuation\images\train\2231000020.jpg,432500.0,val
2249500367,C:\Users\hiten\Documents\Satellite_Property_Valuation\images\train\2249500367.jpg,736000.0,val
2254502071,C:\Users\hiten\Documents\Satellite_Property_Valuation\images\train\2254502071.jpg,375000.0,val
2268400350,C:\Users\hiten\Documents\Satellite_Property_Valuation\images\train\2268400350.jpg,749000.0,val
2287000030,C:\Users\hiten\Documents\Satellite_Property_Valuation\images\train\2287000030.jpg,811000.0,val
2301400276,C:\Users\hiten\Documents\Satellite_Property_Valuation\images\train\2301400276.jpg,865000.0,val
2320069089,C:\Users\hiten\Documents\Satellite_Property_Valuation\images\train\2320069089.jpg,212000.0,val
2322069100,C:\Users\hiten\Documents\Satellite_Property_Valuation\images\train\2322069100.jpg,453000.0,val
2323059184,C:\Users\hiten\Documents\Satellite_Property_Valuation\images\train\2323059184.jpg,305000.0,val
2325300093,C:\Users\hiten\Documents\Satellite_Property_Valuation\images\train\2325300093.jpg,378000.0,val
2326079039,C:\Users\hiten\Documents\Satellite_Property_Valuation\images\train\2326079039.jpg,362000.0,val
2329810590,C:\Users\hiten\Documents\Satellite_Property_Valuation\images\train\2329810590.jpg,285000.0,val
2331540070,C:\Users\hiten\Documents\Satellite_Property_Valuation\images\train\2331540070.jpg,342000.0,val
2354300550,C:\Users\hiten\Documents\Satellite_Property_Valuation\images\train\2354300550.jpg,460000.0,val
2391600335,C:\Users\hiten\Documents\Satellite_Property_Valuation\images\train\2391600335.jpg,804000.0,val
2414600366,C:\Users\hiten\Documents\Satellite_Property_Valuation\images\train\2414600366.jpg,199900.0,val
2419600005,C:\Users\hiten\Documents\Satellite_Property_Valuation\images\train\2419600005.jpg,420000.0,val
2420069251,C:\Users\hiten\Documents\Satellite_Property_Valuation\images\train\2420069251.jpg,262000.0,val
2423039122,C:\Users\hiten\Documents\Satellite_Property_Valuation\images\train\2423039122.jpg,327000.0,val
2424059163,C:\Users\hiten\Documents\Satellite_Property_Valuation\images\train\2424059163.jpg,1240000.0,val
2425700005,C:\Users\hiten\Documents\Satellite_Property_Valuation\images\train\2425700005.jpg,760000.0,val
2436200025,C:\Users\hiten\Documents\Satellite_Property_Valuation\images\train\2436200025.jpg,580000.0,val
2436701180,C:\Users\hiten\Documents\Satellite_Property_Valuation\images\train\2436701180.jpg,671500.0,val
2458400345,C:\Users\hiten\Documents\Satellite_Property_Valuation\images\train\2458400345.jpg,340000.0,val
2472950170,C:\Users\hiten\Documents\Satellite_Property_Valuation\images\train\2472950170.jpg,365000.0,val
2473100010,C:\Users\hiten\Documents\Satellite_Property_Valuation\images\train\2473100010.jpg,279000.0,val
2473101190,C:\Users\hiten\Documents\Satellite_Property_Valuation\images\train\2473101190.jpg,279950.0,val
2473350470,C:\Users\hiten\Documents\Satellite_Property_Valuation\images\train\2473350470.jpg,330000.0,val
2473371570,C:\Users\hiten\Documents\Satellite_Property_Valuation\images\train\2473371570.jpg,313500.0,val
2474300050,C:\Users\hiten\Documents\Satellite_Property_Valuation\images\train\2474300050.jpg,740000.0,val
2475200140,C:\Users\hiten\Documents\Satellite_Property_Valuation\images\train\2475200140.jpg,370000.0,val
2481600110,C:\Users\hiten\Documents\Satellite_Property_Valuation\images\train\2481600110.jpg,675000.0,val
2487200940,C:\Users\hiten\Documents\Satellite_Property_Valuation\images\train\2487200940.jpg,889000.0,val
2491200050,C:\Users\hiten\Documents\Satellite_Property_Valuation\images\train\2491200050.jpg,423000.0,val
2494000070,C:\Users\hiten\Documents\Satellite_Property_Valuation\images\train\2494000070.jpg,480000.0,val
2517000140,C:\Users\hiten\Documents\Satellite_Property_Valuation\images\train\2517000140.jpg,306000.0,val
2517010120,C:\Users\hiten\Documents\Satellite_Property_Valuation\images\train\2517010120.jpg,340000.0,val
2523039054,C:\Users\hiten\Documents\Satellite_Property_Valuation\images\train\2523039054.jpg,1115000.0,val
2523069192,C:\Users\hiten\Documents\Satellite_Property_Valuation\images\train\2523069192.jpg,1049000.0,val
2525049133,C:\Users\hiten\Documents\Satellite_Property_Valuation\images\train\2525049133.jpg,1398000.0,val
2525059077,C:\Users\hiten\Documents\Satellite_Property_Valuation\images\train\2525059077.jpg,765000.0,val
2537500140,C:\Users\hiten\Documents\Satellite_Property_Valuation\images\train\2537500140.jpg,687500.0,val
2557000090,C:\Users\hiten\Documents\Satellite_Property_Valuation\images\train\2557000090.jpg,238000.0,val
2558660190,C:\Users\hiten\Documents\Satellite_Property_Valuation\images\train\2558660190.jpg,459000.0,val
2568300045,C:\Users\hiten\Documents\Satellite_Property_Valuation\images\train\2568300045.jpg,649950.0,val
2581900060,C:\Users\hiten\Documents\Satellite_Property_Valuation\images\train\2581900060.jpg,690000.0,val
2588800006,C:\Users\hiten\Documents\Satellite_Property_Valuation\images\train\2588800006.jpg,240000.0,val
2591700037,C:\Users\hiten\Documents\Satellite_Property_Valuation\images\train\2591700037.jpg,746000.0,val
2597000130,C:\Users\hiten\Documents\Satellite_Property_Valuation\images\train\2597000130.jpg,570000.0,val
2597501190,C:\Users\hiten\Documents\Satellite_Property_Valuation\images\train\2597501190.jpg,270000.0,val
2599001010,C:\Users\hiten\Documents\Satellite_Property_Valuation\images\train\2599001010.jpg,196000.0,val
2599001240,C:\Users\hiten\Documents\Satellite_Property_Valuation\images\train\2599001240.jpg,200000.0,val
2600030210,C:\Users\hiten\Documents\Satellite_Property_Valuation\images\train\2600030210.jpg,681000.0,val
2600100300,C:\Users\hiten\Documents\Satellite_Property_Valuation\images\train\2600100300.jpg,623000.0,val
2616700520,C:\Users\hiten\Documents\Satellite_Property_Valuation\images\train\2616700520.jpg,285000.0,val
2619920110,C:\Users\hiten\Documents\Satellite_Property_Valuation\images\train\2619920110.jpg,825000.0,val
2623029003,C:\Users\hiten\Documents\Satellite_Property_Valuation\images\train\2623029003.jpg,635000.0,val
2623089002,C:\Users\hiten\Documents\Satellite_Property_Valuation\images\train\2623089002.jpg,446250.0,val
2636900126,C:\Users\hiten\Documents\Satellite_Property_Valuation\images\train\2636900126.jpg,365000.0,val
2660500095,C:\Users\hiten\Documents\Satellite_Property_Valuation\images\train\2660500095.jpg,715000.0,val
2697400020,C:\Users\hiten\Documents\Satellite_Property_Valuation\images\train\2697400020.jpg,400000.0,val
2710600080,C:\Users\hiten\Documents\Satellite_Property_Valuation\images\train\2710600080.jpg,525000.0,val
2721600010,C:\Users\hiten\Documents\Satellite_Property_Valuation\images\train\2721600010.jpg,988000.0,val
2726079103,C:\Users\hiten\Documents\Satellite_Property_Valuation\images\train\2726079103.jpg,475000.0,val
2763710060,C:\Users\hiten\Documents\Satellite_Property_Valuation\images\train\2763710060.jpg,459950.0,val
2767600985,C:\Users\hiten\Documents\Satellite_Property_Valuation\images\train\2767600985.jpg,529950.0,val
2767603890,C:\Users\hiten\Documents\Satellite_Property_Valuation\images\train\2767603890.jpg,705000.0,val
2767604558,C:\Users\hiten\Documents\Satellite_Property_Valuation\images\train\2767604558.jpg,512000.0,val
2767704252,C:\Users\hiten\Documents\Satellite_Property_Valuation\images\train\2767704252.jpg,478000.0,val
2768301476,C:\Users\hiten\Documents\Satellite_Property_Valuation\images\train\2768301476.jpg,495000.0,val
2768301482,C:\Users\hiten\Documents\Satellite_Property_Valuation\images\train\2768301482.jpg,490000.0,val
2770601595,C:\Users\hiten\Documents\Satellite_Property_Valuation\images\train\2770601595.jpg,415000.0,val
2770601782,C:\Users\hiten\Documents\Satellite_Property_Valuation\images\train\2770601782.jpg,453000.0,val
2781240040,C:\Users\hiten\Documents\Satellite_Property_Valuation\images\train\2781240040.jpg,342000.0,val
2802200100,C:\Users\hiten\Documents\Satellite_Property_Valuation\images\train\2802200100.jpg,543000.0,val
2804600010,C:\Users\hiten\Documents\Satellite_Property_Valuation\images\train\2804600010.jpg,950000.0,val
2806000560,C:\Users\hiten\Documents\Satellite_Property_Valuation\images\train\2806000560.jpg,690000.0,val
2810100023,C:\Users\hiten\Documents\Satellite_Property_Valuation\images\train\2810100023.jpg,395000.0,val
2817210420,C:\Users\hiten\Documents\Satellite_Property_Valuation\images\train\2817210420.jpg,545000.0,val
2817800100,C:\Users\hiten\Documents\Satellite_Property_Valuation\images\train\2817800100.jpg,328950.0,val
2818600115,C:\Users\hiten\Documents\Satellite_Property_Valuation\images\train\2818600115.jpg,625000.0,val
2826049117,C:\Users\hiten\Documents\Satellite_Property_Valuation\images\train\2826049117.jpg,438750.0,val
2856100185,C:\Users\hiten\Documents\Satellite_Property_Valuation\images\train\2856100185.jpg,365000.0,val
2856101479,C:\Users\hiten\Documents\Satellite_Property_Valuation\images\train\2856101479.jpg,276000.0,val
2861100030,C:\Users\hiten\Documents\Satellite_Property_Valuation\images\train\2861100030.jpg,265000.0,val
2867300030,C:\Users\hiten\Documents\Satellite_Property_Valuation\images\train\2867300030.jpg,442000.0,val
2877101310,C:\Users\hiten\Documents\Satellite_Property_Valuation\images\train\2877101310.jpg,415000.0,val
2891000450,C:\Users\hiten\Documents\Satellite_Property_Valuation\images\train\2891000450.jpg,229500.0,val
2895730280,C:\Users\hiten\Documents\Satellite_Property_Valuation\images\train\2895730280.jpg,995000.0,val
2895730540,C:\Users\hiten\Documents\Satellite_Property_Valuation\images\train\2895730540.jpg,929000.0,val
2919200280,C:\Users\hiten\Documents\Satellite_Property_Valuation\images\train\2919200280.jpg,720168.0,val
2923039017,C:\Users\hiten\Documents\Satellite_Property_Valuation\images\train\2923039017.jpg,510000.0,val
2923039217,C:\Users\hiten\Documents\Satellite_Property_Valuation\images\train\2923039217.jpg,350000.0,val
2923069037,C:\Users\hiten\Documents\Satellite_Property_Valuation\images\train\2923069037.jpg,210000.0,val
2925059294,C:\Users\hiten\Documents\Satellite_Property_Valuation\images\train\2925059294.jpg,860000.0,val
2925079012,C:\Users\hiten\Documents\Satellite_Property_Valuation\images\train\2925079012.jpg,503000.0,val
2926049382,C:\Users\hiten\Documents\Satellite_Property_Valuation\images\train\2926049382.jpg,650000.0,val
2944000170,C:\Users\hiten\Documents\Satellite_Property_Valuation\images\train\2944000170.jpg,1010000.0,val
2946000912,C:\Users\hiten\Documents\Satellite_Property_Valuation\images\train\2946000912.jpg,212500.0,val
2978800120,C:\Users\hiten\Documents\Satellite_Property_Valuation\images\train\2978800120.jpg,469000.0,val
2979800762,C:\Users\hiten\Documents\Satellite_Property_Valuation\images\train\2979800762.jpg,365000.0,val
2988800065,C:\Users\hiten\Documents\Satellite_Property_Valuation\images\train\2988800065.jpg,281000.0,val
2998800125,C:\Users\hiten\Documents\Satellite_Property_Valuation\images\train\2998800125.jpg,730000.0,val
3024059036,C:\Users\hiten\Documents\Satellite_Property_Valuation\images\train\3024059036.jpg,950000.0,val
3024059057,C:\Users\hiten\Documents\Satellite_Property_Valuation\images\train\3024059057.jpg,1650000.0,val
3025049028,C:\Users\hiten\Documents\Satellite_Property_Valuation\images\train\3025049028.jpg,930000.0,val
3026059011,C:\Users\hiten\Documents\Satellite_Property_Valuation\images\train\3026059011.jpg,825000.0,val
3028200100,C:\Users\hiten\Documents\Satellite_Property_Valuation\images\train\3028200100.jpg,216000.0,val
3034200933,C:\Users\hiten\Documents\Satellite_Property_Valuation\images\train\3034200933.jpg,399888.0,val
3052700610,C:\Users\hiten\Documents\Satellite_Property_Valuation\images\train\3052700610.jpg,850000.0,val
3052701135,C:\Users\hiten\Documents\Satellite_Property_Valuation\images\train\3052701135.jpg,626000.0,val
3057000300,C:\Users\hiten\Documents\Satellite_Property_Valuation\images\train\3057000300.jpg,295000.0,val
3065600270,C:\Users\hiten\Documents\Satellite_Property_Valuation\images\train\3065600270.jpg,226750.0,val
3121500100,C:\Users\hiten\Documents\Satellite_Property_Valuation\images\train\3121500100.jpg,715000.0,val
3121500340,C:\Users\hiten\Documents\Satellite_Property_Valuation\images\train\3121500340.jpg,690000.0,val
3123039089,C:\Users\hiten\Documents\Satellite_Property_Valuation\images\train\3123039089.jpg,252000.0,val
3126059023,C:\Users\hiten\Documents\Satellite_Property_Valuation\images\train\3126059023.jpg,3395000.0,val
3127200021,C:\Users\hiten\Documents\Satellite_Property_Valuation\images\train\3127200021.jpg,850000.0,val
3131201105,C:\Users\hiten\Documents\Satellite_Property_Valuation\images\train\3131201105.jpg,580000.0,val
3179100060,C:\Users\hiten\Documents\Satellite_Property_Valuation\images\train\3179100060.jpg,880000.0,val
3185600040,C:\Users\hiten\Documents\Satellite_Property_Valuation\images\train\3185600040.jpg,310000.0,val
3188100065,C:\Users\hiten\Documents\Satellite_Property_Valuation\images\train\3188100065.jpg,405000.0,val
3204300090,C:\Users\hiten\Documents\Satellite_Property_Valuation\images\train\3204300090.jpg,640000.0,val
3204800200,C:\Users\hiten\Documents\Satellite_Property_Valuation\images\train\3204800200.jpg,665000.0,val
3205100060,C:\Users\hiten\Documents\Satellite_Property_Valuation\images\train\3205100060.jpg,517100.0,val
3211200460,C:\Users\hiten\Documents\Satellite_Property_Valuation\images\train\3211200460.jpg,389000.0,val
3213200245,C:\Users\hiten\Documents\Satellite_Property_Valuation\images\train\3213200245.jpg,435500.0,val
3216900100,C:\Users\hiten\Documents\Satellite_Property_Valuation\images\train\3216900100.jpg,315000.0,val
3223039010,C:\Users\hiten\Documents\Satellite_Property_Valuation\images\train\3223039010.jpg,260000.0,val
3223039181,C:\Users\hiten\Documents\Satellite_Property_Valuation\images\train\3223039181.jpg,585000.0,val
3223039229,C:\Users\hiten\Documents\Satellite_Property_Valuation\images\train\3223039229.jpg,475000.0,val
3226049478,C:\Users\hiten\Documents\Satellite_Property_Valuation\images\train\3226049478.jpg,430000.0,val
3229200040,C:\Users\hiten\Documents\Satellite_Property_Valuation\images\train\3229200040.jpg,215000.0,val
3243100080,C:\Users\hiten\Documents\Satellite_Property_Valuation\images\train\3243100080.jpg,270000.0,val
3244500037,C:\Users\hiten\Documents\Satellite_Property_Valuation\images\train\3244500037.jpg,510000.0,val
3271800185,C:\Users\hiten\Documents\Satellite_Property_Valuation\images\train\3271800185.jpg,880000.0,val
3275860240,C:\Users\hiten\Documents\Satellite_Property_Valuation\images\train\3275860240.jpg,770000.0,val
3276050110,C:\Users\hiten\Documents\Satellite_Property_Valuation\images\train\3276050110.jpg,368500.0,val
3278600240,C:\Users\hiten\Documents\Satellite_Property_Valuation\images\train\3278600240.jpg,372500.0,val
3278611600,C:\Users\hiten\Documents\Satellite_Property_Valuation\images\train\3278611600.jpg,379900.0,val
3288301030,C:\Users\hiten\Documents\Satellite_Property_Valuation\images\train\3288301030.jpg,623000.0,val
3298600340,C:\Users\hiten\Documents\Satellite_Property_Valuation\images\train\3298600340.jpg,400000.0,val
3303850360,C:\Users\hiten\Documents\Satellite_Property_Valuation\images\train\3303850360.jpg,1280000.0,val
3303850390,C:\Users\hiten\Documents\Satellite_Property_Valuation\images\train\3303850390.jpg,2983000.0,val
3303980520,C:\Users\hiten\Documents\Satellite_Property_Valuation\images\train\3303980520.jpg,1135000.0,val
3324069070,C:\Users\hiten\Documents\Satellite_Property_Valuation\images\train\3324069070.jpg,195000.0,val
3327000140,C:\Users\hiten\Documents\Satellite_Property_Valuation\images\train\3327000140.jpg,235000.0,val
3333002385,C:\Users\hiten\Documents\Satellite_Property_Valuation\images\train\3333002385.jpg,370000.0,val
3336000791,C:\Users\hiten\Documents\Satellite_Property_Valuation\images\train\3336000791.jpg,325000.0,val
3339900096,C:\Users\hiten\Documents\Satellite_Property_Valuation\images\train\3339900096.jpg,250750.0,val
3343300644,C:\Users\hiten\Documents\Satellite_Property_Valuation\images\train\3343300644.jpg,343000.0,val
3343901848,C:\Users\hiten\Documents\Satellite_Property_Valuation\images\train\3343901848.jpg,313100.0,val
3348401584,C:\Users\hiten\Documents\Satellite_Property_Valuation\images\train\3348401584.jpg,210000.0,val
3352401037,C:\Users\hiten\Documents\Satellite_Property_Valuation\images\train\3352401037.jpg,224000.0,val
3365900175,C:\Users\hiten\Documents\Satellite_Property_Valuation\images\train\3365900175.jpg,424305.0,val
3375300370,C:\Users\hiten\Documents\Satellite_Property_Valuation\images\train\3375300370.jpg,262500.0,val
3379200100,C:\Users\hiten\Documents\Satellite_Property_Valuation\images\train\3379200100.jpg,334000.0,val
3395350210,C:\Users\hiten\Documents\Satellite_Property_Valuation\images\train\3395350210.jpg,810000.0,val
3421059049,C:\Users\hiten\Documents\Satellite_Property_Valuation\images\train\3421059049.jpg,475000.0,val
3421069053,C:\Users\hiten\Documents\Satellite_Property_Valuation\images\train\3421069053.jpg,600000.0,val
3421069118,C:\Users\hiten\Documents\Satellite_Property_Valuation\images\train\3421069118.jpg,297000.0,val
3423600060,C:\Users\hiten\Documents\Satellite_Property_Valuation\images\train\3423600060.jpg,665000.0,val
3423600065,C:\Users\hiten\Documents\Satellite_Property_Valuation\images\train\3423600065.jpg,540000.0,val
3424069066,C:\Users\hiten\Documents\Satellite_Property_Valuation\images\train\3424069066.jpg,396450.0,val
3424069215,C:\Users\hiten\Documents\Satellite_Property_Valuation\images\train\3424069215.jpg,396480.0,val
3425059173,C:\Users\hiten\Documents\Satellite_Property_Valuation\images\train\3425059173.jpg,865000.0,val
3432500200,C:\Users\hiten\Documents\Satellite_Property_Valuation\images\train\3432500200.jpg,329999.0,val
3438500486,C:\Users\hiten\Documents\Satellite_Property_Valuation\images\train\3438500486.jpg,413000.0,val
3448001412,C:\Users\hiten\Documents\Satellite_Property_Valuation\images\train\3448001412.jpg,295000.0,val
3449820430,C:\Users\hiten\Documents\Satellite_Property_Valuation\images\train\3449820430.jpg,553000.0,val
3454000060,C:\Users\hiten\Documents\Satellite_Property_Valuation\images\train\3454000060.jpg,1000000.0,val
3523069060,C:\Users\hiten\Documents\Satellite_Property_Valuation\images\train\3523069060.jpg,415000.0,val
3524049042,C:\Users\hiten\Documents\Satellite_Property_Valuation\images\train\3524049042.jpg,375000.0,val
3566800125,C:\Users\hiten\Documents\Satellite_Property_Valuation\images\train\3566800125.jpg,425000.0,val
3574801350,C:\Users\hiten\Documents\Satellite_Property_Valuation\images\train\3574801350.jpg,410000.0,val
3574801720,C:\Users\hiten\Documents\Satellite_Property_Valuation\images\train\3574801720.jpg,400000.0,val
3578401700,C:\Users\hiten\Documents\Satellite_Property_Valuation\images\train\3578401700.jpg,540000.0,val
3579800180,C:\Users\hiten\Documents\Satellite_Property_Valuation\images\train\3579800180.jpg,449950.0,val
3583300135,C:\Users\hiten\Documents\Satellite_Property_Valuation\images\train\3583300135.jpg,460000.0,val
3584000400,C:\Users\hiten\Documents\Satellite_Property_Valuation\images\train\3584000400.jpg,172000.0,val
3584900090,C:\Users\hiten\Documents\Satellite_Property_Valuation\images\train\3584900090.jpg,577000.0,val
3600600065,C:\Users\hiten\Documents\Satellite_Property_Valuation\images\train\3600600065.jpg,279950.0,val
3601800580,C:\Users\hiten\Documents\Satellite_Property_Valuation\images\train\3601800580.jpg,250000.0,val
3629921000,C:\Users\hiten\Documents\Satellite_Property_Valuation\images\train\3629921000.jpg,950000.0,val
3630121060,C:\Users\hiten\Documents\Satellite_Property_Valuation\images\train\3630121060.jpg,740000.0,val
3649100264,C:\Users\hiten\Documents\Satellite_Property_Valuation\images\train\3649100264.jpg,405000.0,val
3654200037,C:\Users\hiten\Documents\Satellite_Property_Valuation\images\train\3654200037.jpg,380000.0,val
3693901105,C:\Users\hiten\Documents\Satellite_Property_Valuation\images\train\3693901105.jpg,630000.0,val
3709500060,C:\Users\hiten\Documents\Satellite_Property_Valuation\images\train\3709500060.jpg,458000.0,val
3715500170,C:\Users\hiten\Documents\Satellite_Property_Valuation\images\train\3715500170.jpg,442500.0,val
3741600020,C:\Users\hiten\Documents\Satellite_Property_Valuation\images\train\3741600020.jpg,540000.0,val
3751602249,C:\Users\hiten\Documents\Satellite_Property_Valuation\images\train\3751602249.jpg,205000.0,val
3754700160,C:\Users\hiten\Documents\Satellite_Property_Valuation\images\train\3754700160.jpg,397000.0,val
3758900075,C:\Users\hiten\Documents\Satellite_Property_Valuation\images\train\3758900075.jpg,1532500.0,val
3758900220,C:\Users\hiten\Documents\Satellite_Property_Valuation\images\train\3758900220.jpg,1135000.0,val
3759500006,C:\Users\hiten\Documents\Satellite_Property_Valuation\images\train\3759500006.jpg,610000.0,val
3760500602,C:\Users\hiten\Documents\Satellite_Property_Valuation\images\train\3760500602.jpg,608095.0,val
3761100240,C:\Users\hiten\Documents\Satellite_Property_Valuation\images\train\3761100240.jpg,901000.0,val
3782400040,C:\Users\hiten\Documents\Satellite_Property_Valuation\images\train\3782400040.jpg,396000.0,val
3793500920,C:\Users\hiten\Documents\Satellite_Property_Valuation\images\train\3793500920.jpg,349950.0,val
3797002160,C:\Users\hiten\Documents\Satellite_Property_Valuation\images\train\3797002160.jpg,409950.0,val
3814900750,C:\Users\hiten\Documents\Satellite_Property_Valuation\images\train\3814900750.jpg,399440.0,val
3815500035,C:\Users\hiten\Documents\Satellite_Property_Valuation\images\train\3815500035.jpg,385000.0,val
3818700123,C:\Users\hiten\Documents\Satellite_Property_Valuation\images\train\3818700123.jpg,390000.0,val
3819800580,C:\Users\hiten\Documents\Satellite_Property_Valuation\images\train\3819800580.jpg,400000.0,val
3820100284,C:\Users\hiten\Documents\Satellite_Property_Valuation\images\train\3820100284.jpg,355000.0,val
3821700038,C:\Users\hiten\Documents\Satellite_Property_Valuation\images\train\3821700038.jpg,305000.0,val
3822200164,C:\Users\hiten\Documents\Satellite_Property_Valuation\images\train\3822200164.jpg,423500.0,val
3825310540,C:\Users\hiten\Documents\Satellite_Property_Valuation\images\train\3825310540.jpg,640000.0,val
3832300090,C:\Users\hiten\Documents\Satellite_Property_Valuation\images\train\3832300090.jpg,215000.0,val
3860900111,C:\Users\hiten\Documents\Satellite_Property_Valuation\images\train\3860900111.jpg,695000.0,val
