id,predicted_price
2591820310,376784.25
7974200820,925232.7
7701450110,1.2119208e+06
9522300010,1.9700225e+06
9510861140,703310.06
1761300310,242947.44
7732410120,734849.2
7010701383,646653.56
291310170,442704.22
4232901990,592952.0
6840701125,637859.56
3971700580,422209.6
4202400078,246636.77
6064800090,444875.72
2626119028,203173.27
3303980660,1.0128925e+06
862000020,953040.3
2386000070,962993.9
1138000450,351367.22
1775800420,475618.66
2291401425,375064.97
2025770560,967208.9
3525069037,678453.7
9324800450,565794.44
8080400136,541800.8
8651540040,514903.94
9407001790,260358.31
1773101530,202276.78
9432900250,335000.47
1794500695,681342.75
2220069003,393987.16
923000120,529381.7
5728000060,540234.6
16000200,233681.66
1926059094,422234.34
6672900220,1.0535498e+06
3629860060,803341.3
1822069109,377279.3
6675500105,345111.06
249000180,1.9524622e+06
226059065,498162.03
396100110,265175.72
9264450460,331939.0
7853361210,371499.1
9474700020,277119.62
421000455,262203.53
3755200220,400064.5
7960100075,479455.5
9477100490,403719.5
9138100350,899178.6
1624049275,543772.44
2770606890,509837.03
1157200189,397822.6
2770601800,487436.16
9301300805,553126.3
2325069032,1.108462e+06
1021079099,381339.28
7215730040,752771.94
1853200080,470278.4
3224600340,690485.6
3222049120,433501.97
2113700025,280522.25
7893207925,219389.14
3586501085,598146.3
8024200010,400086.56
7116500705,167922.0
1598600209,298772.75
7204200025,943615.7
4206901505,571335.06
2937300440,918524.8
7205000180,338234.06
8718500665,371507.97
5318101765,951436.5
4122700020,996349.06
8078700020,540261.06
3303980680,951004.3
8924100372,1.1837841e+06
2781270210,198887.94
519000043,554859.3
3225069301,1.4683589e+06
151000075,819884.75
2297400020,405438.06
6617500085,614520.2
104510180,229076.67
3528900060,973181.6
3345100286,489840.03
1226039130,448219.9
8712100720,842204.3
3037200010,445264.47
3626039268,427244.9
104510230,234696.94
5112800060,384476.16
6072400280,644633.2
5317100570,1.2171689e+06
9528102993,576560.2
2919201095,491590.97
6181400920,271920.84
185000161,239593.08
8691400010,799721.06
3345700165,544224.5
6151800486,244202.73
4340000080,1.3175449e+06
4136960010,560197.1
3634100030,361776.78
1624059224,1.0868669e+06
2788400090,262782.8
9828200762,408842.53
7524400250,567251.6
3528000290,757843.4
5700003630,2.0617954e+06
2720069019,338570.38
7227501170,249548.5
2397101270,657502.1
6792100090,719373.06
2770602265,527932.25
3971700937,282372.0
422049203,213531.5
3076500830,241266.98
1423400260,288718.38
9161100795,492043.4
3126049052,531691.0
5100401468,389183.84
514500235,458799.16
1423200170,182055.14
1402100070,398097.94
624110020,719132.4
2407000145,228016.42
1890000225,795272.06
1320069271,322316.84
5490700085,348089.94
263000155,478274.53
3726800201,496574.25
5153200358,261978.28
2725079018,762452.4
7165700200,238212.81
9429000170,570480.56
8718500075,373014.9
1760650950,299781.5
1068000559,1.0890056e+06
4113800500,597667.3
4077800507,490786.8
2725069150,735044.94
4008400035,574501.8
7016310270,429618.53
1432701230,218811.05
3278606050,438193.34
2473350710,362346.84
2185000685,184725.86
7792000025,328998.66
6868200029,451928.44
624069003,766409.3
7431500280,868449.4
3296000040,602274.9
1118001215,1.804862e+06
6453900040,663235.7
333100209,690788.0
34001765,662316.0
8946700100,388237.5
5561401210,603015.6
6671900095,357457.1
3275850020,708603.25
3876300600,376327.72
1450900020,260661.2
8562780280,334284.5
7663700973,313393.6
2126049032,377913.25
1823059159,185213.05
3438503426,313196.78
9297301495,489710.0
7140700850,357816.53
7942601805,736407.2
2555900030,344967.47
2887970040,278751.94
7419700010,617778.2
2239000011,373185.4
9283800050,384443.22
9407001340,291100.12
217500140,495043.34
7212660520,254974.11
3298201170,362484.12
3057000400,278064.9
6865200444,467191.75
6071600340,524967.75
6821600005,738545.94
1235100371,856328.7
7796450340,334271.2
3603000410,170817.27
9297300255,486222.7
9126100850,606463.3
2770601462,504840.44
2599001500,216745.69
1102000095,707302.7
1853080640,911100.2
9551201585,907258.5
3438500796,341498.56
7518504291,528472.9
9269200340,443782.5
715010130,1.6963754e+06
1982201485,584100.1
9526500080,362471.1
9277200180,475953.75
6669150280,308349.78
8917100153,598501.2
3760500516,931832.25
2725069050,869844.5
3332000091,363625.34
8562770080,548570.25
8151601190,245494.3
8563040160,601988.5
240000269,708351.1
4307350200,356818.4
1311910300,281997.56
3574900030,504639.78
7853230570,435957.47
320069049,355866.88
9839301060,698833.0
7011201333,658763.94
2781320100,266238.75
3421069120,399235.72
7852030320,446101.1
5316101075,2.3713472e+06
5309100750,541486.56
629000730,704041.94
511700170,307820.97
1562100030,536840.7
2489200230,584485.7
524069116,511778.38
5315100737,940515.56
1868900675,832181.9
1608000120,348246.03
705700240,348010.44
7575600610,273587.4
1778500015,703509.75
5423500240,187569.05
6713700025,322885.62
2734100734,415449.25
301402280,172108.48
2113700205,252775.73
4114601570,3.3342562e+06
3332000615,344099.62
3630050180,363332.88
6852700520,575071.6
6870310010,616117.25
6163900981,288244.34
393000142,375387.38
1771100130,349116.12
1442860160,390566.9
9191200435,580196.0
6788200800,1.0641834e+06
1115300070,677788.94
3176600105,704491.4
2770604665,619139.5
5469500580,411363.75
5680000545,426073.22
3424089119,580378.4
1328300180,317740.2
1773100922,333248.16
4123830480,324871.34
9808610190,999702.3
4250200140,274428.16
4217402115,3.4743048e+06
3831250350,413181.72
2397101055,825394.75
6817850110,869403.5
7526800200,595704.9
7853370100,708996.94
2523089025,1.0479552e+06
9476200680,299238.66
5714200140,422114.0
3575304895,512553.4
263000018,453068.44
8080400177,505860.66
6450304130,306228.5
514500090,545024.7
9477000300,433016.5
853600310,1.3234355e+06
1951600240,199691.0
1099900120,324240.9
5323100120,558133.06
1223089016,434837.34
522059172,238433.69
1930300190,693457.8
9542840410,298444.12
8665050530,508979.5
5592900205,415648.22
5450300010,705322.6
2459960030,317059.5
3331500455,526894.25
3432500705,409564.28
3702900165,347585.25
5249803550,558895.3
626049058,438147.0
1788900380,185020.62
8075400360,210435.27
9113200250,740470.1
2738640040,717167.75
7821200307,528959.9
3530440140,280237.72
3582700130,451904.9
9276200569,795204.2
7197800020,598135.9
686200490,546514.5
3501600100,407283.8
6383000690,586643.56
7604400150,370812.38
5249801411,667556.4
2607720420,451908.94
9561100010,387321.62
1796370590,248245.89
4077800593,368706.94
854000165,244215.34
5536100010,905564.25
4188000670,826089.44
31000165,1.462397e+06
662350050,877161.9
4137000280,285813.12
6169901130,1.1477692e+06
1953400510,262411.06
7518506716,1.0026361e+06
1552520010,357281.94
7955080270,304392.84
9212900100,549816.56
3438500798,307228.6
7899800890,228967.77
4319200605,473781.16
1329300480,353596.47
8935100100,877300.1
5016001260,528413.25
4337600280,354803.0
1446401220,188166.19
7135521530,587705.7
6888900115,310186.56
2413301070,299366.75
345700040,267310.34
5566100145,449774.9
7634800070,390543.16
9346910500,627803.2
3529300060,319318.6
8128600060,896551.25
8572900275,191791.77
4139420590,1.3493894e+06
9274200322,579587.44
1472700200,539489.6
8820903380,553452.7
8563010130,871078.25
8965450110,880845.06
9274204230,500372.88
8165501700,367606.4
2193340260,532152.25
1860600290,964017.8
1222000055,240998.53
2492200280,422908.62
2488200455,369378.0
809001520,1.2688604e+06
1796361140,241932.34
6398000011,767675.9
6813600365,568446.6
7504100920,787714.44
8835770330,727331.3
524059322,1.018544e+06
4307330280,408349.06
1245002952,1.0759832e+06
2021069059,242740.9
5700000595,656526.25
3629970930,683491.56
3336002215,261221.27
5100401060,685554.06
3278600750,331810.38
1126069045,1.1333048e+06
7568700175,301846.3
452001475,498032.78
9283800230,536966.2
1737300130,496935.3
6189600040,497160.9
3679400025,506633.62
1096100010,302743.97
9513900050,246147.92
5452800645,784748.1
273800100,230266.4
7228500037,486072.94
808300090,500928.47
2493200215,532431.44
5035300255,762144.75
3380900160,445500.7
3630000130,427231.12
7300400670,281527.16
6798100070,391498.38
8078400010,538237.06
5566100060,502618.8
2768200212,496340.5
4035900060,594771.0
9460000110,292233.66
7199320190,518838.78
2225039081,459131.3
9512200050,585605.9
2634500085,292187.16
3654800200,280669.75
2724079090,1.2164898e+06
2597520720,799125.4
3034200426,386361.94
984000130,291803.4
7852020670,413276.47
7923500060,680183.0
2310030510,316692.22
2205500540,495414.25
2493200015,426113.16
7853361420,577136.94
5652600605,530480.3
5285200020,322317.28
9406530150,346537.25
5706300020,460646.84
3278602490,400029.7
7197000100,565894.6
4447300008,554071.25
7899800045,230239.22
9250900095,334078.25
9268851740,590331.44
8682261440,500249.84
7284900385,884387.75
8079040300,435726.56
2225300585,396660.38
3223039013,427817.97
2013801350,256723.97
4055701110,820424.9
3578401770,442890.1
4046500720,499463.1
6145601745,385195.3
5207200195,781102.25
1972201856,567403.4
7212680080,237825.7
7277100510,615048.94
522079022,560894.3
5605000440,849749.75
6632300230,357272.56
8815400165,648647.1
6708200320,524346.44
2426059076,636281.4
3260200200,587015.6
2770601741,462894.4
4338800500,289826.66
9201000320,824880.8
7655900038,350307.2
3625059140,608376.4
4222310010,234278.19
2114700115,304541.38
3291800710,345739.8
9406590010,403611.94
3025059124,2.5118498e+06
7972601250,423131.7
930000470,1.02540525e+06
6690500060,485211.94
16000015,202748.17
5693501102,551259.06
8079040490,446994.25
7225000155,286099.38
8819900170,782487.94
7972601270,317993.3
1224069074,855699.2
5126900321,294681.03
3438501860,319469.47
2822069080,418699.7
1656600310,591332.44
3856900507,1.1096024e+06
1626069139,480125.62
2524049257,1.216758e+06
3904960150,563971.0
7214820610,453355.56
7977201845,574038.3
2428100080,844010.3
2202500135,425884.28
1523550220,654187.2
2313900610,508805.38
4123840050,374930.7
2125059124,1.2649525e+06
1225039067,478285.25
6431500283,478926.53
2473380010,301333.16
5694501195,453066.25
2881700046,365610.75
6837820330,330172.72
2337300370,195089.86
3876540630,224991.83
626059317,344088.94
3374500520,304917.9
7228501903,300859.25
4019300051,480027.03
4232902615,802911.94
3546000090,254661.84
8127700215,781013.56
3438501100,439594.03
1769600066,720099.75
8146100610,686030.8
3052700695,568309.1
7954310210,597744.75
3761700053,2.3710765e+06
1320069179,382306.5
1331900410,734708.0
7303100210,338472.5
2464400285,504652.97
6163901150,354061.6
8955800045,370814.0
2314300200,395145.25
9528104360,365814.53
4177100005,577939.5
8856960260,307983.16
1828001220,624450.94
3066400710,716302.5
624110610,817242.25
4040800260,419677.72
5019500215,521518.06
2481630180,1.02436694e+06
7203170190,705997.44
510001280,874209.5
9430110120,797435.06
1565950030,345421.47
9828202255,775605.4
3878900270,459761.06
8091600080,205470.84
1112000035,330333.06
2228900270,286853.88
6648701740,306186.56
1245003740,653099.56
2174503441,634214.7
7708250010,326369.06
6072300110,628374.2
2329800140,264376.53
1494300040,520963.6
3832050130,275576.84
7203100730,905020.25
7199330170,484883.75
7785000220,713437.56
1250201175,398486.75
4054500180,1.0072244e+06
7905200061,430110.3
3751604895,189951.56
5220300140,309576.34
3323059027,322191.8
8651611980,882173.8
8673400190,530552.3
1668500100,825316.25
1023059365,577958.4
3308030060,333375.1
4232400860,961038.3
2144800615,239279.44
1568100920,1.6559878e+06
9406510040,500943.38
2923049421,348162.1
1051000040,1.623738e+06
2077700042,713778.6
9423800030,264189.1
9818700455,660809.94
7133300675,424905.22
4113800550,574551.2
5553300375,1.7506448e+06
2025701530,275313.78
7942601155,445602.9
7524300020,289916.8
2520069100,285564.75
5412300410,218286.11
7504110760,722136.0
2594200350,471639.94
2722059013,247761.97
8078430480,527948.56
1423069162,551963.1
8856001090,160710.17
7000100631,815101.8
4222200280,223098.6
7971300050,582379.56
2009001600,257329.94
6619910140,603514.75
2877100985,508698.66
1196000007,296389.16
1330850130,796106.56
6664900410,247225.11
1231001110,313348.9
9235900030,274951.25
9407101840,319375.4
9523103001,389720.28
2149800278,402725.03
7234601198,623580.94
9476700035,474510.38
9297301065,600072.7
518500700,769723.75
7843500090,305183.75
6056110780,258349.67
2345700260,336909.06
3509600070,244651.12
1431700280,330371.84
1623049174,289977.9
3024089049,367325.9
7853340450,388915.88
7732410360,743922.5
1446800995,304598.6
2946000285,239370.75
425079100,467961.44
3876313040,460492.47
1762600260,1.2072871e+06
1925069121,1.2663972e+06
7443000480,873741.8
7820000015,350779.4
4027701253,481595.97
2826049165,378835.12
5426300060,956488.2
1278000210,176010.02
923000270,385161.7
7657600005,267818.94
3024079057,365428.28
3276180020,335958.6
7304300760,281661.97
3908100020,546691.5
8835400805,559223.9
4051150070,207516.05
3904930530,480290.1
6163900971,363013.34
7942600310,431758.6
4365700330,292677.0
423059207,305449.78
3992700265,353222.6
7177300090,488098.75
2540820010,685877.0
5700002510,1.02858244e+06
5201000030,600865.06
7631800015,2.2710595e+06
2922702965,704558.7
1525059198,951283.2
1245003160,710301.94
3810000455,288681.5
7855600080,647935.7
5701500030,1.1166616e+06
7504020400,640212.25
1402600570,321271.4
7575610760,294391.8
8731990370,393140.12
5021900090,986440.5
290000075,432023.12
2841500010,486250.94
3955900830,507494.44
7852110140,502797.16
1311400350,244407.03
7773800015,553598.0
4123400320,495471.72
2725069157,854402.1
666000143,845096.25
5101408678,468096.4
6371000026,397346.8
2024059084,859693.56
7283900036,321816.88
8881900230,764089.4
3959400135,361678.66
7696610270,226267.69
1689400150,881800.94
5103900015,419383.5
1441000350,402650.56
5101408735,327104.44
3126059027,2.0541021e+06
2320069014,543297.7
9541600015,680585.75
8682320420,768179.3
1562200090,632034.25
3395070980,562377.1
7349600230,242497.86
522049122,282290.9
869700060,300653.25
811000055,1.3981502e+06
1221059176,419825.75
1523059103,485404.38
2025760210,696406.5
9218400088,362954.8
8682292020,485077.06
2623089135,450782.44
3758900259,1.2517491e+06
524069049,581821.1
3121500150,848254.6
5581400080,774012.9
8087800020,481647.28
4070700290,766826.2
3296000170,647891.7
9238500040,541049.94
2744600040,342978.56
6813600380,661324.6
6140100150,494221.8
2201500555,438099.28
2600110250,661120.94
4337000275,230728.58
1186000150,595796.7
1972201963,498614.94
1105000745,405424.53
2887700560,645661.56
4039700080,643136.0
522049104,283746.53
4202400078,261457.27
7520000695,195432.2
7714000310,379211.12
4319200060,642658.3
8624700015,562541.4
5104520610,297452.03
2354300845,308890.88
3824100291,460420.03
6151800612,266793.53
5454200080,981058.5
6413600290,334843.84
2131200065,292421.22
1459920010,280942.53
50300090,386910.72
2326300090,673241.06
7714000070,386088.06
3630180500,894005.8
1727850340,1.1911056e+06
8691430330,1.03783906e+06
2310030390,286838.25
5561400610,508145.12
7010701016,498661.22
7883605915,336492.44
1282300995,374234.94
4040700310,482803.72
3353400435,240662.95
2143701015,451389.9
255450020,381598.7
1020069017,323718.53
4038200120,496737.12
9284801100,330355.44
1965200075,657169.0
847100047,573195.06
4038700720,555944.56
6815100085,830974.3
2508000020,328744.2
255520180,631503.44
6822100750,633598.8
869700050,343600.3
1775801405,600586.3
6600400090,224263.56
7202330270,445475.8
1683400165,803530.44
2625069070,1.0770141e+06
7625702440,423231.25
3388000640,232454.08
1899400365,329832.53
6899990200,724405.4
5569700020,813422.6
986000045,287754.12
3293700221,300994.66
3764800250,362968.38
2291400566,348599.16
4219401236,1.5374372e+06
4239400840,155553.97
7211400990,200227.95
7696500280,195771.44
7215721070,523922.8
3204850140,360180.6
4322200220,785078.6
2566300100,1.2380711e+06
1944900090,441172.03
6648500390,305086.5
7385300020,738854.75
1704900135,370033.34
2877100655,739026.0
2726079098,645717.7
7625703800,502610.62
318300040,448629.56
7922800190,529950.06
2023049361,222266.92
8946400210,504037.62
6071600450,560217.56
4343800100,383835.44
1443300140,330920.6
1024039001,921578.1
2767704860,587738.9
7234600851,659912.1
644200065,909951.94
7784400035,811966.3
3826000560,219475.08
9272202260,398548.9
263000253,504633.56
3621059043,568237.0
240000130,443898.25
1352300120,196318.75
7849200861,291616.34
2487700130,568202.8
1796100140,284357.88
7234601221,516642.6
8651710190,440916.12
2916200091,579294.06
1232000915,508622.97
1545801970,286722.3
3211200420,312667.44
7686204675,189710.44
3141600210,198716.84
3959401284,450395.28
2113700825,253192.11
3876000710,356926.5
522069022,509348.22
3214200070,373843.47
1221039156,317299.66
259600790,442817.06
785000040,483018.53
8138870470,515390.66
2596300035,332322.22
540100057,1.5774016e+06
3073500045,487052.78
5363200266,404913.06
8682261650,516756.62
3224510080,804278.1
3211270160,408509.03
9269200520,225137.84
293810190,485691.78
4197400043,352918.16
3026079031,323519.22
5332200405,993795.2
2473411210,311360.1
9268200315,554701.8
8123500050,624480.06
3221069091,468146.1
2485000165,658598.0
4058800215,591390.0
1926059039,784931.1
2533300680,972179.06
3343903640,358125.06
5700003705,1.3640946e+06
2023049372,435038.88
4058800830,537268.06
3333002302,475275.25
2944500340,310691.8
1982200790,547479.6
8929000270,501472.5
8122101440,301017.97
7525530470,772775.25
9332800020,673468.4
3878900525,248015.42
5420300210,233694.27
9232900165,364233.34
6414100026,425477.94
3013300660,841969.9
7954300120,564533.94
1081200360,356911.53
2877102345,482216.5
2202500255,508491.97
7984400050,210712.56
9558020380,428752.2
7812801850,196527.1
8944460020,384736.56
2306400040,601352.06
8649400410,366349.3
7889602020,241259.31
2041000025,521998.72
871001484,639129.9
2767602141,493977.16
3630180470,823776.5
2769602140,421846.53
2473250280,277602.3
5422560660,542125.0
3756600240,367626.97
8651600160,902771.3
7202300540,837561.94
8961950250,442309.3
3303000130,486047.97
798000062,275548.78
1695900150,794519.2
1604730150,530881.4
4136930310,374835.84
8835401250,1.4332322e+06
8665900328,464301.12
9262800255,300186.16
1853080570,813783.0
5556300114,807281.8
9517200290,461098.1
4037200295,470380.66
7417100123,409204.88
2620069077,221703.0
7922720040,666489.4
558100090,602318.75
257000037,275779.5
3319500385,464518.72
9297301520,326835.44
3580900090,328718.34
1321039076,169475.22
7227801581,319783.0
9407001620,314579.22
2130400150,295148.38
2312400200,259198.34
4046700210,367744.0
1193000480,879246.4
1492800296,514592.28
3013300017,470871.34
3630240140,579201.25
1049010390,332772.94
9320900420,159671.75
4315700060,403498.25
2591010290,333324.12
323089085,666762.0
6600400270,205914.61
2919701105,486934.6
7202360670,931645.06
8927600100,803629.6
3211700045,610587.1
4027701326,452793.4
1601600195,300166.12
7853280350,719183.56
3629970130,716028.56
7203120020,801854.7
9542900190,338360.6
8035350120,529915.25
1238501184,999331.5
251200240,445491.72
8945300200,185077.47
2162000160,1.1143154e+06
5466310060,158532.56
1239400064,906762.56
5205000020,338617.25
1720800305,615846.0
7280300375,642018.1
2095800400,437594.6
7852010950,493938.25
1428001160,595902.94
9528104910,732592.75
8644210470,875197.0
7923300310,495330.03
254000100,529697.56
1931300688,521621.3
7007700030,457650.9
422049178,220170.88
422069067,458736.66
2923049393,380041.28
930000305,488040.2
2461900448,550648.44
2610100020,299435.6
2895550050,256039.53
7701700040,256391.64
2460900020,466295.16
9827700105,573218.3
1005000240,301520.66
7200001254,507307.47
866400040,527975.3
305000170,681378.4
2260800110,903044.0
3442000127,775449.8
5253300437,494249.97
7576700150,951642.44
5469501410,461603.0
5104531120,806947.9
723049434,384513.94
622069006,1.4199856e+06
2517101200,308059.3
8159620160,261529.67
5561300640,488291.25
3317010130,212259.36
4364200250,388144.94
8732300060,861883.44
5603700025,784587.3
3585900190,1.1392812e+06
3996900575,237981.17
8731801260,228979.16
3810000860,367584.66
5700003585,2.1795465e+06
6332000050,458945.16
9286100250,451621.66
9471201110,1.1110148e+06
9290800050,584765.94
7300200400,640777.25
526069024,882368.06
1454600156,1.1903305e+06
3904980360,513230.6
2626119062,310658.28
8651730290,412231.75
7611200195,831927.9
1919800260,665846.8
6632900354,264231.66
3972900195,306713.44
5151600170,297007.12
7016000440,472324.94
871000435,802865.2
9578060540,479831.53
2332700060,816248.3
766000240,251810.7
4363700200,316527.97
7100000250,338131.62
2781250560,208672.69
2781250100,354813.22
5419800220,251299.14
7147600245,236829.42
2926069083,846864.9
6189200125,816411.2
9542830160,286651.47
5152200020,291784.1
9412900045,471247.5
6600410480,161944.48
6979970080,593061.2
5636010280,294505.84
1732801300,1.0272847e+06
5561401530,533421.1
9578500510,346748.8
7304300906,300109.25
1223089077,640833.1
721049207,257631.05
8691330310,853636.25
1523069204,492883.12
3188100105,659108.75
6608500290,418567.2
2891400410,360692.8
7663700551,357129.0
5413200140,241646.16
425069139,568216.94
6713700155,351626.0
2767603505,474171.34
7789000080,268126.4
9211500620,258276.78
3750604417,188489.52
7922800320,541374.9
1471620240,358587.25
2222059052,346634.2
9551200270,1.01401925e+06
2767603160,550274.2
9406710060,378599.53
8929000250,415946.28
5538300120,401471.34
2223069120,474024.34
1652500060,1.681316e+06
8564500240,388639.84
3629700120,595362.8
3943600070,382513.78
4171200025,291223.38
2425049063,3.6247738e+06
9828701650,430225.62
3581000340,329114.0
8100900015,385348.06
2125059161,1.2659839e+06
304000380,204118.95
8146200070,1.7292098e+06
686530170,580067.5
2917200645,446696.72
9547200530,854025.94
2122059199,192661.64
1150000740,665905.75
5706200060,343038.97
9265410010,229143.92
4083800555,484171.6
6152900332,343019.62
2520900301,211684.5
9828200790,483369.88
1657530180,296347.72
7471900045,269067.47
9828200460,405208.97
1775900140,448271.8
6139800430,442963.88
7214400005,516484.28
5332200026,541280.4
9510970300,788241.8
2540830020,433334.22
3392100140,196974.31
1326069191,352784.3
2125059112,1.1133855e+06
859000022,319789.12
8854100350,703564.9
121059007,232939.78
7977201707,509689.88
3859900060,2.68446e+06
8815400735,740553.6
705700530,336469.4
6600780130,368646.3
6378500105,393208.4
8143000310,466524.12
2877102330,697876.56
3526039074,630394.5
2115510300,261241.05
3024059014,2.1915758e+06
2141330360,615248.1
546000400,516630.34
2071500011,402550.72
7972000240,217571.7
7016200460,458032.47
6204200180,431228.66
1552100135,1.1736394e+06
88000173,392190.3
2581900235,878945.8
9211500560,232766.53
621069218,430328.16
1321970240,296420.2
798000630,317719.34
421000285,298949.28
2824600180,758464.3
3832051140,292294.66
1237500105,702858.1
8802400906,265094.7
3166900270,427634.3
3682000060,397891.06
5469700020,277384.84
1245001820,655556.9
9547205660,627542.4
7974700122,687448.0
7550801225,512358.22
1099950050,632677.7
1402900460,346044.3
7636800041,1.4975254e+06
2115720270,274203.78
8651441750,189200.11
3904100035,265262.44
8815400020,612516.1
3303860590,481854.7
5427110040,1.2725959e+06
1782000160,340799.44
6204420290,522590.7
3995700245,279613.06
7955040130,450902.12
1442880650,524046.62
8833510230,869447.75
7283900551,455492.44
4396000180,258867.17
7504021310,680586.06
322059264,255368.05
3654800040,293162.38
2767704777,485832.4
3278602190,341251.94
3236500220,512274.38
3410600100,316331.3
629410180,746840.7
3352402250,135895.25
4363700304,354555.6
7237550130,1.2770991e+06
9808590210,1.2880516e+06
8074200175,279598.44
3463400330,485207.62
6306400140,850852.1
8564950250,525964.4
5381000070,202978.67
9826700697,509211.16
8132700190,445894.22
7943000020,188978.64
9547204675,562950.3
4112100101,466380.28
727500030,680784.0
114101426,350517.16
9274202005,790426.25
1193000380,922814.44
3039000020,488356.56
7852170130,664047.75
2624079010,627996.06
4137010540,313958.16
7576200012,875858.56
1138020020,341904.72
3969300030,183135.39
898000200,216507.17
5153100030,286738.88
5104532030,499637.56
4406000050,217901.1
9274203390,589143.4
8682290360,473054.6
6928600330,246773.27
4139680070,893518.56
6844702690,492403.44
2154970020,2.1048708e+06
4385701285,1.2096964e+06
2426059071,662820.94
2867300160,563991.0
9512500720,545105.94
1773101020,294696.62
8687800100,279088.5
3627800050,1.457901e+06
1604600227,305546.53
3300701170,430023.3
9250900111,466290.34
7015200790,653235.1
1311100490,237475.17
2469000010,959619.44
1982201596,548468.3
1862700290,385623.28
2586800270,267340.12
9528102772,458358.25
5490210200,427917.97
6669080020,419481.3
179003055,220328.25
1860600535,1.0551661e+06
1592000130,612516.5
3905040170,545479.1
9320500080,250349.97
9276200850,490316.28
224069114,666994.75
2260000340,559028.3
5096300130,410113.0
3432500215,361561.06
2600000050,741035.6
8856003839,224307.45
2492200435,383698.28
7855900110,1.0891548e+06
6806100250,303345.25
2770603523,526347.8
1370800515,1.8530809e+06
2726049150,469401.1
1226059161,575771.1
1068000375,3.618736e+06
9528104109,446252.53
5126310060,543258.2
1951820070,588552.5
1545805980,371522.5
9464700340,909040.06
4319200675,814788.2
7518500885,549720.0
7852020620,478754.66
869700370,363215.66
8643000190,283454.94
8902000267,596587.0
7972602435,274122.9
2050100210,951014.1
6705120540,464150.53
2767601390,623270.44
4141000490,1.1833498e+06
9345400350,651586.1
3222079162,355412.3
7789000120,261171.11
6646200770,766054.56
6666800180,820841.8
1725800280,460811.22
6117500460,1.1940134e+06
5470100220,229895.95
5457300478,503931.8
7550800195,538642.06
7787050180,612915.25
6204430250,526819.5
7640400250,517739.6
624110920,789529.75
3629920140,423558.53
7173700518,696584.25
3210200395,200069.86
2473480560,371549.97
2623089141,510609.84
1423800080,212244.42
2076400050,296330.16
3832060120,304680.75
7702600930,399313.38
5101404555,394828.75
3723800415,397988.62
3356403400,228000.72
9214400125,510496.78
1797500530,584941.3
9551201660,1.0100864e+06
3878900815,403352.62
1760650280,311240.28
5466410030,249471.23
6388930620,577065.1
2331300395,789413.8
9412700160,283405.94
871001611,635643.1
3142600120,575798.7
3995700220,340362.62
2310000280,277653.72
8039900400,375409.75
7504021510,668831.3
1959700445,1.6019816e+06
1556200155,653453.8
3629960590,416374.34
259000240,468259.8
662440020,413815.5
3123049142,555116.1
321100260,963640.3
6840701095,559652.8
3738900165,418236.44
4427100130,402315.44
9238500100,497692.0
6145601810,329068.9
2570300090,369715.94
4017600010,488942.34
1005000220,395383.47
1257202120,500774.75
9527000490,442313.22
8691400080,730111.56
1726069084,443621.88
248000240,193171.16
6113400046,389906.75
2130702350,368995.22
920069052,243605.39
6071300160,523508.53
1623049041,133049.6
9268200285,377420.7
1843100520,346363.8
2887700826,615648.1
9122000385,530439.75
9475700220,383563.16
2804600005,800150.25
2896400300,414821.8
5015000180,732980.94
3630220180,774676.25
8832900780,466025.34
1568100300,480673.6
8718500610,394904.22
4147200140,1.02316556e+06
1973700030,1.0076778e+06
8862000075,192176.77
9320990110,304133.7
1151100035,410830.22
2011000010,225399.39
1651500060,1.03524025e+06
446000190,807887.1
2344300220,918048.3
523049195,212237.45
9191200015,646488.2
7942601410,720368.2
7137800300,204908.22
7853300280,535487.94
6654700240,344951.16
569000050,598141.4
3584000180,235366.45
2026079055,330740.94
8898700880,271015.97
5075400150,628702.0
8731981360,362989.47
4222500020,226337.34
7996720050,596931.1
4077800094,588496.6
6446200365,662933.9
2824089053,575564.94
1311800220,227840.16
3522049063,594963.94
1721801280,212980.55
6131600240,182774.53
7202310040,655985.4
1123059125,615320.25
646910160,192138.58
5630500005,358575.44
3342100785,262282.94
9547205610,651493.6
1773100123,233468.52
3353400092,317807.22
217500015,396517.25
3649100031,450653.7
7896300150,295106.72
623049185,257819.7
1773100430,317977.22
1781500220,670959.6
3395380200,206604.39
2424059170,3.3964482e+06
4389200765,1.7185135e+06
1543000060,453560.2
6154900005,645380.8
2902200240,492657.1
1442880640,536339.06
8562770490,534364.1
2768300655,578242.9
3432501315,290184.56
5035300570,719860.4
3626039028,491468.0
3876540780,241102.23
327000100,1.1554228e+06
7551300065,475948.38
1312920060,239219.55
2215901230,284674.78
6306800010,438846.9
2767700022,520681.22
5589900610,557815.75
4320200020,721603.3
5249804655,567819.1
9238500480,533540.06
3885806565,1.1932264e+06
7905200205,459570.2
5727500102,340209.9
3585220070,410404.84
2078500210,517820.62
1839920050,379942.62
534000080,337986.03
856000255,582782.94
4141010110,1.4864156e+06
9558040820,675588.2
7768700315,1.2234571e+06
2796100640,290434.47
1922059010,211807.33
3448000542,253120.53
3883100220,270876.12
7237301210,266858.1
3893100456,889078.75
9578501110,354017.88
6145601995,408033.4
4024100120,294202.53
8899000050,328792.0
3396820010,605358.1
6749700117,400711.44
1954400060,483630.7
3303970100,779711.5
2540850070,452514.44
3797000745,518676.78
7883603700,260550.86
3438501452,414057.56
3530210260,663734.94
3598600049,168550.27
731500170,370662.84
7129304375,177638.34
263000006,453970.3
7212660560,303423.2
1112700010,394934.88
3420069060,705961.06
2473000470,382150.16
8691390980,739733.3
6184700100,453587.4
4476400275,376195.12
2968801240,314704.4
1529300160,444298.3
7640400070,679580.06
7016100380,450816.62
2172000890,416842.66
4035900015,824203.2
9528104660,937359.1
507100005,372803.16
2783100160,396953.7
3629921140,777537.7
1099750610,243623.19
1330300451,1.214606e+06
2757000030,839494.4
2114700190,295649.28
2050000020,998489.6
3832500790,289507.5
2612000390,330840.9
1483300430,620204.0
8899200720,291532.38
9183700470,299918.6
3530490031,211890.67
7857001225,369995.16
7920100083,419915.53
2254501620,479278.22
3303000130,470168.06
3876200070,417644.7
369000365,431508.94
3052700385,722022.8
7856550240,717915.2
7300410110,381156.2
7201800300,405616.1
1695900060,488857.4
9429500146,890241.75
3629910240,659107.1
8805400090,257868.77
1022069050,249027.61
1138010530,379549.78
7877400266,182704.42
7974200452,1.00530625e+06
2126049265,433743.62
9547204350,685704.56
5560000680,160818.03
3793500550,303422.94
4217401195,1.04823744e+06
1826049408,411618.12
3905100210,477423.72
7695370160,521096.38
3210400060,237579.3
6146600170,132633.84
2767601750,480061.16
1773100926,331237.2
5700002125,479624.25
1951100100,188853.6
1402200340,323038.06
8044200200,401690.6
66000070,311231.3
5083100065,205193.95
4027701284,385334.56
5693501100,560854.0
3600072,539332.06
8078550250,299188.62
1922059046,276353.44
2902200016,656996.3
9183700845,153822.86
3333001997,350057.8
1432400525,253293.73
2824059128,578166.6
6453550090,929387.4
6202600070,1.1488258e+06
7524100280,216641.33
3524039224,902370.0
5739601300,670480.3
2473000410,402607.4
421059018,302755.53
4232901120,669306.25
5559600140,251643.92
3797310150,264506.56
7986400265,786931.3
3025300095,2.6224642e+06
7524950830,534730.4
9407100730,272988.28
3812400854,425014.38
6002400030,374739.34
2212200090,246222.44
7202330610,526629.94
7300400170,317049.06
8965000110,458462.6
3996900125,296836.6
2221000100,277972.75
1524079088,360868.34
1133000036,408985.34
1868901190,666229.6
4037200530,481496.62
2095500120,328796.97
1995200338,849833.75
8820902350,712063.4
7459810210,338086.88
9536600010,536113.1
8085400586,1.8405149e+06
7518503065,378524.78
8682320350,631652.94
3179100790,777530.8
9828702666,463417.22
6713700250,531385.25
2141330700,622003.7
7519001990,419654.56
3223069019,298568.44
7994700030,359858.1
2592300450,300672.4
2792000010,480450.0
173000025,374018.03
7203150330,671175.3
3305100210,894869.8
2581300055,957839.3
6613000750,1.5522388e+06
7015200685,665933.75
1323089184,500479.38
3793500510,422033.9
2225079030,262557.53
3578400710,428965.78
8100000090,291457.06
2095500040,326531.22
8682281710,725704.1
6163901380,307753.72
6918720080,669101.8
6914700130,511447.47
1205000215,544488.25
3800008,295320.03
6150200180,285061.97
1223089066,877091.06
7768800290,806473.94
9285800330,834965.56
1974300020,517408.25
7628700050,753656.3
9376301800,691980.75
8651430220,180894.47
629810350,799521.94
5016002180,870397.3
9558010230,322665.25
8732000390,226580.97
7899800586,351669.28
5249802460,456124.5
1446300020,573265.44
7785380150,470292.9
1245500950,787051.75
3362400640,666593.75
7578200310,782403.3
4137020910,305222.22
11520640,734966.56
7972601995,250191.67
8122100160,421758.66
9456200450,316095.2
1328320760,345340.78
4025300285,310123.8
2721600125,1.0589969e+06
1123049027,244500.67
3542300060,235494.25
291310340,542215.06
8651720420,447323.47
3298200790,403899.47
4037200585,436737.88
1329000090,1.476919e+06
9279700013,1.1378329e+06
4151800265,498821.25
7760400210,240782.67
5029450110,221782.27
9492500160,884043.7
3578400270,419663.44
7606200090,284787.66
3682000050,353447.03
1250200415,309806.3
629811600,678747.5
1839500115,350460.6
1176001293,1.6092148e+06
3013300409,419687.06
7853280370,745112.1
3275780030,623955.2
3336001946,247353.77
5456000110,845852.44
2473250400,265732.7
5393601635,522393.44
8820902905,346519.12
1245001659,751448.5
1523069215,494677.97
930000234,530795.7
4083301645,625340.9
4055700778,582703.56
2781230080,467491.16
3629910210,663420.7
7856700060,674993.75
7589700055,482378.34
3888100043,391722.5
6381501636,393412.5
3303951150,377630.1
8638500170,371572.6
5635100050,435141.3
8820901792,856514.5
5456000025,1.2814589e+06
985001275,155396.8
9560500105,704565.7
1421069117,269926.5
4154300296,372723.84
795000620,171797.61
9828702335,563497.6
1250202145,893766.94
1163400070,255165.03
5652600065,686254.44
1042700050,783462.44
8899210320,360010.84
1651800030,1.6498994e+06
2919201365,741421.5
4365200895,357278.53
6841700100,836264.8
7376300060,431662.94
7852090180,492545.28
9222400565,589831.25
9542400075,828696.2
7338000150,174901.05
4322500110,590574.6
7694200070,435901.9
9321010130,265452.7
3204300455,1.2811939e+06
6706000040,309336.84
1565930130,458678.06
3279000420,222825.72
194000575,526206.56
2115510160,246610.6
7522500005,547890.3
3787000140,438450.22
7852110690,623048.8
5469700260,333380.06
8691410730,742552.5
114100763,281947.38
1257202430,805199.06
7000100635,640367.3
1900000195,194789.67
251500330,1.8296481e+06
7701960210,856342.1
4037000065,444693.44
522059299,248702.38
6072300800,704155.06
6821102358,551524.8
5029450200,233979.98
8860310240,581594.4
826000295,383911.9
9417400110,409251.84
3959400345,584425.56
8899000430,314478.1
7527200030,785588.6
8562720410,1.2624104e+06
1432400335,231150.14
6699940320,383039.9
2525059172,708636.4
7548301044,370083.47
2141300420,818020.44
5100401414,440287.06
7346600092,244322.86
6852700478,518057.12
87000213,257020.81
5416500260,281461.62
322059097,281334.53
7229900005,350362.56
7116000350,147840.23
3739500096,370370.1
6744700900,679598.4
1959700550,956688.4
5589300435,380164.78
1775920350,348359.1
3750607974,285408.34
5318100935,970361.4
1442700430,491748.34
9346700030,694260.5
1841500050,372253.06
7278100665,421536.38
8635750980,591374.9
6909700340,666129.75
7011201475,805063.06
9348500220,559009.4
3876313170,456390.56
2195700050,853107.2
3760100200,398562.0
3396800120,545204.4
3750603685,257954.97
9828702310,594185.25
8656300380,382624.44
1438000170,602309.7
2423069164,522422.53
2112700845,284869.66
7635801370,481838.53
8572900135,390899.88
7504010590,742313.25
6821100125,468790.9
4310702775,350492.03
2591010180,433533.5
9828700235,748625.3
9376301180,495163.72
1646502355,1.0503428e+06
1498301672,475335.22
7715600070,361920.75
7283900045,469530.25
522069119,483600.28
5200100125,589236.75
826069184,486327.38
3271300155,749572.1
4444800045,672007.56
8682291050,799238.9
2770605420,529014.7
1556200205,505328.3
269000970,1.3488244e+06
9264900880,274005.56
2323059074,245607.64
1224059053,1.4119618e+06
3755500065,471530.66
2571900430,375453.53
3705000070,261733.88
824069173,634774.44
1735800050,153602.72
3025059089,1.0148819e+06
6132600655,923489.56
1068000255,1.6325842e+06
3052700921,693107.9
3024089057,328445.16
7390400026,279315.06
1787600224,438784.97
2923049372,320092.8
7015201015,1.0449508e+06
7701990040,834948.94
1925059194,1.2429424e+06
301401370,306668.25
1931300955,432704.72
2395710070,369529.03
2591820070,405835.44
7883604065,319714.0
808300200,526711.0
1421069159,506497.6
8562780540,316324.88
2787720300,379035.6
2349300069,309597.06
739000035,211689.39
2397101460,709094.3
7625702437,390675.12
5101406441,474969.66
3323500010,1.2395875e+06
225039082,789546.94
8078100260,350128.44
4139480200,1.3616808e+06
7436300160,517256.22
822039004,617668.25
8651442910,247021.42
1370803510,714156.6
3342100569,730641.6
1310430400,500625.28
104540820,217744.17
4305500030,629150.5
993000090,858149.6
8044050040,431337.06
5707500050,811944.7
6306800080,390519.5
9206700190,768019.2
8732040090,295456.62
3037200045,435164.66
438000025,626814.8
239000115,325477.22
8929000230,519349.7
7135520610,1.0278524e+06
5561300340,545052.25
9530100085,747903.25
6613000140,1.4561476e+06
8835210130,318819.62
3782400190,339746.4
379000051,282737.72
3869900150,333549.72
4322200050,475444.1
8961980290,698371.25
2558670110,414841.84
1124000010,433325.22
3869900138,489580.28
7853300720,496029.75
251300110,317808.78
3904100041,330363.44
7701990300,811811.3
8682231190,528267.44
7888200240,229371.28
2025700730,308679.34
3066410800,707779.9
7576200040,734628.2
2526069095,1.0415947e+06
2781270530,167383.94
3763300005,429291.56
1523049083,198994.31
923049468,196213.31
3303700221,748230.06
1502400140,233891.48
2880100160,954109.5
4083304535,849746.2
8820902549,497516.72
4139400060,894630.5
1222069094,357419.6
9367200205,575685.0
2734100736,300955.1
3856904580,678605.3
3812400789,416573.3
3303980090,1.0284335e+06
1314300018,347681.12
9522400350,560328.75
7524350080,351205.8
9406520260,317836.84
3278602040,359883.12
7696620100,251052.7
3751600635,244062.62
6365900065,404487.72
8732800100,240322.89
3876540410,268488.84
7349660050,260815.17
1036700220,639893.0
5417600200,308987.06
8732020310,273251.8
6844703240,922275.06
923059206,364365.8
4038700220,608906.8
2597520900,763023.3
7203230040,1.0375562e+06
8820903560,311573.84
424069112,733667.94
6056100102,488596.16
1823069155,522182.38
9412400220,2.7580612e+06
6851700381,1.1263339e+06
13001215,310111.9
3630180340,767454.1
6746701090,537316.8
3832050760,271494.5
369000690,438550.94
6071900130,604989.2
7266200085,639953.4
1473120390,443178.47
9523100458,546205.9
4345000510,285007.28
6600220090,440751.25
8079040320,411487.0
1357900060,412557.28
3996900295,291606.2
1442700250,513251.6
5021900175,630389.94
4365700130,328316.72
3876100320,447357.0
2124069103,463256.84
6700400140,268234.34
7852090810,487274.75
1454600038,912368.9
4137000250,317123.8
9826700726,602423.44
6716700325,453863.3
8562750300,601619.56
9315600050,1.7188722e+06
2790410250,664320.7
7732410130,693961.2
1387301730,346797.4
1568100220,343816.97
3975400085,831668.0
339600110,469741.16
7888400500,263001.62
1842390130,687269.3
7595700025,378253.62
2158900140,802749.0
6151800070,355924.88
9294300515,756914.4
1250202660,832515.25
9106000005,1.0043149e+06
5035300085,732071.0
8898700440,266470.12
723049197,198657.53
2019200220,241930.42
2926049408,633842.5
4233600190,1.03234975e+06
9268851860,449735.66
5458800620,644946.1
424069096,479312.88
8150100265,240110.34
2742100085,375794.88
8045600130,403594.53
8039900086,283336.53
4131500190,392939.78
1370802650,696202.4
821049149,242117.11
5104520460,366711.34
5466750140,272059.22
1703900155,319933.25
8658303065,292758.06
3298720030,458045.5
1839900080,318011.8
1561600025,761911.75
6064800410,383083.56
621069102,249643.62
7853360620,387233.62
9385200045,661384.3
7214770020,658157.3
5412300100,232786.16
2025701360,260331.3
7334602070,310953.22
8029200190,197895.28
2622049052,601576.06
3126049261,382404.56
4443800705,437106.3
2473420100,286268.78
7922710520,569518.6
3336001911,265399.6
3797000300,470081.16
5406500480,626210.56
6706600090,416729.28
1518000230,325928.62
1250202990,807826.1
6441800060,794684.0
2141500070,479642.0
9407101900,284875.72
5451300117,2.1786325e+06
326069132,482669.44
7153400100,250982.44
3083000910,445590.28
3021059304,301243.75
2597530650,821171.6
3972900215,305110.3
2473420070,290015.4
6115400008,521491.06
8682220230,770765.44
642150080,637780.44
3775300030,317835.06
5418200340,574668.94
2424059119,1.0111256e+06
7899800476,249453.61
8598200070,255605.84
2421059125,519737.6
9528102771,533998.0
7522500020,589060.2
7202340720,621830.9
3286800260,597732.56
1121059105,472973.78
7504030220,686297.75
4045100190,1.6627025e+06
9406530090,351256.0
7138000260,268934.56
2600010390,701713.5
2917200365,470145.2
2191600780,204870.72
7784000180,453595.4
6149700194,325483.4
8082400136,763416.94
7202340930,670486.7
1972200556,611775.7
2767604170,547119.5
3271301175,592913.25
3223059303,517261.9
7598100735,1.1055435e+06
3348401490,332112.62
1545803390,277990.97
2296700050,492858.84
3626500045,781497.3
1596600060,301587.44
3616600250,1.4854648e+06
8078560140,287169.4
1796360350,246508.55
2770601763,514433.4
3223069118,653481.9
2473372040,359921.28
3575302759,406258.44
5706200170,471847.4
1774000030,477594.44
2224700136,343470.34
1250200418,325804.0
5416500840,358834.6
7335400345,141092.53
3776300010,993032.8
8857320130,539823.94
424069206,797099.75
3592500985,1.1469469e+06
9828701295,368434.94
2621750340,309993.34
7334401000,284413.06
3286800110,616624.6
1722069097,498281.0
3574770030,588652.3
1336300610,1.1352662e+06
7230900100,360545.5
6141100320,398855.47
2767602356,723610.1
476000017,449680.97
2558600100,438250.94
3500100015,301666.6
4074300150,484914.7
8907500070,4.3431015e+06
4388000260,202642.62
2475900850,252024.38
7852010900,510845.66
318500300,698905.5
9200000050,168435.34
1026069106,499928.94
205000120,682877.75
2616800600,979081.2
921049141,630113.7
2023069059,773792.6
7229900145,425137.16
4376800010,555254.75
4389201095,2.3932012e+06
826069127,517243.53
2310000250,318505.34
4058801225,356040.94
6600220550,432184.03
3585300194,1.4658564e+06
2594200375,447155.25
1102000514,754040.94
1862400471,444749.38
6928000440,307193.4
9578060470,506863.75
8732020670,269797.0
1823069088,324860.5
8712100350,1.1971622e+06
3420069055,374686.44
4229900140,270255.47
8682280490,435982.53
3830630310,238640.38
5100400251,376930.4
1737100830,634214.25
1630700276,475378.8
6326000205,401969.5
3426049284,2.9525015e+06
3814900260,400527.47
7403200050,2.085882e+06
1725059252,811270.75
8899200570,341433.38
4137000700,280232.47
1115300270,874555.9
3904920380,595153.2
2695600195,394304.62
9542100135,850183.75
1552510160,393807.0
1823059241,732189.8
2193320450,602009.06
1122069006,542834.7
7853340330,381063.88
1954420380,493974.56
7299600530,287582.22
1760650670,262317.9
6819100080,550062.94
2767704649,466375.22
2424059035,943106.7
1566100400,397335.5
5255690060,440770.2
8860500130,383698.22
7349650120,295080.53
3291800670,442115.56
3764650010,520946.88
5416500950,434300.72
7973202712,200808.84
3291800120,251431.84
9211500620,236850.1
8643200020,333930.7
9197100101,185985.55
3531900060,347897.28
8842400071,459876.84
6844701680,480173.5
6413600285,446316.3
5196410260,964056.56
824069121,802190.7
3876313120,460112.22
269000030,1.0354714e+06
1560930070,717034.5
4435000705,216132.64
9542400025,818429.8
2470200020,1.7803934e+06
7519000580,532486.06
1226059101,541606.1
4449800063,477748.38
2815600305,734358.9
3821200050,213447.47
2644900110,363242.4
8058500005,391527.66
1099760230,227881.42
1954430180,515301.0
7853360480,492339.0
7229100040,312282.16
1432400120,212553.03
1898200080,352328.88
4054520100,877286.44
2568200140,747461.44
587550010,520714.38
4154303215,752055.9
6358900070,916913.9
3277801640,450121.72
6209000165,300823.3
6143000020,276711.34
2591780180,415437.5
5412400170,252820.1
5466350120,247066.92
2877104196,670266.56
3222059007,357846.16
7957600025,247936.3
2698200210,244342.3
3764500230,531672.7
414100630,351269.56
8029740060,357981.84
1426049054,363738.97
546001060,716030.9
3277801417,427385.16
3630120970,753582.3
2326059080,1.0406259e+06
3278612370,390985.44
4024700100,314562.12
7697870860,222844.83
8562900240,669184.2
4059400585,214066.86
5703000050,487306.44
7701990560,807224.94
1760650610,306940.66
5408100035,431919.0
1370800560,1.2157212e+06
2880100240,527190.94
3630060150,555515.4
6071700020,544955.5
2473002500,404398.78
2768300650,491109.44
3523089019,814019.1
2787250190,528246.8
9477940440,438782.53
8732030440,286256.44
236500050,300581.47
993000100,859680.4
5466700360,245668.72
7203220300,896430.1
8682292180,430159.1
5209200010,454482.03
7853360990,391028.12
8663310010,427174.97
2313900165,556722.4
6114600030,619092.06
3303990030,831949.6
6679000960,324097.75
8161000230,531418.7
9510860060,692283.9
1223089083,703819.5
2721049059,278133.06
2523039278,295287.94
9826700707,490763.78
2159900120,459648.66
2767600635,681721.25
3812400455,405980.62
7852030960,403436.75
319500080,681128.5
1061500360,319697.72
1787600209,399183.25
7888700030,534936.6
3623500260,1.3079762e+06
4219400520,1.4293814e+06
518500460,2.3959022e+06
2500600297,268979.0
7283900010,281628.62
9225900055,326291.1
4036800925,422249.5
7967900150,370482.97
1782000130,416795.16
3163600015,169324.83
254000075,359389.66
1424059022,1.1873888e+06
2768200090,739016.5
4319200505,488849.75
1592000780,667465.5
1687910100,560996.56
5200100115,565582.5
3751600176,210264.55
5608010650,928918.6
2051200506,334796.1
2781280310,255479.17
1023059190,288179.34
2787310130,255335.75
4358700100,407569.16
3121069036,544295.5
1959700225,697862.5
3205500230,332894.7
7974200937,504499.97
6819100111,967663.1
6146600175,140756.06
1525069095,872990.9
1231000510,383733.25
4122700040,963570.7
2426039314,260060.17
2013200390,275805.34
1854900330,681661.44
1923300135,594750.4
582000135,510554.03
587800130,279462.8
7840800135,181807.61
6116500366,452541.28
6392002635,617491.94
5361700020,334655.6
106000395,438506.44
7199330390,374854.12
2484700155,656353.44
4038300070,458959.4
9407101850,325792.25
293610040,623656.75
7202360760,813587.2
5608010750,1.0564234e+06
7236500025,337064.72
9144300120,388880.88
1454100267,431616.28
1377800135,676353.75
7967700570,233931.75
1562100220,645432.25
2923039243,446015.94
868002080,799784.56
7137960460,285937.1
1023089096,289406.62
3262300818,1.9409195e+06
8563050110,572066.06
7137300245,420853.22
4365200630,390884.25
4100500070,1.5937864e+06
3821400200,235624.77
5379803386,233730.03
4237901075,636682.6
8118600155,364708.88
8946780080,881385.94
1428000970,428882.88
7011201004,721353.2
2799800180,341560.25
522059130,276937.34
4315701163,648774.4
3649100387,458412.47
2125410210,452860.28
3224900130,218941.1
6798100661,296109.9
3626039325,947376.7
8730000270,373587.0
6065301040,900784.75
1665400165,265907.22
2203500140,414054.38
4058800875,350789.03
5076700025,455168.38
7853420110,631640.4
7818700480,374259.06
8658303080,311994.97
3187600100,580658.7
4077800518,344726.9
2470100110,5.230999e+06
3451000206,312819.1
1843200350,140208.12
7904700126,414677.8
9430000070,298842.84
6003500749,595003.0
7701990700,793134.5
1310820150,366605.53
3975400190,612206.2
4100000050,619442.8
7202270700,570691.44
7370600020,710906.06
126059225,448512.56
106000015,431817.38
4458800060,1.0686039e+06
8944290090,209881.7
8682250330,616379.9
9834200390,509212.4
3275880100,719158.25
7227501190,276746.94
1796100010,627008.7
3831200210,290242.0
2521039066,274932.9
7701800050,383057.9
3904960910,644997.4
5647900670,264436.6
7234600796,524072.6
3021059244,220728.0
7787400030,1.7866738e+06
2051200436,613543.94
8820901415,359141.75
3523069047,771480.06
9194101388,453246.12
7277100610,383204.84
9471200370,2.030772e+06
2767800140,685832.6
3629870110,529001.6
9136102057,595963.25
8648900060,505612.47
3678900110,411818.94
2767600150,495478.38
1972201511,650002.3
6055000430,485310.34
6624030050,403574.72
2215450150,343118.97
2767603824,441816.53
3585900460,829417.06
2922069134,423837.75
9267200062,384126.38
7228500425,518341.78
1089000190,868551.0
3359500960,539979.94
5152100160,380784.38
7230300060,378006.72
2423059067,453746.7
8016250060,248912.16
2524059267,1.204774e+06
1438000440,496388.7
3326069026,617045.2
9353300600,308616.25
8691410060,722791.56
6332940070,510768.9
1310980110,300426.28
7428000120,211899.14
3626079040,702119.56
2722049077,308797.16
984220290,296553.9
5347200160,265080.38
4154303655,528800.56
2953000250,268893.8
9523102447,722973.0
5104511840,410353.6
3448740250,460245.2
4219400290,1.1809832e+06
5152100060,413965.44
3279000460,215786.38
1102001274,912684.56
1251200155,1.1667444e+06
2025700740,265275.97
3820350050,339628.53
1245000438,792032.5
7853230200,445950.1
3832200070,264711.66
2926049400,429950.56
1246700251,1.02759894e+06
6372000155,567997.25
7950300670,404636.62
7518504130,590832.6
9286100200,437335.94
3992700585,440408.34
7234600786,777360.4
5476800069,382775.78
1126059201,1.4478669e+06
9527000090,485378.72
402000115,284225.03
8818400450,1.02254856e+06
2475900840,285266.9
1437500015,219821.11
2848700095,390841.38
1529300135,366925.84
2597520090,788718.3
7812801125,200574.06
3343903647,452254.2
1951600250,186946.38
9542840590,253866.97
8081010040,1.2541884e+06
3262301355,1.5721021e+06
1861400068,498391.12
3295900490,430644.4
4345000440,246601.3
4219400465,1.0750029e+06
3797700030,257113.67
3204300860,798312.56
1930301555,531775.6
8807300130,357173.75
4391600035,294798.28
5021900140,1.7284901e+06
2946000590,261772.77
686400210,551349.56
3365900462,238672.95
8682262170,429943.6
7312400325,352905.25
3760100100,385333.1
3579000410,431426.34
1773100755,470703.9
7129300175,367242.7
6303400965,256714.84
1328320440,332886.12
3686900025,251893.08
1221039066,321416.6
7950304095,348014.84
3585900785,842922.5
9455200329,494087.12
629410130,771810.06
1994200375,600494.75
6669200370,887090.56
7262200150,254795.86
7504010750,597312.25
5253300173,294336.03
3395040200,292831.7
322069109,400196.3
4054510270,988475.2
1710400005,551214.1
8644300170,690441.5
2450000290,1.2365462e+06
6102400166,905526.9
1934800087,438281.34
3333000775,311384.88
5393600509,308832.06
621069039,397631.78
3343903611,612501.3
2954400020,1.1380206e+06
7972000010,205503.61
7214810510,496920.28
5561300540,481613.16
2634500070,413224.88
6822100310,679884.9
9201000100,802508.06
1072100085,328855.25
6190701146,458745.22
3277800845,239833.25
112900020,337015.16
1324059048,635083.3
7979900126,369135.22
7199330370,427254.94
6381500720,440186.34
8078550190,288489.78
7853440140,703353.75
6300000396,345447.5
3374500250,374298.28
3343901188,289244.38
6979900010,857026.3
7199340320,576958.2
1112000125,357587.0
9269200150,351232.22
5104510210,289456.28
925059219,592707.9
100600320,183651.78
1789900080,251552.86
2123049142,320685.7
2459900040,575615.7
3902300450,552837.8
7250000065,344100.62
7823700005,322056.38
3750605247,223967.7
2771601730,578816.6
3298600440,388258.2
9141100005,601047.75
8682262190,446201.34
9407111250,251202.56
1336800010,1.624616e+06
2255500060,665146.5
7950302345,303754.78
8658303585,263481.28
9184700600,1.1140365e+06
8068000440,323442.03
1310000130,313094.2
7853221330,624305.25
1222029077,309506.28
8562891100,349086.78
2517000260,350425.34
2225300149,346560.94
8651410330,174256.16
2413910050,607702.2
9407100720,279934.12
2112700920,327000.75
3761700251,749342.7
1036400100,654945.94
3585300365,672534.5
8562750060,898745.06
2719100042,582049.0
952007055,451195.22
925049318,589698.4
7203220260,1.03114844e+06
9320990140,311919.7
8567450140,515357.38
5379800810,175811.58
7784000100,480454.12
3992700475,425895.72
7905380280,392289.38
943100683,416166.22
8029770470,560668.4
2818600060,1.1489755e+06
1226039124,504018.03
726049184,306156.47
795001930,230017.4
339350150,740693.3
1332700270,274356.44
7548300170,523162.3
6141100330,422662.84
647100096,847375.44
6744700423,516036.78
2895800750,299801.16
4046600220,356230.16
8809200070,400623.6
293700110,794134.06
4178500440,256298.98
4358700164,228550.61
9197100263,221684.66
2426039313,281034.53
9468200163,614203.4
475000190,483241.62
7504180170,429661.2
4036800170,479103.03
2561330040,467245.72
4123400340,508283.16
524069115,933448.06
4047200850,371791.38
8651440230,247195.84
3905030140,545687.7
510000641,714571.56
8663370020,386052.75
2883200760,756360.8
1980200384,817755.7
9468200140,487254.03
1796370150,259777.5
9238900085,569452.44
9191201325,607331.2
2538400060,914119.0
3758900037,1.0510891e+06
2472920800,432062.53
321030150,363006.66
2571910100,313502.4
1423910670,259211.05
1118500030,793217.1
1939000010,684683.2
1776460190,442589.66
7504400290,634978.75
3448700070,424529.2
7518501025,569045.5
923059252,493182.22
1431700210,247585.2
8635760480,576088.94
9175600025,2.0557855e+06
7922720250,561303.25
8944360390,477027.4
8948500065,227820.5
8669160310,247820.81
6117502745,548257.2
1789800020,352575.62
226039186,319013.62
6457000080,270134.3
9557300080,546016.1
8562790480,659588.4
6430500008,530802.2
1604590230,815267.56
9542850290,731985.4
7831800395,267250.25
3317500030,1.153324e+06
624101110,715743.1
3654200039,407776.5
7856000150,767963.5
4338800685,339678.53
3211230300,398664.72
3904910650,559192.9
3598600088,268572.8
3796000400,343973.1
7972601280,445773.8
1450300050,278881.2
7504050090,816081.4
9202650130,530588.6
2419600075,352568.7
1224049005,1.01460856e+06
7129303240,321394.7
1922059135,221871.38
7852020250,643082.44
4139910180,1.580464e+06
4222300040,285072.22
1024069027,997970.44
8944600620,524736.75
5040800060,817942.7
1036400200,606993.3
7899800915,230797.05
3325069025,491913.0
9408300310,607055.1
1773100604,312082.75
5451100490,993637.56
9536602080,188863.42
9828702055,383751.7
3362401758,471019.38
476000333,415346.94
4364700730,329688.2
5559200020,251798.28
7522600110,254818.45
104510440,227323.69
8820901275,523805.6
3298700125,263690.75
323089172,408718.88
5364200477,622246.1
2222900082,378211.88
6641800020,634091.25
9358001422,299498.16
3438501150,290377.1
2206500430,503555.56
9272201318,602044.94
585000095,621453.6
7708210050,593079.06
9407000840,309573.66
4027701265,492851.38
8644210050,769941.25
8656800020,366317.62
3329520170,211333.17
5104520720,312716.16
3806000005,153801.73
2330000015,701588.1
1447600410,302380.3
8641500252,447147.25
6084600420,273840.06
441000115,424079.66
2597490030,698369.75
650000030,698847.75
3585210200,376210.66
5416501030,414328.75
5406500170,651017.5
2916200065,444974.62
3330501975,526340.25
1774220070,583022.2
8731730710,209223.62
7861500150,441093.16
1402630190,367740.2
9117000230,293364.34
7133300380,705057.56
4232400470,708929.44
1773100972,291795.25
9413400165,244995.27
7658600025,416372.0
6909700040,981376.7
1402900380,292993.0
6625910100,476127.3
3204900010,628387.3
5162100820,332623.84
5560000480,160421.38
1704900303,586414.44
8084900170,1.7947842e+06
2887700091,725245.5
4331400190,317695.47
3762900130,379761.66
52000067,625452.8
5430300120,937859.56
8956000460,599507.8
8856950310,251032.45
3364900156,432572.62
9310300211,292894.25
6448000020,1.4123248e+06
123039570,388044.2
7600065,543807.0
3123039171,504889.4
8964800445,1.8468376e+06
7857000732,392171.72
7525410090,551220.6
9541600350,805965.9
3186600515,816290.75
4123820450,327708.0
2505500030,1.03632156e+06
1541700240,337821.3
6629300120,386837.9
7399800150,484658.34
9517200180,377972.6
1313300340,475772.3
7967650010,371449.84
8807810090,395683.2
8815400670,808057.7
2310030500,300606.25
2241700075,299697.0
2287400030,302210.3
2827100075,250877.52
1310700390,298771.47
5498100010,434617.9
723000114,1.462015e+06
6431000987,512434.38
3356407665,217579.25
7852110050,512970.97
8677900123,440380.72
1917300260,221491.72
3396800280,596177.6
8691420050,858289.0
9368700006,277802.94
339600290,436347.0
1592000250,607207.4
1471701780,350587.3
8928100205,606043.25
5029450100,215753.61
5493110080,2.7471178e+06
7883603750,302381.38
1732800175,909158.56
1518000290,333198.1
8604900017,583447.3
5379805160,265828.16
1254200835,580702.44
3179100482,479773.5
3313600266,197412.31
976000879,710616.06
8819900220,684879.5
2130701535,296780.12
1176001124,583927.25
7893805650,279625.28
3885806840,816965.94
3625600190,1.320207e+06
8562790150,836972.4
7348200115,209897.44
955000453,480739.3
6817810310,364758.9
4040400340,453774.8
1644500050,717147.7
8029500100,343399.78
5244801230,750938.75
1115100119,361081.06
9542400010,776452.25
423059387,531620.9
4023500990,316625.8
7899800857,278349.72
2976800796,218891.72
1074100020,316413.9
446000010,567921.56
7942601200,442704.94
3575305495,807045.8
8691310040,798118.5
6117500430,763021.25
3924500130,564800.94
2028701075,503810.66
4330600360,285136.1
1324079082,424030.7
9268200484,776038.75
9828701605,578159.2
7518506715,1.0208059e+06
5315100277,1.3939831e+06
3942900115,428250.16
1561930020,464276.6
9510970090,617011.7
6163900821,332287.62
9510300220,535193.9
3869900146,282765.5
9262800208,716453.0
2522029039,651751.25
6865200095,690651.44
3782760040,470246.62
4237901250,599355.6
2891000610,217195.02
2749600095,541198.2
5422810010,353546.88
3629980350,725533.5
2459500070,280313.94
5113400364,697061.4
7533800885,748079.9
629410190,746118.25
8651431100,200049.42
7960100050,549860.4
1842200040,459615.94
425200205,252179.47
9477201470,326660.38
7905200365,549914.25
6381500635,298710.03
6052400175,348327.88
1236300268,473904.72
6072800265,1.8254186e+06
3423049311,196803.89
3755100540,360311.0
7852150120,342372.44
4180300050,369782.56
7625701935,329890.9
7132300550,404958.12
3025059093,2.7404862e+06
8161000220,428849.28
7852011020,565086.56
2599200160,353280.3
5536500020,586813.4
2095600150,261737.78
8910500226,413641.56
1681400010,823169.7
1424069110,726472.8
5127001620,326638.94
7940710070,396433.78
2413300980,316077.22
7853400250,624311.25
9542801310,309321.94
1890000169,502158.0
2720000120,282297.28
9424400105,520925.28
7888780090,264020.97
3501100280,398544.38
3905100220,496079.8
723000150,938732.7
8691310980,746772.5
2297400250,424897.38
2892600056,225897.38
5273200080,506120.4
5145100460,441994.25
5561401260,569223.94
7732650040,903635.25
7504101280,885689.9
8581400345,269908.0
7129302800,444723.53
9551201560,584501.06
1546600020,657358.8
2648000071,255372.88
3339900640,252969.69
7853301240,468726.84
943100262,317338.16
7202430150,813100.25
3558000120,320659.62
3890600150,425786.56
7452500315,270118.3
7173700591,685297.4
438000015,694311.4
928000020,396628.62
3830700010,410395.28
3845100640,381308.22
6675500112,371334.9
1773100920,334878.22
9485940330,373979.03
5561000600,551293.3
1786830090,606681.06
2011000020,247577.64
8024200681,381963.25
5452301810,1.7935172e+06
5515600075,322223.97
357000135,1.2471668e+06
2541100010,536258.9
1090000036,737792.75
3459100300,407795.06
2450000295,1.1720159e+06
162500015,408655.66
2592210290,793820.56
5101405265,581100.5
1122069019,634371.75
7501000220,1.0019172e+06
1310900140,319369.06
3298700941,238008.25
1972200382,416932.94
5100402764,490788.06
2623069069,651611.25
6372000280,500250.78
4305600240,473975.66
2767602094,553362.6
2500600289,204862.84
7203160090,839898.3
3521069146,480608.75
824059321,1.527564e+06
9348700610,811580.25
7228501745,519405.72
6021503656,434564.25
5437400630,535170.94
2207100740,440143.56
7202000220,452578.53
629811340,727876.5
1324079029,288183.5
418000010,204614.78
6303400290,218849.06
4139910030,1.2844096e+06
3023039066,383488.8
8698600395,200764.2
2799800710,341893.16
7351200050,1.0770706e+06
8564860270,477695.28
2591830020,405061.75
4139420430,1.3580464e+06
9828201725,506586.2
2420069604,269924.12
7224000315,182399.12
3861470120,2.0961119e+06
3222069151,278108.3
3869900155,356500.47
123039346,309699.72
305010050,673464.1
2141340040,709762.75
7504021310,680182.75
2436700315,586462.8
8732750100,282206.9
3298201290,379317.6
9241900150,1.1036384e+06
1180005220,237685.77
5540000050,310296.62
9211520400,244434.45
2623029078,457858.0
7132300695,432485.94
6430500219,456334.8
6084200100,376926.9
7140200280,260842.61
3904910610,626486.5
7625701900,473508.2
9432900560,323668.8
1388600110,222630.16
9126101201,371297.5
4224100030,422987.72
1109000390,545334.7
3336000296,264174.56
7504100590,776175.25
2025701060,250793.72
7527410080,599660.7
7304301045,266653.88
2591840050,460204.22
2767602490,443475.34
5494000040,1.353152e+06
2473251090,254287.34
3825500080,467012.75
2309710150,323258.47
8901001335,632056.5
1781500435,425606.6
8835220200,333644.7
4037500335,517084.62
1338300180,1.9699605e+06
7968000120,264097.72
686050100,1.0817769e+06
1180008315,217906.12
1657300280,428601.56
7856600170,782240.2
4154303125,640202.5
3295730050,620698.3
1777500090,672323.06
203600470,605255.0
6673050020,378966.66
8731980680,293694.5
2273600260,557947.7
1000102,309187.53
4197400005,528916.0
3378100100,259886.81
7856620210,807377.56
9275700765,867152.44
1246700136,425570.62
4239400740,154528.08
3306300630,185414.11
2524049056,1.2566146e+06
2023049245,240718.1
3210400340,302221.4
2621760350,309271.9
526059183,411684.06
8078460050,632300.6
7504110050,659797.4
3876312840,442828.9
9268850350,362862.44
8085400490,1.3006718e+06
2722059185,465015.0
3644100101,343839.56
1321700030,761229.75
5608000630,1.2604759e+06
825059349,1.4293635e+06
6083000071,197954.34
9164100105,539597.2
1425059145,463354.8
5210200184,513905.38
9477201370,428449.0
2927600630,947419.06
2619920170,873749.8
1560930450,528253.94
2896000510,549758.7
3034200067,640481.0
4025300360,347788.4
3362401295,537164.44
2391600555,428097.5
7550801170,496104.28
5347200175,276436.75
8910500471,487242.78
7199340560,469667.75
9266700175,432871.3
808300270,453331.8
2487200875,490994.2
8728100781,341801.53
5379804888,269198.5
6619510060,501584.88
5416500680,435712.88
1862400087,482452.6
2126049277,408167.6
4137000070,326229.84
8081500060,2.0910508e+06
686800065,1.0509449e+06
5561100180,615235.4
798000342,295745.88
5603700095,534046.75
7151700585,1.34284e+06
8129700565,620661.06
2782100260,686894.7
7011201106,447708.25
2423069084,600836.9
8141300300,322839.62
6601200040,291504.5
290200230,635150.44
1423900220,232395.47
7303200450,237610.08
3755100220,348208.9
796000235,246611.44
7237501040,1.03566244e+06
7203220400,902173.44
9285800275,698927.5
2061100435,517562.44
6414100025,536400.5
5317100750,2.5567222e+06
6145601000,401298.38
5634500775,501553.75
7375300160,588579.94
9558050360,504349.5
4151800420,500658.84
3751600146,208521.67
5302400080,554550.3
357000005,591251.0
7283900306,457436.94
3738900105,330191.97
6822100305,580407.9
7436000205,574781.4
3295730040,602584.5
1526300015,424555.4
3294700101,256749.5
8864000970,231565.02
5469502700,365865.25
8078520310,251095.84
6154900130,339838.88
8945200830,166918.97
1085623630,400814.6
4013800131,225842.14
2287000010,744838.1
546000930,630414.56
4051100390,239267.36
7203100120,645766.4
7523850150,294939.22
3826000665,285432.25
1311800560,214794.22
2877102180,511547.16
3221059044,728243.44
9169600110,543880.44
9510920040,778929.06
8813400155,879527.0
3896100130,1.04644325e+06
2568200740,724842.25
1217000340,324159.47
6430500086,466239.2
5634500234,534865.7
825049073,505005.34
2391601445,1.01468125e+06
7881500330,395594.78
1721801591,162251.06
2473390710,294765.56
5634500891,360324.12
5515600163,453650.22
2560805630,249292.22
8078350280,618398.56
9477201060,382731.5
8827901350,790619.56
3560800040,422683.4
3034200370,494723.56
1328300040,317200.0
2483200010,665908.3
6071800480,479955.6
6200017,200903.0
8149600065,964967.4
3362400615,511209.62
7518502945,541973.75
8001210120,261894.48
8682280340,481240.56
3623500408,2.2193328e+06
3764650070,457161.8
7937600380,347518.75
923000580,833025.6
217500005,421822.8
5419800510,245557.84
8562901250,543658.9
2212200100,297185.78
2310100240,367994.62
8582010240,628722.9
8651410670,188831.86
3330501645,311793.1
8113101232,390141.62
7849202190,262781.38
1864700300,316371.16
5231000060,298733.9
1565900070,233250.4
7555220140,669247.0
7518505160,452672.62
3322049005,653519.06
808300550,443643.66
66000265,397600.56
2880100675,385199.53
1524079156,425691.75
3625700010,1.4907188e+06
3259400024,371199.2
3205000310,349890.16
807800190,273948.6
2783600210,444222.84
9290870040,815223.75
2561360120,431327.53
8857100180,429970.72
4388000070,219479.03
3860900003,1.04539144e+06
1176001119,589503.8
6084600330,250974.92
7985000100,234453.28
8026200080,362693.9
3210600010,696786.25
7558300170,529259.94
7852180340,452774.25
524069011,691458.6
3361401011,147573.0
6117502455,317468.47
5602000025,216310.62
4142450490,312488.5
5306100255,362599.2
1795900120,581230.7
1193000280,901172.44
9238480120,535709.25
3630200780,891859.5
1250201130,471159.66
7796000095,1.4528098e+06
8635760040,482072.72
9476700135,327808.5
5249804510,521959.7
40000553,265253.44
3204300625,854096.4
2596400050,407727.97
2724069103,378485.4
3744000040,464649.34
7525100590,464383.3
3705900292,447486.5
6169900790,1.957237e+06
8127700735,1.0637908e+06
3761700067,947507.3
6065300570,999347.0
4022902050,483164.03
3886902590,568888.1
4107100190,2.2144952e+06
2909300150,634671.0
384000135,476446.38
1005000036,429813.8
8856970530,295940.06
3448900320,556979.0
6713700100,376292.22
2260300060,2.1285925e+06
7273100026,653146.8
1277000020,861259.3
2620069113,356712.38
4166800080,339753.12
8731902680,276088.97
2599200830,234030.62
7569500010,670917.0
1825069031,649226.56
4443801495,591021.9
7805450110,732469.75
3345700207,585751.0
1560920450,1.01139344e+06
3629950010,458320.34
3782100035,270010.38
5561400340,813625.94
1898310110,266723.88
2122039094,693936.8
631000040,577325.75
293000145,334242.47
8121100015,430977.84
3205200430,360072.0
2475900565,331898.8
1651500040,1.9457679e+06
3955900500,407515.2
7907600100,324517.1
3123039136,322809.97
3972900735,270500.9
1424059130,555116.44
6792200282,249931.06
910000104,274860.8
3751600784,351472.38
946000295,441684.7
7749500070,329403.72
255550070,319122.97
5151600340,303875.88
5415300060,469247.3
287000110,485598.38
7585000110,201496.19
8121200460,528082.56
6891100090,967880.06
7575600100,313801.44
4240400140,592540.06
4046500510,326529.72
2944010240,992759.5
3449820380,546442.4
7203102140,360388.28
8665900291,537824.2
1775930010,437959.2
1118001631,1.4391631e+06
8911000445,312845.38
117000100,605640.75
9284800085,468910.9
2795000080,501087.56
123039207,299962.97
1312200080,238689.47
1236300290,1.045994e+06
7549800168,442952.62
6891100260,895494.25
6072000910,555972.9
3226049184,378619.25
1442880320,492479.03
23500190,545662.6
6021502070,535347.4
4168000110,190909.19
792000006,173351.97
9558200210,230639.75
3840700757,631785.6
3876311650,544861.25
1328320800,329381.66
5006000170,283092.9
7575600430,254805.55
7686202580,203087.22
2524069097,2.6911408e+06
4292300024,354950.78
2726049071,358071.06
3526039019,781902.3
3300701365,430855.8
1274500170,215716.27
7282300095,263379.5
8562740440,699555.06
3761100045,2.9127455e+06
2877104265,869931.75
7940710100,472272.8
6071000030,745736.06
6448000100,1.5148852e+06
2923500230,2.5697272e+06
6751300375,428694.2
7214810350,504368.88
1088800470,595305.44
7129300420,239843.34
6149700405,305855.38
9521100855,462817.78
1861400116,810547.9
2787460720,235887.17
6073240060,548944.5
291310100,455847.94
1247100035,1.01683575e+06
2626069030,2.3444125e+06
1326059085,596885.1
6447300265,3.322136e+06
8651401270,198331.05
3524039209,1.0814168e+06
3226069049,1.2918354e+06
7548300425,471042.1
1438000360,486322.44
1777600900,743336.5
5244800695,504843.34
3387900390,265525.88
1954700615,1.1543585e+06
1026049036,270152.25
1683500180,242503.3
1939130420,637455.4
2021200530,1.0622551e+06
993002325,444691.88
2780900220,272776.38
2540800390,427981.22
2919700540,663127.2
2787250090,516240.8
8651442520,247527.58
100600860,202017.75
1437580480,967996.94
3886902505,648126.56
173000140,384363.84
5151800045,477567.16
3010300240,549822.75
2085200261,287498.28
1839500065,289270.28
1049010300,388608.56
1328340540,300831.3
8887001625,491348.1
5332200320,722026.2
7137960030,288769.88
5468780250,336191.56
2436200715,604827.44
5137800030,306277.22
1068000520,1.1263505e+06
5379805121,370732.66
7445000105,439956.88
7942601895,632192.56
1727850350,1.219218e+06
9407150310,329414.16
5569620550,741138.9
3179100480,483760.56
3624039111,276393.9
7844200050,288942.8
3304040020,389285.7
7739100155,648088.56
6099400053,182321.53
7468900270,192490.6
396100025,387678.72
1160000255,365602.94
6300000320,379109.25
6392000570,389493.12
7387500235,303495.78
1121000058,565831.1
9828702120,491365.6
7715800310,436110.97
8562740370,709342.25
5637500070,415600.03
5561400470,649031.56
1189000205,465536.5
2412100025,385147.72
1073100065,324021.06
5160300020,544421.3
2770601677,534485.9
5104450070,409257.53
820079043,434246.66
751000190,368225.66
1823049179,410744.5
7430200060,1.3095285e+06
3331000035,541025.75
1775910370,557656.3
3626039299,590367.0
1546600125,624092.44
3260810150,324144.5
6817800330,319837.84
414100045,390285.72
1326039061,371481.84
4055700030,1.285444e+06
1225069038,3.1913492e+06
2296700260,412586.03
2822049160,242732.77
3395300260,516257.44
5144000036,340046.3
809002290,840881.5
7334501410,336428.66
421049114,182161.05
2623069010,921185.44
1133000144,547861.1
705710290,354966.94
7313200120,628078.56
1269200150,309372.34
9264930970,317186.16
6819100020,2.0287149e+06
5112800421,268338.56
7846700850,268089.28
7227501450,269186.12
5451210150,846804.75
4140900140,439400.25
3537900180,904760.25
7738500475,449760.12
3541600450,431863.62
5379800040,317074.38
6664900330,263054.06
6056100312,294273.6
7766200013,489930.44
8651720470,441073.44
5690500095,769151.2
5423010180,730843.7
3204300610,569998.56
3425059066,598587.25
7856660130,1.0703444e+06
2954400520,1.231228e+06
2327000110,895316.3
9526600340,724952.25
7695500200,464101.78
7237501180,1.0385226e+06
2008000550,274724.2
1123059126,622480.7
1775500371,802322.6
3459900230,2.2439645e+06
2619950310,516823.1
1771100330,345902.88
1321059097,350836.4
2420069278,287757.25
3832050570,321212.2
7132300525,483493.16
8691410700,747103.8
7967000150,329940.1
1328300810,354232.25
711000110,1.4131694e+06
9485951460,424650.12
1771000970,320968.44
2817100900,270882.12
6817800630,386607.97
3558900450,443695.9
7215400770,339148.4
4222000320,216593.39
2791500270,254537.19
424069018,811991.75
9547205180,684065.06
5631500947,563673.3
1425059193,1.1621224e+06
567000775,406275.16
3904900610,510466.94
3649100346,436352.5
1624049228,406227.7
1559900080,349973.1
2919702040,610528.8
4013800206,203693.0
1025039292,1.2028974e+06
2771604640,742250.9
7203600550,281334.25
1545802830,263003.34
3303910010,600638.4
8617000060,806607.3
7889600190,277512.44
3325069064,463134.22
6300000337,448924.16
1172000150,369829.8
3348401319,332780.62
4188000490,874106.7
7779200355,681227.6
8029900110,443101.4
4060000290,222809.39
9475710040,407101.03
798000535,258508.86
6415100410,409091.94
4299700095,324758.34
6117500955,454426.3
2421039075,224207.66
3362401935,520664.38
1545800205,296687.53
7645900235,608221.9
4141000060,1.1619356e+06
9485800050,693058.25
2436700280,779777.6
7335400400,238678.78
9294300495,718429.9
6649300190,449592.03
7950303270,392070.03
2391601010,444813.0
8129700728,592135.44
7871500685,684162.9
1498304065,513646.84
3862710010,424925.8
9209900335,588349.1
952006857,353853.62
2322069168,606062.3
1775801090,497269.62
5700002165,538215.8
4029400080,410868.7
7796100080,855876.5
9279700150,1.8279482e+06
3876200060,393822.0
2934800025,347660.38
9359100101,1.0883025e+06
3330500335,379679.2
4027700466,364211.75
3204800430,376669.53
5415350770,657512.94
1443550020,521791.7
2810600022,298960.72
1238500281,554549.6
2591020140,489907.2
7137900960,242816.19
1328340630,279683.84
3529200190,339110.66
1624049291,952140.44
4083301120,631428.56
1873100060,648469.25
1773101159,226985.27
7214700350,474933.7
3856902250,626687.7
7169500130,498362.88
4038300010,433189.16
9578500810,426679.03
3345100184,411119.47
452001860,469750.0
7905200037,532865.44
9376301110,477969.84
873900240,294463.1
8682262400,423295.2
7227500910,179616.58
2392100090,528269.1
3221079050,480262.1
4307320280,364450.6
3211270170,478633.94
726059483,692013.8
424049043,1.3684709e+06
6865200140,615036.5
1155640050,396983.6
4139430250,1.580015e+06
818500100,177597.06
7999600180,192676.4
4099501215,873916.75
4046700140,361208.44
8857600490,203106.5
8677900120,502619.75
5379805253,179521.03
9211510410,256672.0
2337000150,270298.22
1423049029,266928.22
4036800580,439610.1
3942900010,393222.06
3438502715,371816.84
7625702441,373849.44
3905100610,506246.53
2218000335,459647.44
3034200516,391150.1
8024200625,428209.5
8564500020,346156.53
9550202700,513731.44
7518508625,646032.56
1822350070,387313.38
8921000040,797954.2
6648150090,1.7533084e+06
2402100675,769090.4
42000127,285197.16
5100401160,495424.5
7347600507,235590.6
1839910300,338450.06
1250201550,773089.44
9460000010,259739.67
3356402232,192944.83
6819100150,654485.75
8645501330,278266.12
1556200005,821206.06
40000228,179244.45
7300410010,376468.6
4299000030,357054.53
2629600016,528882.5
662310900,372294.22
1909600046,460865.97
7893207490,221035.67
2524049318,1.6769835e+06
924069210,733888.94
1591600527,347097.0
98000060,1.2358766e+06
6392002020,626971.2
2719100400,499265.75
8018600655,441458.1
2141500020,462717.06
3277801580,476103.84
7237500110,1.0490868e+06
626100023,627730.94
4319200820,352602.75
1422029138,570322.25
9517200610,387914.1
7334600280,292189.7
8820902400,505792.88
8944600060,535464.1
100100050,292699.47
8074200100,256828.83
1836980240,758762.8
6648500440,331403.2
9530100225,670839.7
2883200875,659803.75
4218400175,1.1016932e+06
1022069183,595693.44
6398000171,440838.8
5021900160,649818.6
8078410250,561441.94
7972602490,293711.4
1962200435,837324.7
7221400285,236899.69
273900030,245403.83
2708450020,505405.9
4083306616,466470.47
3034200435,528871.8
7855000550,1.319114e+06
871000155,602039.06
8024201714,552291.56
2625069038,1.4388479e+06
2324800350,851949.6
5450900010,1.3526545e+06
1822039225,632718.8
2460700700,270530.4
6679001060,311007.16
2422059111,326201.72
1250200345,291304.47
5589300370,329887.72
2021201000,1.19308e+06
4302200336,274118.75
1328330290,323405.06
3438500781,372648.47
5453700020,775622.75
123039147,381254.6
8691310070,868534.94
6450303785,326183.16
114100234,456775.62
9212900820,489637.72
4270600025,308630.16
7201600190,493345.75
521049227,1.04141e+06
6300500479,397667.22
1432600100,210264.62
1024000109,390654.34
1430800100,368837.0
9164100125,533042.44
1925069183,488681.44
7852160080,968412.56
5317100780,1.6590466e+06
4083304835,547337.9
9478400080,747823.44
4463400195,231059.19
4232901525,546511.56
3845101070,399072.66
1843130980,284742.66
3810000480,324937.62
7137960440,286654.7
1231001115,394327.38
5101405340,464698.7
3723800409,562455.06
8651430370,193737.53
6135300010,226845.31
23520380,476188.2
2935400100,535041.06
6137500320,924504.06
7841300230,310780.9
3521069051,450751.06
2621400080,301373.75
5104530240,359658.56
2022069200,485857.4
5469501850,395750.5
9206950110,262609.0
3298300210,395182.47
2810600015,442024.34
7298050090,494913.94
7202290620,473431.75
3211290370,456910.66
1591600506,397605.22
2827100070,380671.28
2482410130,405826.62
4364200125,423180.6
6388910730,525907.0
7436500120,533223.25
1822059156,895802.8
9432750190,508821.2
2205700405,435047.47
6056111370,271627.78
3205500160,370947.84
6139100076,397190.25
723069135,502850.88
4123830070,323170.12
2472920740,458302.97
6134500220,619220.9
2734100395,273942.66
3574800090,433894.75
3126049107,582964.56
669000210,1.0010311e+06
1139000620,319435.7
3825311190,725866.25
7300400320,400366.78
9407150250,282959.0
3679400503,282237.12
641900050,398718.1
9169100130,587187.56
8091800140,337995.2
9547201155,507562.1
4154302045,308667.97
6638900265,785711.75
1423069063,448390.38
3335000025,475605.44
9269200650,277619.97
1781500180,321445.8
9211500520,233098.62
1853080150,831732.6
2767704756,444358.28
2206700295,457047.56
2557000380,304099.66
11520200,734359.7
3832710680,242525.72
2569500210,305963.5
5230300210,256462.31
6447300225,1.653205e+06
5035300325,1.1374911e+06
7853301660,780109.25
5411800250,372418.22
7203210170,722503.7
4302200415,299394.94
7942100290,224382.64
3629860160,731392.2
1423069076,551054.9
525049085,583085.06
3306200230,229311.05
2193310300,489046.38
7978800621,276676.44
4027700632,453468.03
1761100190,229303.06
2749600245,530730.7
322069141,427472.94
1900000035,235752.72
3361400190,200480.16
1604602050,504152.0
9421500160,452221.28
7788400180,296626.25
1566100625,500315.88
3861500340,232376.38
2524069072,335091.44
3013300980,487214.97
4191500130,671081.75
9407150130,301481.72
3904902500,703281.25
9510900140,244702.0
3368900084,309963.5
3432501415,302349.25
4254000540,465458.72
2767603250,525140.3
2923501130,607431.3
9183703045,300057.78
5279100675,353964.16
3905080310,518401.94
2461900375,738031.5
3346300356,581065.94
1865000110,379914.12
9264930400,293560.62
3447000100,666956.1
2313900510,507040.5
7518507330,582442.25
9368700270,209508.69
1137400420,396713.12
2023069054,336801.16
2141320230,654499.44
9536601295,407328.94
2424400130,405617.72
5210200081,473971.9
4443800785,539789.3
7292700005,547327.75
9834201205,315846.5
3275800050,305004.2
6926700654,706709.8
7511000140,1.386531e+06
6821101895,601848.94
8964800695,1.2814981e+06
6821100195,708794.44
1226059105,623899.8
2806300070,1.2181815e+06
1720069029,339618.53
6384300020,471830.0
8928100125,569311.0
8562770720,583891.4
8650300130,679608.25
2126059172,439416.9
8812401450,784518.1
6646200280,632627.75
4021100045,541581.06
1155620190,414738.0
6061000010,390708.0
3362400472,386216.03
9558020240,482259.12
7309100270,524361.3
7137950210,322556.3
7849200635,211265.28
1311200460,241008.84
284000095,1.1990535e+06
1509700050,312460.66
3438503014,282548.84
9406450090,361724.16
5096300140,402074.62
8923600020,1.463342e+06
809001070,715840.94
2291400342,294517.38
644210020,898828.1
6700390090,249835.5
5631500285,679342.94
104560120,271235.94
6413100311,413233.97
2558700090,397430.16
1471590060,712242.2
8914100170,557046.6
5652601035,390460.0
7852120140,725110.9
6163900952,357976.8
5215200050,850042.1
6352600490,764745.9
3912000020,628947.94
8830400135,231953.02
5467500040,434722.7
9406570300,428310.62
109200390,213973.33
2025770310,678488.06
1939120450,651631.9
7524900003,2.9131372e+06
3755000120,362218.2
2473002850,504659.66
7625703945,399215.03
9477000190,415038.8
1727500230,400068.6
7011201087,456055.25
5561300750,483672.56
3969300030,183135.39
8097000330,317260.8
2025049064,764125.9
985001321,239623.05
1775500050,498691.53
8849300160,371717.25
2316400285,531368.0
2423020180,671328.44
7128300500,502916.22
9512501400,414314.5
7200179,203739.69
5490210670,499277.12
9527000330,553144.7
1972200326,547589.1
4151800195,618400.0
4046500320,382795.38
9834200885,571564.0
8161020050,526813.9
2891000750,195646.56
3426049031,1.1860638e+06
7387500195,296820.9
6303400395,161156.92
638100015,435025.06
4107100204,2.1764965e+06
537000255,215783.48
985001266,274714.2
1137410040,477822.88
7229900250,247626.47
3905100840,502624.9
8100400160,668820.25
1346300150,2.7970178e+06
1443501020,218856.31
5490700035,352983.3
1954600050,391235.47
8122100690,481451.47
3663000070,511972.9
5101406375,432440.5
426059055,657361.44
9268850160,408162.2
8731800840,254255.39
3331001910,344533.66
7603100020,1.002858e+06
809002705,873286.8
4364200075,274280.6
1113000430,181995.98
1176001117,624136.56
3320000212,384751.6
9286000150,1.4302222e+06
301400830,221796.6
425059024,680481.0
8835350300,535151.44
7100000135,303960.6
7696600240,201700.83
9808640320,925420.9
3764500180,586598.5
326049060,592006.3
4017110200,441280.97
7224500300,223131.98
1560930050,511263.75
726059395,444678.22
8964800890,2.8470015e+06
4045500620,619089.44
8562710250,1.03117325e+06
1775800710,373825.66
9528102865,800237.3
8096000060,672139.44
1591000015,283050.53
2310000430,299975.75
3902300350,604172.1
4068300280,286042.12
8732130730,252032.8
6791100410,514320.25
7660100236,419532.78
2568200070,829307.6
7697870310,267608.75
8562901100,628480.0
4016800120,322610.16
7338200180,544757.0
6791400320,237472.88
616000200,460022.66
2917200675,509808.3
2926049086,576959.2
3621059048,452799.1
7987401095,653790.5
5589900590,390224.3
855700170,508704.44
4030500130,297574.16
1755700060,377207.06
2413900050,714321.8
2489200250,472760.84
420000085,256739.23
8106300820,445474.1
8651730580,451255.22
8106300090,457885.22
9842300095,375327.6
9477000280,376979.25
2877102495,446901.1
868001030,950117.5
8564860110,543724.8
6762700452,524072.88
3294700310,180929.83
7231501665,241943.28
7525900050,600536.06
7882600326,1.3667895e+06
104550690,276952.2
3425059076,1.5680832e+06
8835770170,2.6955648e+06
2581300010,1.2390139e+06
844000180,315649.22
7888100240,248747.86
3845100670,455763.4
4027700812,443134.2
291310390,338771.44
9550200370,621424.8
2328800130,295900.4
2372800100,244691.8
2923039264,664181.75
9282801720,283564.28
9520900230,639980.94
985000955,261658.3
1099600090,221577.97
9211010320,552252.6
3825310820,793282.8
9545240180,560545.9
87000245,248996.31
5041300100,595242.7
3624039150,233724.27
1370804430,583455.75
722079056,459484.9
9126100815,517578.5
1770000490,347123.53
3995700250,393900.06
7214820400,426595.9
2473411130,361531.47
1824059079,976876.6
3080000030,488001.5
984200540,307547.72
524059063,1.8649321e+06
9482700475,734414.06
8024200820,540024.4
8568700015,380419.7
1223089050,348150.75
2205500400,467620.5
1279300085,663829.94
7376300085,478568.2
322069020,415915.4
291310150,351316.34
724069059,1.7484831e+06
5255200220,413079.62
1931300850,439843.28
4427100105,425535.78
2881700231,382668.44
8641500280,273917.3
5406500440,658751.4
8078390150,679456.56
8945300090,194280.11
8819901030,875715.5
3179100220,921878.2
2126079046,392461.3
2621750350,331349.66
4014400190,454310.38
7853420110,603317.7
2114700368,263513.84
3438501081,265413.9
6850700670,845357.4
3352402272,247198.52
4157600150,662245.5
8151600941,273854.78
5160300030,589735.44
3820350120,310792.72
7338000800,189094.11
3359500110,773815.8
8016300240,616519.4
7203120050,805879.44
3322049201,228795.06
7231502505,203068.92
8106100105,3.8136812e+06
3895100039,888263.3
1001200035,221331.92
2724201202,220522.62
4038100110,514585.72
8827900015,610172.25
2644900109,420502.88
302000375,221764.77
1604600095,410320.34
2600040160,645474.2
2129700525,298305.97
603000555,420100.94
4083302225,815330.56
7298000090,397620.75
2484700015,594230.6
8945100320,190692.25
5112800042,398498.84
8091411100,290428.72
7375100070,445406.6
7577700061,628995.4
7923700030,454062.06
4235400186,372941.1
1498303700,714457.2
3876312350,423665.44
3797001815,477126.94
868002015,1.3761139e+06
597000550,392550.75
8956200530,420718.72
2207100165,510957.7
7942100180,220420.97
2468800040,360550.28
9842300036,355498.47
5700003985,2.0778191e+06
2988000070,388218.16
8857320260,517826.9
2600040130,557822.4
6632900452,607416.25
7518505910,534015.44
1672000170,628547.94
2597800010,584841.25
8562790720,748945.3
4219401080,1.8796202e+06
7000100711,758339.9
7954000125,582219.2
5700003640,2.1192658e+06
5700000275,667645.94
4019301205,454417.94
8943600360,305933.0
2954400400,1.080105e+06
1321400060,276634.7
2255500123,649349.94
2781260070,429035.03
1313000220,712398.3
1125069153,1.828543e+06
8899000310,260660.61
4139450360,880929.9
5511600315,549940.5
3575302575,525030.94
3226049054,510977.56
274100090,317485.0
1545802080,247392.69
6669020500,304887.56
3307700405,601075.56
3760500407,1.6390705e+06
7853270100,693035.7
9320350020,492903.9
7715800430,458629.34
6791400100,365460.25
7708000010,355574.8
1448800010,279350.8
1782500035,336119.22
3449500050,501716.9
2856100515,844072.44
1245000461,1.0135015e+06
1219000043,368252.2
5409800110,358483.88
2680700010,606822.75
8143100350,361612.88
2597150270,307489.38
2966800010,335360.56
8854000010,610939.44
2207200635,442465.8
1722059222,333045.38
9358002305,386920.44
6392001950,491611.72
3630080070,409280.6
3797001702,899258.3
8127700440,654472.6
1446400785,230267.0
5016002275,949698.6
2818100060,1.1599369e+06
6431000748,410196.78
7972600450,281747.12
8078570380,305939.62
7889601320,201696.45
1762600280,1.1993148e+06
3026059085,1.5162726e+06
3475000080,679421.2
1370802620,619685.25
5151600285,289333.62
2722049218,333207.53
7696300080,379177.1
4168100020,226427.81
1474000050,436153.78
2473480350,323102.56
1139600270,308760.25
6699940120,373632.16
7016100120,425432.56
6752510010,764881.8
7915100490,611601.0
984210170,306465.66
6159400030,432373.6
3013300968,389377.06
6404600006,236966.73
2770602170,445797.25
1922059401,235821.03
291300010,351036.97
3856905185,535755.4
7304300905,325552.53
3416600185,601135.94
1786810040,706023.94
4354700010,420641.44
3902100175,952191.7
4305600360,470470.4
3622069114,591689.2
4376700570,631701.0
6795100589,577496.25
3344500085,475663.22
2206500105,412240.22
8731900880,425241.03
1682000160,218666.23
5104200380,260689.86
1982201595,553955.6
795002190,199999.03
7228500375,528663.25
9412200280,450353.38
5071401000,917453.8
597000566,327710.6
8151600101,193122.22
2028700265,505543.38
1670400090,164159.84
7851980100,1.0141198e+06
5595900345,485363.94
4046700300,378980.88
4324210120,275281.4
2616800050,567933.3
1525079069,620092.56
9828201020,513292.06
2723069146,648450.06
9468200100,549752.8
2883200961,570328.0
1137300690,682516.0
2473100280,331340.47
723049448,260613.45
3066410810,667711.75
5700003280,1.0994309e+06
9268200440,421905.75
4053200410,254628.2
1234000704,1.2991474e+06
2473372170,403238.88
2523039239,263888.72
4324500490,199144.55
238000244,430863.8
1105000571,404979.1
1771000430,309487.06
666000142,908272.2
3389900800,447612.2
3578700017,603896.7
3629970190,720314.5
255450250,341676.16
1154100205,262225.2
3629890190,1.03199325e+06
3905080870,531843.2
8155820110,304633.5
5135000170,805134.8
2464400435,695425.5
9482700080,546341.8
318900080,449109.8
9477001410,396752.5
825079019,647736.8
1471701200,424350.9
5606000120,973297.56
7853350220,615182.44
1776460110,414284.0
3904920980,678231.9
8087800430,580708.4
3298200320,447079.3
9122500080,311851.6
7893804845,323371.3
1370803730,634983.7
8001450170,292368.97
5561400260,696140.0
7308600010,715350.6
3524039060,320189.62
7300400150,371625.53
207700050,519473.06
5595900355,230245.05
2652500285,787272.7
6744701310,1.8915202e+06
525069127,1.2759774e+06
3334000050,454051.78
8682220390,693584.2
4038700380,562219.4
8073000265,395933.56
9521100960,691500.7
5634500688,673078.4
6813600440,424058.34
1072010350,529197.0
7853301700,651015.8
5141000571,251452.6
2013802060,584421.94
7852070210,1.2889518e+06
1402970070,353731.03
2310040020,387000.12
646910560,237217.89
6647400090,413408.66
8682231110,538633.8
4376700330,606215.9
8069000075,699182.0
7147600220,202003.02
4142450330,254324.98
5101404698,440645.44
6154500070,930561.44
1592000640,599298.7
3756900027,495131.38
7203220130,985272.25
643300010,501461.25
8651720150,509608.22
4139400910,772397.5
5054800110,314196.06
8835200330,400766.06
7682200340,259225.2
7203600745,420029.53
1895000260,250420.38
7922750020,553188.9
5437200050,374247.16
8732160250,274939.88
1442870440,495836.97
1471700410,378755.7
3204800330,340588.06
1923000160,992105.1
2719100013,441297.0
3814900380,385377.16
326049038,516161.7
1068000110,983603.44
8835800010,1.2630551e+06
1560920200,463476.88
1668500090,744462.8
2597530070,876140.2
1139000035,572961.25
8032700072,542911.75
7732300390,706976.8
5130000080,465901.1
9276200890,459866.62
342000036,445197.78
5126300060,490093.84
2331300505,732581.7
8651410090,193520.86
200800330,460989.34
7520000616,312748.03
7170200110,489829.03
3021059155,211242.53
3582900280,831387.6
7340600845,246290.61
3905040060,520191.7
3224800120,318939.2
6021503740,505710.5
2570300130,437563.56
8121100395,434512.34
3356404198,267156.9
3630090050,708899.3
923000413,476498.88
9201300020,1.479035e+06
1777600210,679113.56
7738500731,3.5390008e+06
686900010,906090.56
7967000160,330797.8
3413700130,626791.75
7852190290,561518.56
1180007375,695936.2
3353404510,356966.97
7802900380,319301.2
8021700715,705521.56
3205100080,418316.4
4477000290,505714.56
1118001645,1.544168e+06
7979900806,316049.72
7228500415,641109.06
7212660640,316424.16
3826000735,196112.11
7714000250,437800.34
4400200057,723944.25
2487200279,628555.9
7140700690,266752.84
3304300080,595591.3
2887950110,254698.38
3760500222,679539.56
9269200786,361202.8
3734900110,250430.67
5045700400,551722.5
2140950130,485563.7
2612000200,401800.53
8563300085,421213.8
2425059173,666810.0
8091410930,313580.0
9422400035,659625.8
1112000100,694438.44
1323089056,444898.25
5015000596,911310.9
1535204165,515535.3
1438000430,471741.38
3222059130,541681.9
1982200330,613713.2
6624010010,246689.66
2303900035,5.0120315e+06
259600620,545007.0
6072500490,561803.0
123039633,341845.38
8562780090,334500.97
5249802240,599835.7
6071200400,556902.5
826069002,416964.16
2625079030,736915.75
6742700210,1.3279278e+06
9253900408,1.7761311e+06
2560803085,269747.1
1237500540,420241.6
425069020,1.0910342e+06
9185700440,2.6768868e+06
8656300345,383038.9
4245400045,268292.66
9834201370,436205.5
7853300770,418006.78
9551201295,483699.53
898000220,229615.94
3834000720,346409.53
1245500690,798075.0
4083304190,654924.3
4178300080,758648.0
2960900045,541005.25
1446801030,258956.08
7855800910,802130.6
7853310150,579143.56
8732131090,315926.12
7967600285,449482.5
8651520510,531278.44
5379802650,238053.95
1425059174,494904.75
627300105,891726.5
3124089049,512881.6
1778350270,706760.5
8691500410,331092.84
9169600043,600075.8
100300500,289891.7
3221069054,745373.5
4443800385,508825.9
7922710450,737678.7
7880020030,715738.44
3288020050,339330.5
4136980090,976722.3
1687000240,314413.28
7812801785,220923.12
1126059144,703755.8
792500260,401436.0
3222049055,763741.8
8635750090,657992.2
2767601280,812433.0
5347200162,189455.5
7503800210,279861.75
3394100020,1.1588865e+06
7663700783,422998.12
9454200030,388413.38
3791500050,347043.44
582000185,581922.06
3211230260,412920.8
323059103,377155.16
7297700055,344537.12
1545805460,264028.6
2341800195,328589.44
6648700150,285373.5
3860900035,1.7851418e+06
1980200236,610016.4
1180002745,280050.72
3275890310,700883.56
6840701100,505950.9
8651402750,224689.05
1588600045,399644.4
2422029094,356069.1
1702901500,367728.12
3755100005,486859.22
3624039074,326762.78
7950302995,420211.97
5273200060,628818.06
8025700460,277250.66
280610020,796653.5
3333002450,261021.2
7379600240,518684.72
4058802300,280327.8
302000065,196250.62
9527000180,492801.12
3626039403,362742.22
9510900360,255419.84
2310040230,378594.62
7308900490,673479.4
2206900065,405176.34
324059161,1.0700776e+06
7345310100,269960.8
2422049107,395957.3
8146100095,684776.8
87000283,349061.88
7937600010,302261.56
2618300350,224351.05
224069102,507188.38
7129302095,250395.11
7352200025,1.216318e+06
6163900333,321546.47
3528960020,680498.2
1687000220,314439.22
4141400030,589922.8
1822500160,344839.16
5467910190,355138.72
9331800580,327242.16
2407000405,219368.69
5466700290,289982.84
3026059361,477408.94
1523069096,492178.72
3876312010,417419.0
8832900135,691867.0
9238900616,558187.25
4142450040,281930.8
9282800065,271348.9
5379800862,341240.62
2459950010,268969.38
4435000520,250544.88
1552800010,292354.9
7549800543,278004.75
9828200460,410548.2
6345000160,939455.94
7129304105,354106.4
4302201005,308241.3
2450500110,741746.3
5166700050,495819.4
1085623710,394782.22
1123049129,296513.34
8566100200,1.0268737e+06
1774000780,469442.12
9492500170,861801.94
686530530,623961.25
4022907770,603627.75
6052400975,281280.12
3438502501,432986.84
3758900023,1.3109794e+06
1645000580,261266.12
8099200030,241346.67
7635801371,473796.28
3456000310,874043.4
2025059150,761954.56
2624039114,565057.44
3348401095,320246.72
6633900170,544892.5
2600000510,668586.4
9414700020,359284.44
3204800520,347814.28
1844500025,343099.53
4137010590,388951.03
8564950280,507196.16
1338800491,985443.7
4058801702,1.1899829e+06
461004720,583553.3
3123059107,629903.7
6819100380,554107.2
1193000390,1.0225975e+06
3450300270,367122.97
3110800040,270042.8
1437910090,482442.34
3645500050,492652.3
4338800600,300709.06
2114700530,388167.5
6381500450,348860.53
9206950200,275528.06
4232900940,775975.6
1025049174,1.2393058e+06
7774200070,619712.8
1231000310,482001.47
8155870200,309366.44
7935000625,1.180421e+06
2426049079,364600.16
4037500230,520687.34
2331550120,317854.25
7974200765,521642.22
686200510,593603.06
4024100670,493377.72
3834500195,495575.44
3526059115,618741.8
7950304075,370382.4
1386800054,288171.47
9834200165,585155.2
6147650300,309413.4
6891800360,566853.94
9170500060,549920.6
65000260,819774.2
7784400130,505116.9
7941140070,369639.78
2122049096,172070.55
6003000851,347173.9
7203220050,1.0031263e+06
8898700960,283802.53
5245600105,213870.78
3530470190,240008.53
7883603965,323239.06
4022902505,478202.9
3211100240,359963.6
5119010090,476093.34
3821000100,261153.9
7301300050,383413.0
2171400197,361262.2
9471201175,1.5213926e+06
2473450200,366118.6
2258500045,425868.47
1139000400,517931.25
3298701025,253355.33
1498302774,278047.2
9276200190,607377.56
2909300240,673958.9
1250200693,567525.5
3101500010,373492.3
2557000630,288338.88
1324300091,398597.56
2826049260,479115.28
3342100421,734315.8
3524049083,402636.6
9103000393,1.4823855e+06
3121059033,282557.72
7853240200,606033.25
7950700120,291304.84
1822059057,168833.58
1219000473,318025.9
9272201385,678888.25
1336800185,1.188704e+06
9268851630,470536.88
2788400315,235373.77
3529000930,548148.7
5631500967,453063.56
2188201010,254457.39
8562970040,726643.8
4415600030,398640.4
2473251170,254992.92
7511200020,539552.56
1163400020,280180.84
5412400180,262402.03
255450400,355251.94
1687000210,314413.28
6749700004,337875.84
2738650030,627105.94
9136100420,735740.9
1924069115,880470.9
714000155,589015.94
904000045,705987.25
3395070640,293282.78
6308000010,681432.56
2695600130,335421.3
3626039279,399629.1
1623089039,262845.7
3438501327,341392.9
8118600025,379201.97
7625703435,858145.06
1807900300,685433.2
1862900360,282810.28
2768100186,459018.28
2524059269,1.0605254e+06
1126059108,1.0136927e+06
7856610130,800029.1
7203000200,249612.36
3630120700,774125.5
1612500090,218852.03
3586500620,818505.8
5207200360,443554.78
6675500035,408313.97
1781500385,320933.94
1150900080,822073.1
9541600355,878678.25
7525530670,754876.5
844000375,357803.3
9578140180,337335.94
9558041130,319235.4
1788800910,182678.25
9550200225,522965.5
8643200055,256335.39
6143000020,296275.44
8941100095,1.0491019e+06
3630010020,426797.34
2895800610,302189.25
822039084,854704.3
5423600080,570778.06
3992700775,459129.66
3816700150,442537.75
4083302485,722148.75
5127000810,365296.66
1725059182,1.2253926e+06
9485930120,369427.94
293850040,640767.5
8731981940,334565.94
3330501545,306202.62
1026069061,792932.5
8121200710,534591.1
3764390100,417326.12
9493200010,310515.28
2902201301,741745.0
3444120130,421983.47
5256500025,469239.7
4022902715,603983.4
871001500,733019.3
2329700440,195063.14
1773100275,207099.12
7852160070,1.02155394e+06
2141330560,614403.2
2505500009,775269.6
8647800150,326811.03
4337000200,316538.8
9264901680,255533.08
1773101050,320028.06
9320990120,306464.78
8856960280,317836.53
5589300585,287265.22
7935000595,1.0310607e+06
7203150080,664841.75
5616000030,307034.66
825059178,3.2452625e+06
6666830390,740014.1
8732900840,640664.56
2095800520,503994.5
1771000760,331346.94
1901600090,389357.3
8857600680,243458.42
4038700830,628885.44
8956200070,405327.9
8081500050,1.9877902e+06
567000755,425539.75
424069264,744937.0
1564000410,815358.06
2817100910,362335.0
3303960080,903294.8
3340401535,182556.44
1622059095,300329.28
3278601940,359626.75
7202380120,479777.7
745500010,713266.25
6608500220,423263.22
8024201055,389971.44
8929000140,462602.84
859000160,310399.84
8673400061,396426.78
1269200229,1.1294105e+06
6705850300,792425.3
3395040550,333517.9
1697000370,219003.64
5245600120,258786.16
8892900180,218399.66
1794500360,770654.94
2025049192,550736.56
1930301325,922424.6
4217402162,1.3639474e+06
8126300410,536179.5
3345700215,646142.8
2887701420,427843.5
2887701251,476508.84
4036100175,666219.2
6762700515,1.1773514e+06
3192000085,199264.72
226059096,1.3737272e+06
9238900855,583889.3
6706200130,324276.16
2744000010,255169.81
7202271060,682376.06
7923200150,559991.4
162500030,319022.3
2571910210,263527.6
1523059105,378182.12
6052401215,271501.5
6626100260,739638.06
8925100115,1.2356174e+06
5459500165,689232.06
7686202635,183364.42
1118001370,1.3392724e+06
122029066,477790.16
8039900130,321903.4
3262300235,1.3714269e+06
8860500300,325849.25
8956000250,533293.9
1646501920,539634.06
9284801500,429181.94
1442880380,477715.66
1311500020,244781.9
254000695,345009.6
9477101280,415115.38
9510970530,687704.06
6891800500,603137.94
9407000230,308422.66
7202340590,759950.8
8151600590,376930.16
9407001600,335986.88
1771000690,310060.38
1525069134,1.0632645e+06
8645540040,283838.9
9414500200,438975.1
7883607645,201706.38
3845100140,326495.38
2726049164,446092.34
4340610040,315165.8
1245003006,1.1460822e+06
1105000373,293439.06
6083000123,219181.33
1777600450,654759.1
9558000100,406749.3
2473002060,318153.8
943100689,361802.34
7544800395,424473.75
1931300090,625611.75
7936000252,613229.3
7987400316,197081.7
5152700060,676586.06
1721801025,222627.39
3438501450,329131.78
9222400510,428301.16
1796700160,262797.12
323059208,379142.53
3392100050,185684.88
4038500210,721447.4
6324000090,406239.53
7549802535,423566.2
3343900326,435165.8
5701700640,845444.75
5249803185,512735.44
8838900032,821106.1
1237500577,929560.56
8642600090,338539.2
3303100075,474149.06
2133020020,393308.62
7950302890,504075.84
2770601734,605027.3
2538410140,328756.47
8159600360,579938.5
917000300,460600.3
2391600330,409744.5
9285800585,453303.34
2005950050,244418.34
6450301835,354143.53
2473480520,340481.28
2818600010,1.3217992e+06
952006728,322663.0
3422049088,326128.6
3629870420,883483.6
1079350090,321176.6
1509500060,389520.78
4039000050,517679.72
5288200230,697756.75
626400020,745459.3
5457300095,2.0801475e+06
5000500055,228275.1
324000530,468262.25
6713100031,422289.62
3316500200,530121.2
3124059006,1.3645624e+06
1125079111,1.6074282e+06
7852020300,460546.06
123039364,225703.36
7883603190,295340.47
9828700900,613241.8
6821100015,679186.2
9522100375,665123.3
2420069201,247721.84
7504110330,744501.6
475000510,543116.5
2425059074,862813.25
7518503685,500269.88
5466400550,217688.28
7852150720,412315.25
3066400140,638246.8
3298400470,562655.06
2902200874,780890.2
9500900110,204597.78
8835200160,324320.47
6056100295,238806.89
1858600042,365303.1
7224500010,275471.06
5457801925,862795.44
7575620750,261876.08
2391600735,502972.84
6192400180,783737.75
5249803870,561814.56
3575302880,409770.6
7225000045,180422.4
5561720180,278030.9
1972200428,498474.06
892000025,190810.12
2944510080,289393.47
2428100100,798109.5
6647400250,448412.28
121059038,381933.34
6398000191,574905.94
526059103,299553.56
8856960720,290094.3
3832500260,258714.86
1623089025,519369.06
3625710080,1.1445339e+06
6446200060,722444.9
5706200370,499937.62
5515600088,240219.05
8029500360,350260.25
6700390150,235703.03
642500080,414989.12
6150700264,364480.5
2473371780,355249.56
3905120540,583422.2
2652501215,726918.2
3176100110,705211.0
7574910650,780436.25
6385800030,297909.88
4443800960,561340.9
8731951490,290366.34
3380900125,387570.44
9828701508,652887.44
6699950310,372410.5
3321049112,424808.5
1824079052,988986.7
8032700140,769867.75
8679600150,555861.2
5040800120,911745.0
2026059119,384073.7
4024100951,411892.0
7212650990,311544.66
936000060,404797.03
6181500340,335981.0
1137400050,420692.66
3324079092,460328.28
4268200055,290416.0
6145602240,343025.75
475000176,431022.53
3279000120,234273.11
9392200030,259836.06
3438500714,324412.34
4306500070,363853.28
8588000610,179434.06
792500190,388903.44
2461900850,486078.78
2660500365,385836.78
5451210100,977636.44
2787000040,352870.03
3278602670,238336.4
9528100899,654299.0
1324079085,379225.28
9477001140,364108.28
9521100880,689033.2
7853210060,424836.06
1326069094,479772.72
3420069065,332924.22
5468730280,254521.8
5437600140,337461.44
5127000410,367599.66
5445300050,623452.3
3375300360,247088.36
9297800165,557163.5
6021500840,656483.1
4323700230,411693.6
643000110,266096.28
8043700105,2.6208745e+06
6824100014,477310.44
9542830480,333042.84
736100065,1.1896864e+06
2592210510,872492.56
4233600260,1.0979821e+06
1266200015,782887.2
2787700060,374741.16
8843900396,397153.94
8029500380,271971.47
5292200010,459102.5
1773100980,298022.7
2886200070,574494.0
8594400110,326291.4
9268850180,349847.3
4141800285,1.5554001e+06
3188100007,443007.3
1796380960,262995.3
7202330030,486938.38
8078440140,546792.2
7983200060,225071.34
4427100025,424586.94
2113700510,279760.38
6446200305,596223.8
3425079088,589099.0
3304040130,348257.12
3222069153,296090.12
5127000470,397950.22
7525100520,421909.9
1868902745,803224.94
2920700220,410430.78
1105000780,451712.66
8563080020,842131.25
3630090110,705605.75
856000195,1.8701168e+06
8649401000,267460.28
1315300095,728613.7
6802200670,244760.6
1523069022,399433.9
2624049165,422368.7
1972202080,578684.44
7211340030,284710.47
8850000180,396576.2
2787250080,508535.84
4235401055,497001.44
5226500250,493717.53
3294700421,320320.7
322069180,621789.8
1025059186,494767.9
1923039022,618831.25
1402600110,379421.03
6817810190,382376.62
434000030,637116.56
6056110460,697218.44
4337000285,306479.38
5710610250,548234.94
1049010620,228596.4
5112800234,372500.9
2309000060,520815.28
2985800030,481802.06
1604601570,408292.66
1563102435,785890.9
257000105,189570.0
6788201440,859069.9
1442300005,414527.88
4055700784,818469.6
3889100029,798200.0
4139450760,976664.1
6079500230,683278.75
259601010,443485.84
3980300020,275721.2
9390700100,539968.0
7200001005,503650.12
9264920250,269751.53
8682260470,430340.9
4083303815,825960.7
7383450250,360410.72
253600180,420134.56
1450000210,174075.95
1133000100,459008.72
7511000050,1.1767181e+06
5710600030,533705.0
4178300310,732546.56
3041700570,528006.4
1238500978,399913.6
431500155,612919.9
2937300050,1.0590628e+06
1352300315,158799.11
3277800823,351617.6
8895800110,1.0805126e+06
9274200318,604506.9
1118001805,2.1303268e+06
629810720,814368.7
6852700476,610012.9
7345200650,235265.62
8929000290,457514.8
5506500170,562808.56
8899000140,249934.64
4006000423,310760.78
7137910140,242040.58
2423020010,446580.9
40000362,133243.38
1657000070,224060.84
2124700015,248833.31
1887500045,256670.53
6838000170,472626.72
1310910290,323874.28
3599600276,201712.86
8142000080,399140.44
8856971000,279816.34
624100950,810186.0
2767704332,454260.38
405100165,384196.75
6117501755,442968.9
8961950410,321700.25
1523550480,569764.06
6840701160,607317.44
3331500650,317831.5
1862400517,358492.75
9558021000,349425.84
1310800090,207887.17
5104511040,353738.9
522059189,248116.34
3448720020,400801.3
1310700330,307334.84
5649600462,362765.6
1853000510,976548.56
8128700005,304381.47
6352600210,816547.1
3754500010,761332.94
1962200475,879752.94
1773100765,249610.73
8895800200,964355.2
1310900260,315702.16
809001525,938537.5
2624049103,320806.3
9191200380,629367.56
6600060120,469949.88
8150100045,263945.06
9558010190,357868.44
4038700930,603815.06
2883200775,580429.6
4036800910,473491.78
8673400177,579463.0
7110000068,935876.0
3279000240,232131.77
9545230280,521193.56
8815400105,576830.6
6738700075,809017.56
8732030490,282317.97
9532000070,574077.3
7752400075,547393.44
3824100051,412683.72
2768000270,504711.6
108000127,533060.2
844000225,300948.06
6817850040,1.003104e+06
4447300137,881208.4
8598900125,416890.72
5072410070,496771.4
7129300520,220230.2
3830210020,186364.89
4137040250,298927.44
3022079080,640448.5
722039087,275660.03
3924500040,707673.6
2473381090,334157.7
2201500490,431513.6
9265410090,218325.45
9286750100,376251.7
2023700040,658552.3
324000280,659942.5
3814800280,364078.94
7697100030,493690.06
8731900790,349098.7
8044700010,605250.9
6123600100,215386.73
1450100390,158238.16
579000550,499017.75
2459000020,310927.28
5016000315,440425.12
1193000190,821926.5
4038700730,590106.1
1556200265,715846.9
6600410170,203547.95
642800130,822264.0
1043000100,372154.06
7809200055,242344.47
7010700308,940607.2
8680500090,584662.06
2719100355,682344.2
7905200147,545496.7
271200130,235931.94
326049103,486181.06
8682211030,426648.22
1070000390,1.1542721e+06
8648700450,617480.25
2695600410,459167.28
8562710640,1.1390425e+06
1525200060,621857.3
1822039138,847148.44
2767601375,516297.7
3425069117,1.3832925e+06
952004570,339200.97
7625702616,305038.25
9818700430,483743.47
2822059091,277375.9
1775900220,353836.88
6371000079,645709.7
293760150,951395.0
1336800880,1.3333594e+06
2771600550,967342.1
3905040040,517569.1
7787110060,446952.25
7708250040,352753.22
4022901316,474211.4
191100235,1.0209846e+06
7852050220,319194.3
3293700480,406139.47
2597450620,1.4264439e+06
6169900580,1.7753075e+06
2767602855,766189.1
810000080,912959.44
6392000625,511791.34
1865810290,208641.69
1568100380,319869.5
5249804760,399673.53
1337801060,888507.0
6181410950,201898.97
9264900660,301927.84
9122001231,742760.25
4427100030,395148.12
7334400070,304281.2
425079001,587879.56
7436500360,479999.6
1245001295,670047.75
1310500550,289072.2
4047200950,271490.53
9103000455,871109.06
2291400341,316806.72
3876100310,369256.12
7131300031,300212.2
7853380510,701702.4
7409700215,651146.56
5248800250,417616.25
126039323,464527.22
6632300207,364272.38
3826501060,257861.81
8024202520,433566.44
3343901401,473278.0
6431000005,584647.44
9232900075,366298.34
3056700150,216630.97
5104511250,467406.25
3658700510,633647.1
2895110062,338677.9
7454000990,281657.75
4038700680,612833.25
7811220070,597086.2
8091670030,368606.16
3438503045,243836.72
6388900710,477845.72
7956300020,173563.03
1775930440,507885.47
1762600190,1.1798789e+06
6600400260,213444.44
8728550150,618817.1
8155500110,611489.9
9169600135,462528.62
1777600490,707625.0
125059179,598442.9
7558700030,4.916659e+06
1702900624,332308.88
3343901403,558400.7
5101400994,343634.28
5547500050,271259.1
1705400350,382618.22
629810800,872237.7
4104900150,574788.5
7888000390,189375.81
4140900270,379675.56
6649900030,469413.7
820000012,396735.06
6151800080,352503.78
7454001060,256270.34
8682262330,427925.8
1566100010,410418.72
1180500070,391888.28
1112630130,404673.3
3101500090,433228.56
8682310220,682535.1
4032500035,475540.25
1623800440,548820.8
1088400190,257143.0
751000080,387991.38
6675500070,388147.44
2193340140,513729.4
522049074,387986.72
3204500340,270955.25
5104200470,455815.88
7517500611,680721.9
2946002140,270839.56
7631800110,1.0916592e+06
3529300330,351678.16
3885801970,633130.25
5456000570,1.00970344e+06
4123810090,350398.25
4037000635,521724.38
8079030350,476433.2
1726069060,729714.9
6858700225,239598.97
3356406510,217239.4
5423030040,598001.2
3111300040,475835.94
259800060,497289.7
1972202320,543206.06
5100403818,376156.03
1422700040,248975.56
3625049014,2.3836065e+06
7852011040,559452.6
1201500010,695105.3
7195800009,300848.6
9407001320,285897.38
9508850100,654651.9
1328340380,245363.56
3885804305,972463.3
7128300630,610745.5
7574000080,427077.38
3744000150,465868.94
2607720150,500142.97
7203190110,738498.25
3904902430,691229.25
11501160,792049.2
9209900315,526306.2
9465910030,614517.2
3622069103,648346.94
3288301010,450314.5
4395600060,1.01613575e+06
7694200380,369719.3
9552700550,697125.56
9264921110,281666.7
6738700225,986374.4
293620220,848873.2
7525300310,608916.4
3992700036,421193.9
3577300040,482125.4
3812400202,200971.89
2402100055,671453.1
1853080790,818419.56
1994200260,694561.8
1339300025,820448.5
7616200050,552729.3
4022902555,600250.0
9528102110,635442.75
6613001241,1.7018248e+06
3205400240,316101.5
6065300840,1.7804529e+06
7852040080,489665.12
1920079039,258850.02
2817910030,474918.78
1563102880,807866.8
8561200110,568109.3
629000605,1.2974666e+06
2781270440,215686.12
6152900273,314293.66
3303950130,382933.62
6411600113,382017.1
4055700167,862826.06
291310310,544503.44
9523100550,811012.56
724069070,883716.7
2408800120,374542.62
7559600200,646151.94
8165500790,342051.12
7856620870,889544.25
1588600040,391255.2
1023059246,475545.88
1938000140,808713.6
6061400160,371650.66
4167300350,242242.83
8649400790,257120.08
173000036,330757.22
225039049,581384.6
8043700300,2.5299422e+06
3834000400,389924.3
4054530260,2.0614509e+06
8724300010,635488.6
9358002232,349868.25
3298700012,236112.14
1125059071,850902.5
3885805300,518956.28
5315100784,1.2951408e+06
3861400030,800786.75
7202340010,687128.8
7272001805,332790.3
2781250230,321952.56
1042700300,840924.8
123039279,185675.58
3760500336,1.4796858e+06
6979940100,789277.9
686300880,659285.2
5214500690,436431.6
6021502250,642348.25
1320069223,353778.78
2871000300,770111.1
2724069117,437907.66
1159400220,770368.8
2571900380,279599.78
5528600050,359615.03
7686202730,162830.92
2225059118,901791.75
2558630350,414227.62
3655400060,415798.34
9558200080,298618.97
1796100015,604083.7
3378900020,479319.28
5416500040,291574.38
8856004582,196652.23
3812400107,472723.6
6126601445,469209.66
2997800021,485161.47
1211000280,392396.4
766800090,239076.86
3224079005,279171.28
619000100,405918.66
4319200620,367195.25
626059335,481099.28
3340401570,308044.7
7015200800,675502.7
8106300510,474137.22
1446110020,455558.7
2872900280,638314.56
8965500320,785056.2
7853300070,525272.25
5652601455,725412.06
7579200915,1.1292561e+06
2641400160,364986.75
203900460,398846.5
2998800040,625691.56
7519000170,549494.75
923000425,905221.94
2973800030,227501.39
6430500182,1.0733472e+06
7304301010,362583.2
3861470110,1.9713064e+06
2296500136,690375.75
6790950150,761925.75
8123100045,543889.5
3142600130,614158.2
7137970130,324983.97
8656800190,373344.28
7135300046,269032.62
3629960680,446996.12
1133000385,924716.1
1085621960,294220.16
9542802000,195070.77
8151600973,578540.06
7019000050,389542.2
6021501920,610772.1
7399300420,221004.0
7548300731,537485.9
5316100220,1.1047665e+06
5152600090,305504.62
1703400470,386533.84
7316400070,321937.12
5561300380,502219.28
2215450100,350841.66
8635750330,650421.1
9492500140,860872.44
5315100393,691881.5
8588000315,210903.6
7524200180,246035.4
4235400255,391801.4
326069131,647887.75
4077800026,787657.75
9477000120,343376.34
5608000590,948137.75
4137050130,312100.66
5249801440,523623.78
9264901510,269288.66
5437820250,195795.52
200500410,475295.88
9407111100,305514.16
126039252,424622.7
6141100255,439506.03
3013300830,403460.3
3271300955,845145.75
3021059276,258247.33
9542000050,717852.8
2769600035,810228.7
3824100364,482696.97
1726069202,368452.66
7327500270,314478.22
1189000207,439595.38
2472950160,251335.9
9558040050,493719.25
3438503120,373591.12
9407150240,270891.1
1370804295,665064.9
5700001100,646914.56
6837820030,381170.25
5411600210,759567.44
5061300030,299558.06
525069133,882738.5
2121000250,324816.84
3179100720,619532.06
2780700050,433238.12
1545805820,293242.7
5702380630,247277.25
9211010260,534055.8
7129300595,331996.1
6802200100,236101.75
3304030140,415526.44
2623039019,1.0008792e+06
104500730,202539.11
2924069132,609016.44
1775500310,702362.06
8114000040,306642.22
2011400021,342573.4
7525570020,684432.56
2917200615,452703.34
7697000170,297312.47
7871500070,831224.25
7215722010,535697.8
6300000378,465862.72
7159200005,2.3115708e+06
8946410040,394249.6
3893100327,399484.25
635000009,865648.94
2322069116,457907.1
2760200050,347894.25
3432500210,281856.8
5700000245,553177.44
7588700177,381386.53
9178600135,676456.25
9830200475,491219.03
8562780160,334284.5
9826701665,552072.75
7504010900,687037.5
2770606915,465548.34
1254200075,603731.25
2473450430,366189.97
1433290010,463424.75
7586200061,404437.34
6841700070,526528.0
9826701320,481617.7
8943600720,316836.53
6791900260,761048.2
2301400640,729972.44
7979900210,340842.38
4037200665,407452.53
984000650,289907.72
2937300060,920739.94
8731982190,284123.97
1445200190,271169.8
952003285,790020.0
1402970020,396366.12
2487700274,414821.28
8113101670,434025.12
8682300400,623458.2
809002435,799649.3
4045900147,583990.56
2991000400,286037.28
9456200405,187199.89
5104510370,283261.16
9414610240,502447.94
2111010760,385483.6
1854900430,679364.06
2624300080,812062.2
3645100280,419711.72
1433100010,266480.56
9533600100,1.168323e+06
6743700030,582312.2
9294300070,649507.94
2114700540,234385.47
7853280550,687538.7
868000175,672435.25
1446401290,224492.36
9109000050,322067.62
8856004327,263365.5
2329800110,267633.88
3031200230,420257.12
7582700075,1.6826052e+06
2422049104,157033.4
9274202885,560506.1
1770000090,453807.53
9500900430,235303.14
7305900082,356466.25
3336000170,350072.88
5680000455,663834.2
9808630210,863927.56
8807810110,467638.84
3824100211,456541.53
3423059153,551672.75
3937900120,424396.56
524059323,1.02004706e+06
4305600250,526209.5
1257201375,587587.4
853600150,1.1665754e+06
2424059174,1.8133312e+06
5205000400,300339.2
2658000115,194035.0
3055800020,315556.97
357000025,566736.44
5666300010,312628.56
4167700210,254242.02
9187200275,814914.9
2960900040,405945.0
1021049022,263535.4
7750500120,223260.47
7153200160,1.2759656e+06
4406000390,256974.45
629800380,1.3634464e+06
2026049125,326909.38
6117502230,2.2229095e+06
3379100130,461167.9
2472920140,455323.88
7214720075,640724.94
1771110070,342455.53
5127001600,328640.7
6666860210,352451.88
5467200055,366385.5
7819000040,372275.66
3790700070,289743.22
6362900138,341596.66
597000593,357830.1
8032700070,628795.56
9301300215,1.0422774e+06
8902500118,378099.66
6607000095,393540.16
2163900081,848622.4
7732500270,717647.3
3856903515,620859.56
2557000400,310692.25
4386700135,2.039486e+06
7399000360,341225.94
